--------------------------------------------------------
--  파일이 생성됨 - 수요일-8월-28-2019   
--------------------------------------------------------
--------------------------------------------------------
--  DDL for Sequence ACCOUNTBOOK_TAG_SEQ
--------------------------------------------------------

   CREATE SEQUENCE  "JAVER"."ACCOUNTBOOK_TAG_SEQ"  MINVALUE 1 MAXVALUE 9999999999999999999999999999 INCREMENT BY 1 START WITH 101 CACHE 20 NOORDER  NOCYCLE ;
--------------------------------------------------------
--  DDL for Sequence BAND_CONTENT_SEQ
--------------------------------------------------------

   CREATE SEQUENCE  "JAVER"."BAND_CONTENT_SEQ"  MINVALUE 1 MAXVALUE 9999999999999999999999999999 INCREMENT BY 1 START WITH 21 CACHE 20 NOORDER  NOCYCLE ;
--------------------------------------------------------
--  DDL for Sequence BAND_JOIN_ITEMS_SEQ
--------------------------------------------------------

   CREATE SEQUENCE  "JAVER"."BAND_JOIN_ITEMS_SEQ"  MINVALUE 1 MAXVALUE 9999999999999999999999999999 INCREMENT BY 1 START WITH 41 CACHE 20 NOORDER  NOCYCLE ;
--------------------------------------------------------
--  DDL for Sequence BAND_JOIN_SEQ
--------------------------------------------------------

   CREATE SEQUENCE  "JAVER"."BAND_JOIN_SEQ"  MINVALUE 1 MAXVALUE 9999999999999999999999999999 INCREMENT BY 1 START WITH 81 CACHE 20 NOORDER  NOCYCLE ;
--------------------------------------------------------
--  DDL for Sequence BAND_LOGO_IMG_SEQ
--------------------------------------------------------

   CREATE SEQUENCE  "JAVER"."BAND_LOGO_IMG_SEQ"  MINVALUE 1 MAXVALUE 9999999999999999999999999999 INCREMENT BY 1 START WITH 61 CACHE 20 NOORDER  NOCYCLE ;
--------------------------------------------------------
--  DDL for Sequence BAND_NBBANG_ITEMS_SEQ
--------------------------------------------------------

   CREATE SEQUENCE  "JAVER"."BAND_NBBANG_ITEMS_SEQ"  MINVALUE 1 MAXVALUE 9999999999999999999999999999 INCREMENT BY 1 START WITH 141 CACHE 20 NOORDER  NOCYCLE ;
--------------------------------------------------------
--  DDL for Sequence BAND_NBBANG_SEQ
--------------------------------------------------------

   CREATE SEQUENCE  "JAVER"."BAND_NBBANG_SEQ"  MINVALUE 1 MAXVALUE 9999999999999999999999999999 INCREMENT BY 1 START WITH 181 CACHE 20 NOORDER  NOCYCLE ;
--------------------------------------------------------
--  DDL for Sequence BAND_SEQ
--------------------------------------------------------

   CREATE SEQUENCE  "JAVER"."BAND_SEQ"  MINVALUE 1 MAXVALUE 9999999999999999999999999999 INCREMENT BY 1 START WITH 81 CACHE 20 NOORDER  NOCYCLE ;
--------------------------------------------------------
--  DDL for Sequence BAND_TEXT_SEQ
--------------------------------------------------------

   CREATE SEQUENCE  "JAVER"."BAND_TEXT_SEQ"  MINVALUE 1 MAXVALUE 9999999999999999999999999999 INCREMENT BY 1 START WITH 1 CACHE 20 NOORDER  NOCYCLE ;
--------------------------------------------------------
--  DDL for Sequence BAND_TODO_ITEMS_SEQ
--------------------------------------------------------

   CREATE SEQUENCE  "JAVER"."BAND_TODO_ITEMS_SEQ"  MINVALUE 1 MAXVALUE 9999999999999999999999999999 INCREMENT BY 1 START WITH 81 CACHE 20 NOORDER  NOCYCLE ;
--------------------------------------------------------
--  DDL for Sequence BAND_TODO_SEQ
--------------------------------------------------------

   CREATE SEQUENCE  "JAVER"."BAND_TODO_SEQ"  MINVALUE 1 MAXVALUE 9999999999999999999999999999 INCREMENT BY 1 START WITH 81 CACHE 20 NOORDER  NOCYCLE ;
--------------------------------------------------------
--  DDL for Sequence BAND_VOTE_ITEM_SEQ
--------------------------------------------------------

   CREATE SEQUENCE  "JAVER"."BAND_VOTE_ITEM_SEQ"  MINVALUE 1 MAXVALUE 9999999999999999999999999999 INCREMENT BY 1 START WITH 181 CACHE 20 NOORDER  NOCYCLE ;
--------------------------------------------------------
--  DDL for Sequence BAND_VOTE_SEQ
--------------------------------------------------------

   CREATE SEQUENCE  "JAVER"."BAND_VOTE_SEQ"  MINVALUE 1 MAXVALUE 9999999999999999999999999999 INCREMENT BY 1 START WITH 121 CACHE 20 NOORDER  NOCYCLE ;
--------------------------------------------------------
--  DDL for Sequence BAND_WRITE_PHOTO_SEQ
--------------------------------------------------------

   CREATE SEQUENCE  "JAVER"."BAND_WRITE_PHOTO_SEQ"  MINVALUE 1 MAXVALUE 9999999999999999999999999999 INCREMENT BY 1 START WITH 21 CACHE 20 NOORDER  NOCYCLE ;
--------------------------------------------------------
--  DDL for Sequence BAND_WRITE_SEQ
--------------------------------------------------------

   CREATE SEQUENCE  "JAVER"."BAND_WRITE_SEQ"  MINVALUE 1 MAXVALUE 9999999999999999999999999999 INCREMENT BY 1 START WITH 501 CACHE 20 NOORDER  NOCYCLE ;
--------------------------------------------------------
--  DDL for Sequence BLOGTHEME_SEQ
--------------------------------------------------------

   CREATE SEQUENCE  "JAVER"."BLOGTHEME_SEQ"  MINVALUE 1 MAXVALUE 9999999999999999999999999999 INCREMENT BY 1 START WITH 61 CACHE 20 NOORDER  NOCYCLE ;
--------------------------------------------------------
--  DDL for Sequence BLOG_SEQ
--------------------------------------------------------

   CREATE SEQUENCE  "JAVER"."BLOG_SEQ"  MINVALUE 1 MAXVALUE 9999999999999999999999999999 INCREMENT BY 1 START WITH 521 CACHE 20 NOORDER  NOCYCLE ;
--------------------------------------------------------
--  DDL for Sequence EXPENSE_NO_SEQ
--------------------------------------------------------

   CREATE SEQUENCE  "JAVER"."EXPENSE_NO_SEQ"  MINVALUE 1 MAXVALUE 9999999999999999999999999999 INCREMENT BY 1 START WITH 161 CACHE 20 NOORDER  NOCYCLE ;
--------------------------------------------------------
--  DDL for Sequence HIS_SEQ
--------------------------------------------------------

   CREATE SEQUENCE  "JAVER"."HIS_SEQ"  MINVALUE 1 MAXVALUE 9999999999999999999999999999 INCREMENT BY 1 START WITH 61 CACHE 20 NOORDER  NOCYCLE ;
--------------------------------------------------------
--  DDL for Sequence INCOME_NO_SEQ
--------------------------------------------------------

   CREATE SEQUENCE  "JAVER"."INCOME_NO_SEQ"  MINVALUE 1 MAXVALUE 9999999999999999999999999999 INCREMENT BY 1 START WITH 1 CACHE 20 NOORDER  NOCYCLE ;
--------------------------------------------------------
--  DDL for Sequence JISIKIN_ANSWER_SEQ
--------------------------------------------------------

   CREATE SEQUENCE  "JAVER"."JISIKIN_ANSWER_SEQ"  MINVALUE 1 MAXVALUE 9999999999999999999999999999 INCREMENT BY 1 START WITH 81 CACHE 20 NOORDER  NOCYCLE ;
--------------------------------------------------------
--  DDL for Sequence JISIKIN_CATEGORY_SEQ
--------------------------------------------------------

   CREATE SEQUENCE  "JAVER"."JISIKIN_CATEGORY_SEQ"  MINVALUE 100 MAXVALUE 9999999999999999999999999999 INCREMENT BY 1 START WITH 300 CACHE 20 NOORDER  NOCYCLE ;
--------------------------------------------------------
--  DDL for Sequence JISIKIN_SEQ
--------------------------------------------------------

   CREATE SEQUENCE  "JAVER"."JISIKIN_SEQ"  MINVALUE 1 MAXVALUE 9999999999999999999999999999 INCREMENT BY 1 START WITH 101 CACHE 20 NOORDER  NOCYCLE ;
--------------------------------------------------------
--  DDL for Sequence JISIKIN_TAG_SEQ
--------------------------------------------------------

   CREATE SEQUENCE  "JAVER"."JISIKIN_TAG_SEQ"  MINVALUE 1 MAXVALUE 9999999999999999999999999999 INCREMENT BY 1 START WITH 81 CACHE 20 NOORDER  NOCYCLE ;
--------------------------------------------------------
--  DDL for Sequence SEARCH_WORD_SEQ
--------------------------------------------------------

   CREATE SEQUENCE  "JAVER"."SEARCH_WORD_SEQ"  MINVALUE 1 MAXVALUE 9999999999999999999999999999 INCREMENT BY 1 START WITH 121 CACHE 20 NOORDER  NOCYCLE ;
--------------------------------------------------------
--  DDL for Sequence SERIES_CART_SEQ
--------------------------------------------------------

   CREATE SEQUENCE  "JAVER"."SERIES_CART_SEQ"  MINVALUE 1 MAXVALUE 999 INCREMENT BY 1 START WITH 81 CACHE 20 NOORDER  NOCYCLE ;
--------------------------------------------------------
--  DDL for Sequence SERIES_CATEGORY_SEQ
--------------------------------------------------------

   CREATE SEQUENCE  "JAVER"."SERIES_CATEGORY_SEQ"  MINVALUE 1 MAXVALUE 99 INCREMENT BY 1 START WITH 41 CACHE 20 NOORDER  NOCYCLE ;
--------------------------------------------------------
--  DDL for Sequence SERIES_EPISODE_SEQ
--------------------------------------------------------

   CREATE SEQUENCE  "JAVER"."SERIES_EPISODE_SEQ"  MINVALUE 1 MAXVALUE 999 INCREMENT BY 1 START WITH 101 CACHE 20 NOORDER  NOCYCLE ;
--------------------------------------------------------
--  DDL for Sequence SERIES_LIKE_SEQ
--------------------------------------------------------

   CREATE SEQUENCE  "JAVER"."SERIES_LIKE_SEQ"  MINVALUE 1 MAXVALUE 999 INCREMENT BY 1 START WITH 121 CACHE 20 NOORDER  NOCYCLE ;
--------------------------------------------------------
--  DDL for Sequence SERIES_NOTICE_SEQ
--------------------------------------------------------

   CREATE SEQUENCE  "JAVER"."SERIES_NOTICE_SEQ"  MINVALUE 1 MAXVALUE 999 INCREMENT BY 1 START WITH 61 CACHE 20 NOORDER  NOCYCLE ;
--------------------------------------------------------
--  DDL for Sequence SERIES_ORDER_SEQ
--------------------------------------------------------

   CREATE SEQUENCE  "JAVER"."SERIES_ORDER_SEQ"  MINVALUE 1 MAXVALUE 999 INCREMENT BY 1 START WITH 321 CACHE 20 NOORDER  NOCYCLE ;
--------------------------------------------------------
--  DDL for Sequence SERIES_REPUTATION_SEQ
--------------------------------------------------------

   CREATE SEQUENCE  "JAVER"."SERIES_REPUTATION_SEQ"  MINVALUE 1 MAXVALUE 999 INCREMENT BY 1 START WITH 21 CACHE 20 NOORDER  NOCYCLE ;
--------------------------------------------------------
--  DDL for Sequence SERIES_REVIEW_SEQ
--------------------------------------------------------

   CREATE SEQUENCE  "JAVER"."SERIES_REVIEW_SEQ"  MINVALUE 1 MAXVALUE 999 INCREMENT BY 1 START WITH 181 CACHE 20 NOORDER  NOCYCLE ;
--------------------------------------------------------
--  DDL for Sequence SERIES_VOD_SEQ
--------------------------------------------------------

   CREATE SEQUENCE  "JAVER"."SERIES_VOD_SEQ"  MINVALUE 1 MAXVALUE 999 INCREMENT BY 1 START WITH 61 CACHE 20 NOORDER  NOCYCLE ;
--------------------------------------------------------
--  DDL for Sequence TV_CHANNEL_SEQ
--------------------------------------------------------

   CREATE SEQUENCE  "JAVER"."TV_CHANNEL_SEQ"  MINVALUE 1 MAXVALUE 9999999999999999999999999999 INCREMENT BY 1 START WITH 21 CACHE 20 NOORDER  NOCYCLE ;
--------------------------------------------------------
--  DDL for Sequence TV_COMMENTS_SEQ
--------------------------------------------------------

   CREATE SEQUENCE  "JAVER"."TV_COMMENTS_SEQ"  MINVALUE 1 MAXVALUE 9999999999999999999999999999 INCREMENT BY 1 START WITH 21 CACHE 20 NOORDER  NOCYCLE ;
--------------------------------------------------------
--  DDL for Sequence TV_COMMENT_LIKE_SEQ
--------------------------------------------------------

   CREATE SEQUENCE  "JAVER"."TV_COMMENT_LIKE_SEQ"  MINVALUE 1 MAXVALUE 9999999999999999999999999999 INCREMENT BY 1 START WITH 81 CACHE 20 NOORDER  NOCYCLE ;
--------------------------------------------------------
--  DDL for Sequence TV_HISTORY_SEQ
--------------------------------------------------------

   CREATE SEQUENCE  "JAVER"."TV_HISTORY_SEQ"  MINVALUE 1 MAXVALUE 9999999999999999999999999999 INCREMENT BY 1 START WITH 21 CACHE 20 NOORDER  NOCYCLE ;
--------------------------------------------------------
--  DDL for Sequence TV_LATER_SEQ
--------------------------------------------------------

   CREATE SEQUENCE  "JAVER"."TV_LATER_SEQ"  MINVALUE 1 MAXVALUE 9999999999999999999999999999 INCREMENT BY 1 START WITH 101 CACHE 20 NOORDER  NOCYCLE ;
--------------------------------------------------------
--  DDL for Sequence TV_LIKES_SEQ
--------------------------------------------------------

   CREATE SEQUENCE  "JAVER"."TV_LIKES_SEQ"  MINVALUE 1 MAXVALUE 9999999999999999999999999999 INCREMENT BY 1 START WITH 61 CACHE 20 NOORDER  NOCYCLE ;
--------------------------------------------------------
--  DDL for Sequence TV_PLAYLIST_SEQ
--------------------------------------------------------

   CREATE SEQUENCE  "JAVER"."TV_PLAYLIST_SEQ"  MINVALUE 1 MAXVALUE 9999999999999999999999999999 INCREMENT BY 1 START WITH 41 CACHE 20 NOORDER  NOCYCLE ;
--------------------------------------------------------
--  DDL for Sequence TV_SEQ
--------------------------------------------------------

   CREATE SEQUENCE  "JAVER"."TV_SEQ"  MINVALUE 1 MAXVALUE 9999999999999999999999999999 INCREMENT BY 1 START WITH 61 CACHE 20 NOORDER  NOCYCLE ;
--------------------------------------------------------
--  DDL for Sequence USER_LEE_SEQ
--------------------------------------------------------

   CREATE SEQUENCE  "JAVER"."USER_LEE_SEQ"  MINVALUE 1 MAXVALUE 9999999999999999999999999999 INCREMENT BY 1 START WITH 41 CACHE 20 NOORDER  NOCYCLE ;
--------------------------------------------------------
--  DDL for Sequence USER_LEE_SEQ2
--------------------------------------------------------

   CREATE SEQUENCE  "JAVER"."USER_LEE_SEQ2"  MINVALUE 1 MAXVALUE 9999999999999999999999999999 INCREMENT BY 1 START WITH 41 CACHE 20 NOORDER  NOCYCLE ;
--------------------------------------------------------
--  DDL for Sequence WRITING_NO_SEQ
--------------------------------------------------------

   CREATE SEQUENCE  "JAVER"."WRITING_NO_SEQ"  MINVALUE 1 MAXVALUE 9999999999999999999999999999 INCREMENT BY 1 START WITH 41 CACHE 20 NOORDER  NOCYCLE ;
--------------------------------------------------------
--  DDL for Table ACCOUNTBOOK_CATEGORY
--------------------------------------------------------

  CREATE TABLE "JAVER"."ACCOUNTBOOK_CATEGORY" 
   (	"CATEGORY_NO" NUMBER(5,0), 
	"CATEGORY_NAME" VARCHAR2(30 BYTE), 
	"CATEGORY_GUBUN" VARCHAR2(20 BYTE)
   ) SEGMENT CREATION IMMEDIATE 
  PCTFREE 10 PCTUSED 40 INITRANS 1 MAXTRANS 255 NOCOMPRESS LOGGING
  STORAGE(INITIAL 65536 NEXT 1048576 MINEXTENTS 1 MAXEXTENTS 2147483645
  PCTINCREASE 0 FREELISTS 1 FREELIST GROUPS 1 BUFFER_POOL DEFAULT FLASH_CACHE DEFAULT CELL_FLASH_CACHE DEFAULT)
  TABLESPACE "SYSTEM" ;

   COMMENT ON COLUMN "JAVER"."ACCOUNTBOOK_CATEGORY"."CATEGORY_NO" IS '카테고리 번호';
   COMMENT ON COLUMN "JAVER"."ACCOUNTBOOK_CATEGORY"."CATEGORY_NAME" IS '카테고리 항목 이름';
   COMMENT ON TABLE "JAVER"."ACCOUNTBOOK_CATEGORY"  IS '분류';
--------------------------------------------------------
--  DDL for Table ACCOUNTBOOK_COMMENTS
--------------------------------------------------------

  CREATE TABLE "JAVER"."ACCOUNTBOOK_COMMENTS" 
   (	"COMMENTS_CREATE_DATE" DATE DEFAULT SYSDATE, 
	"COMMENTS_CONTENTS" VARCHAR2(4000 BYTE), 
	"COMMENTS_NO" NUMBER(10,0), 
	"USER_ID" VARCHAR2(50 BYTE), 
	"WRITING_NO" NUMBER(10,0)
   ) SEGMENT CREATION IMMEDIATE 
  PCTFREE 10 PCTUSED 40 INITRANS 1 MAXTRANS 255 NOCOMPRESS LOGGING
  STORAGE(INITIAL 65536 NEXT 1048576 MINEXTENTS 1 MAXEXTENTS 2147483645
  PCTINCREASE 0 FREELISTS 1 FREELIST GROUPS 1 BUFFER_POOL DEFAULT FLASH_CACHE DEFAULT CELL_FLASH_CACHE DEFAULT)
  TABLESPACE "SYSTEM" ;

   COMMENT ON COLUMN "JAVER"."ACCOUNTBOOK_COMMENTS"."COMMENTS_CREATE_DATE" IS '댓글 생성일';
   COMMENT ON COLUMN "JAVER"."ACCOUNTBOOK_COMMENTS"."COMMENTS_CONTENTS" IS '댓글 내용';
   COMMENT ON COLUMN "JAVER"."ACCOUNTBOOK_COMMENTS"."COMMENTS_NO" IS 'COMMENTS_NO';
   COMMENT ON COLUMN "JAVER"."ACCOUNTBOOK_COMMENTS"."USER_ID" IS '회원_아이디';
   COMMENT ON COLUMN "JAVER"."ACCOUNTBOOK_COMMENTS"."WRITING_NO" IS '글쓰기 번호';
   COMMENT ON TABLE "JAVER"."ACCOUNTBOOK_COMMENTS"  IS '댓글';
--------------------------------------------------------
--  DDL for Table ACCOUNTBOOK_GOAL
--------------------------------------------------------

  CREATE TABLE "JAVER"."ACCOUNTBOOK_GOAL" 
   (	"GOAL_NO" NUMBER(3,0), 
	"GOAL_PURPOSE" VARCHAR2(30 BYTE), 
	"GOAL_AMOUNT" NUMBER(10,0), 
	"GOAL_START_PERIOD" DATE, 
	"GOAL_END_PERIOD" DATE, 
	"GOAL_PROMISE" VARCHAR2(4000 BYTE), 
	"GOAL_CREATE_DATE" DATE DEFAULT SYSDATE, 
	"USER_ID" VARCHAR2(50 BYTE)
   ) SEGMENT CREATION IMMEDIATE 
  PCTFREE 10 PCTUSED 40 INITRANS 1 MAXTRANS 255 NOCOMPRESS LOGGING
  STORAGE(INITIAL 65536 NEXT 1048576 MINEXTENTS 1 MAXEXTENTS 2147483645
  PCTINCREASE 0 FREELISTS 1 FREELIST GROUPS 1 BUFFER_POOL DEFAULT FLASH_CACHE DEFAULT CELL_FLASH_CACHE DEFAULT)
  TABLESPACE "SYSTEM" ;

   COMMENT ON COLUMN "JAVER"."ACCOUNTBOOK_GOAL"."GOAL_NO" IS '목표 번호';
   COMMENT ON COLUMN "JAVER"."ACCOUNTBOOK_GOAL"."GOAL_PURPOSE" IS '목표';
   COMMENT ON COLUMN "JAVER"."ACCOUNTBOOK_GOAL"."GOAL_AMOUNT" IS '목표 금액 : 목표하는금액
';
   COMMENT ON COLUMN "JAVER"."ACCOUNTBOOK_GOAL"."GOAL_START_PERIOD" IS '시작 날짜';
   COMMENT ON COLUMN "JAVER"."ACCOUNTBOOK_GOAL"."GOAL_END_PERIOD" IS '종료날짜';
   COMMENT ON COLUMN "JAVER"."ACCOUNTBOOK_GOAL"."GOAL_PROMISE" IS '다짐 : 다짐';
   COMMENT ON COLUMN "JAVER"."ACCOUNTBOOK_GOAL"."GOAL_CREATE_DATE" IS '목표작성일';
   COMMENT ON COLUMN "JAVER"."ACCOUNTBOOK_GOAL"."USER_ID" IS '회원_아이디';
   COMMENT ON TABLE "JAVER"."ACCOUNTBOOK_GOAL"  IS '목표 쓰기';
--------------------------------------------------------
--  DDL for Table ACCOUNTBOOK_TAG
--------------------------------------------------------

  CREATE TABLE "JAVER"."ACCOUNTBOOK_TAG" 
   (	"TAG_NO" NUMBER(7,0), 
	"TAG_NAME" VARCHAR2(30 BYTE), 
	"TERM_NO" NUMBER(7,0)
   ) SEGMENT CREATION IMMEDIATE 
  PCTFREE 10 PCTUSED 40 INITRANS 1 MAXTRANS 255 NOCOMPRESS LOGGING
  STORAGE(INITIAL 65536 NEXT 1048576 MINEXTENTS 1 MAXEXTENTS 2147483645
  PCTINCREASE 0 FREELISTS 1 FREELIST GROUPS 1 BUFFER_POOL DEFAULT FLASH_CACHE DEFAULT CELL_FLASH_CACHE DEFAULT)
  TABLESPACE "SYSTEM" ;

   COMMENT ON COLUMN "JAVER"."ACCOUNTBOOK_TAG"."TAG_NO" IS '태그 번호';
   COMMENT ON COLUMN "JAVER"."ACCOUNTBOOK_TAG"."TAG_NAME" IS '태그 이름';
   COMMENT ON TABLE "JAVER"."ACCOUNTBOOK_TAG"  IS '태그';
--------------------------------------------------------
--  DDL for Table ACCOUNTBOOK_TERM
--------------------------------------------------------

  CREATE TABLE "JAVER"."ACCOUNTBOOK_TERM" 
   (	"TERM_CASH" NUMBER(10,0), 
	"TERM_CARD" NUMBER(10,0), 
	"TERM_NO" NUMBER(7,0), 
	"TERM_DETAIL" VARCHAR2(500 BYTE), 
	"TERM_DATE" DATE, 
	"TERM_REMAIN_AMOUNT" NUMBER(10,0), 
	"CATEGORY_NO" NUMBER(5,0), 
	"TERM_MEMO" VARCHAR2(1000 BYTE), 
	"USER_ID" VARCHAR2(50 BYTE), 
	"TERM_GUBUN" VARCHAR2(20 BYTE), 
	"TERM_CREATE_DATE" DATE DEFAULT SYSDATE
   ) SEGMENT CREATION IMMEDIATE 
  PCTFREE 10 PCTUSED 40 INITRANS 1 MAXTRANS 255 NOCOMPRESS LOGGING
  STORAGE(INITIAL 65536 NEXT 1048576 MINEXTENTS 1 MAXEXTENTS 2147483645
  PCTINCREASE 0 FREELISTS 1 FREELIST GROUPS 1 BUFFER_POOL DEFAULT FLASH_CACHE DEFAULT CELL_FLASH_CACHE DEFAULT)
  TABLESPACE "SYSTEM" ;

   COMMENT ON COLUMN "JAVER"."ACCOUNTBOOK_TERM"."TERM_CASH" IS '현금 입금/지출 금액';
   COMMENT ON COLUMN "JAVER"."ACCOUNTBOOK_TERM"."TERM_CARD" IS '카드 지출  금액';
   COMMENT ON COLUMN "JAVER"."ACCOUNTBOOK_TERM"."TERM_NO" IS '입금/지출 번호
';
   COMMENT ON COLUMN "JAVER"."ACCOUNTBOOK_TERM"."TERM_DETAIL" IS '입금/지출 내역
';
   COMMENT ON COLUMN "JAVER"."ACCOUNTBOOK_TERM"."TERM_DATE" IS '입금/지출 날짜';
   COMMENT ON COLUMN "JAVER"."ACCOUNTBOOK_TERM"."TERM_REMAIN_AMOUNT" IS '잔돈';
   COMMENT ON COLUMN "JAVER"."ACCOUNTBOOK_TERM"."CATEGORY_NO" IS '항목 번호';
   COMMENT ON COLUMN "JAVER"."ACCOUNTBOOK_TERM"."TERM_MEMO" IS '입금 지출 메모
';
   COMMENT ON COLUMN "JAVER"."ACCOUNTBOOK_TERM"."USER_ID" IS '회원_아이디';
   COMMENT ON COLUMN "JAVER"."ACCOUNTBOOK_TERM"."TERM_GUBUN" IS '입금/지출구분
';
   COMMENT ON COLUMN "JAVER"."ACCOUNTBOOK_TERM"."TERM_CREATE_DATE" IS '등록일';
   COMMENT ON TABLE "JAVER"."ACCOUNTBOOK_TERM"  IS '지출/수입
';
--------------------------------------------------------
--  DDL for Table ACCOUNTBOOK_WRITING
--------------------------------------------------------

  CREATE TABLE "JAVER"."ACCOUNTBOOK_WRITING" 
   (	"WRITING_NO" NUMBER(10,0), 
	"WRITING_TITLE" VARCHAR2(100 BYTE), 
	"WRITING_WRITER" VARCHAR2(20 BYTE), 
	"WRITING_CONTENTS" VARCHAR2(4000 BYTE), 
	"WRITING_PUBLIC" CHAR(1 BYTE), 
	"WRITING_CREATE_DATE" DATE DEFAULT SYSDATE, 
	"USER_ID" VARCHAR2(50 BYTE)
   ) SEGMENT CREATION IMMEDIATE 
  PCTFREE 10 PCTUSED 40 INITRANS 1 MAXTRANS 255 NOCOMPRESS LOGGING
  STORAGE(INITIAL 65536 NEXT 1048576 MINEXTENTS 1 MAXEXTENTS 2147483645
  PCTINCREASE 0 FREELISTS 1 FREELIST GROUPS 1 BUFFER_POOL DEFAULT FLASH_CACHE DEFAULT CELL_FLASH_CACHE DEFAULT)
  TABLESPACE "SYSTEM" ;

   COMMENT ON COLUMN "JAVER"."ACCOUNTBOOK_WRITING"."WRITING_NO" IS '글쓰기 번호';
   COMMENT ON COLUMN "JAVER"."ACCOUNTBOOK_WRITING"."WRITING_TITLE" IS '제목';
   COMMENT ON COLUMN "JAVER"."ACCOUNTBOOK_WRITING"."WRITING_WRITER" IS '글쓰기';
   COMMENT ON COLUMN "JAVER"."ACCOUNTBOOK_WRITING"."WRITING_CONTENTS" IS '내용';
   COMMENT ON COLUMN "JAVER"."ACCOUNTBOOK_WRITING"."WRITING_PUBLIC" IS '공개여부';
   COMMENT ON COLUMN "JAVER"."ACCOUNTBOOK_WRITING"."WRITING_CREATE_DATE" IS '글쓴 날짜';
   COMMENT ON COLUMN "JAVER"."ACCOUNTBOOK_WRITING"."USER_ID" IS '회원_아이디';
   COMMENT ON TABLE "JAVER"."ACCOUNTBOOK_WRITING"  IS '월결산 글쓰기';
--------------------------------------------------------
--  DDL for Table ACOUNTBOOK_BUDGET
--------------------------------------------------------

  CREATE TABLE "JAVER"."ACOUNTBOOK_BUDGET" 
   (	"BUDGET_AMOUNT" NUMBER(10,0), 
	"BUDGET_START_DATE" DATE, 
	"BUDGET_END_DATE" DATE, 
	"BUDGET_NO" NUMBER(10,0), 
	"CATEGORY_NO" NUMBER(5,0), 
	"USER_ID" VARCHAR2(50 BYTE)
   ) SEGMENT CREATION IMMEDIATE 
  PCTFREE 10 PCTUSED 40 INITRANS 1 MAXTRANS 255 NOCOMPRESS LOGGING
  STORAGE(INITIAL 65536 NEXT 1048576 MINEXTENTS 1 MAXEXTENTS 2147483645
  PCTINCREASE 0 FREELISTS 1 FREELIST GROUPS 1 BUFFER_POOL DEFAULT FLASH_CACHE DEFAULT CELL_FLASH_CACHE DEFAULT)
  TABLESPACE "SYSTEM" ;

   COMMENT ON COLUMN "JAVER"."ACOUNTBOOK_BUDGET"."BUDGET_AMOUNT" IS '예산 금액';
   COMMENT ON COLUMN "JAVER"."ACOUNTBOOK_BUDGET"."BUDGET_START_DATE" IS '예산 시작 날짜';
   COMMENT ON COLUMN "JAVER"."ACOUNTBOOK_BUDGET"."BUDGET_END_DATE" IS '예산 종료 날짜';
   COMMENT ON COLUMN "JAVER"."ACOUNTBOOK_BUDGET"."BUDGET_NO" IS '예산 번호';
   COMMENT ON COLUMN "JAVER"."ACOUNTBOOK_BUDGET"."CATEGORY_NO" IS '항목 번호';
   COMMENT ON COLUMN "JAVER"."ACOUNTBOOK_BUDGET"."USER_ID" IS '회원_아이디';
   COMMENT ON TABLE "JAVER"."ACOUNTBOOK_BUDGET"  IS '예산';
--------------------------------------------------------
--  DDL for Table BAND
--------------------------------------------------------

  CREATE TABLE "JAVER"."BAND" 
   (	"BAND_NO" NUMBER(5,0), 
	"BAND_NAME" VARCHAR2(100 BYTE), 
	"BAND_PHOTO" VARCHAR2(100 BYTE), 
	"BAND_TYPEOPTION" VARCHAR2(50 BYTE) DEFAULT NULL, 
	"BAND_CREATE_DATE" DATE DEFAULT sysdate, 
	"MASTER_ID" VARCHAR2(50 BYTE)
   ) SEGMENT CREATION IMMEDIATE 
  PCTFREE 10 PCTUSED 40 INITRANS 1 MAXTRANS 255 NOCOMPRESS LOGGING
  STORAGE(INITIAL 65536 NEXT 1048576 MINEXTENTS 1 MAXEXTENTS 2147483645
  PCTINCREASE 0 FREELISTS 1 FREELIST GROUPS 1 BUFFER_POOL DEFAULT FLASH_CACHE DEFAULT CELL_FLASH_CACHE DEFAULT)
  TABLESPACE "SYSTEM" ;

   COMMENT ON COLUMN "JAVER"."BAND"."BAND_NO" IS '밴드_번호';
   COMMENT ON COLUMN "JAVER"."BAND"."BAND_NAME" IS '밴드_이름';
   COMMENT ON COLUMN "JAVER"."BAND"."BAND_PHOTO" IS '밴드_사진';
   COMMENT ON COLUMN "JAVER"."BAND"."BAND_TYPEOPTION" IS '밴드_타입옵션';
   COMMENT ON COLUMN "JAVER"."BAND"."BAND_CREATE_DATE" IS 'band_create_date';
   COMMENT ON COLUMN "JAVER"."BAND"."MASTER_ID" IS '회원_아이디';
   COMMENT ON TABLE "JAVER"."BAND"  IS '밴드_토탈';
--------------------------------------------------------
--  DDL for Table BAND_CALENDAR
--------------------------------------------------------

  CREATE TABLE "JAVER"."BAND_CALENDAR" 
   (	"CAL_NO" NUMBER(5,0), 
	"CAL_TITLE" VARCHAR2(100 BYTE), 
	"CAL_CONTENTS" VARCHAR2(1000 BYTE), 
	"START_DATE" DATE, 
	"END_DATE" DATE, 
	"LUNAR_YN" CHAR(1 BYTE) DEFAULT 'N', 
	"ALLDAY_YN" CHAR(1 BYTE) DEFAULT 'N', 
	"CONTENTS_NO" NUMBER(5,0)
   ) SEGMENT CREATION IMMEDIATE 
  PCTFREE 10 PCTUSED 40 INITRANS 1 MAXTRANS 255 NOCOMPRESS LOGGING
  STORAGE(INITIAL 65536 NEXT 1048576 MINEXTENTS 1 MAXEXTENTS 2147483645
  PCTINCREASE 0 FREELISTS 1 FREELIST GROUPS 1 BUFFER_POOL DEFAULT FLASH_CACHE DEFAULT CELL_FLASH_CACHE DEFAULT)
  TABLESPACE "SYSTEM" ;

   COMMENT ON COLUMN "JAVER"."BAND_CALENDAR"."CAL_NO" IS '일정_번호';
   COMMENT ON COLUMN "JAVER"."BAND_CALENDAR"."CAL_TITLE" IS '일정_제목';
   COMMENT ON COLUMN "JAVER"."BAND_CALENDAR"."CAL_CONTENTS" IS '일정_내용';
   COMMENT ON COLUMN "JAVER"."BAND_CALENDAR"."START_DATE" IS '시작_일_시간';
   COMMENT ON COLUMN "JAVER"."BAND_CALENDAR"."END_DATE" IS '종료_일_시간';
   COMMENT ON COLUMN "JAVER"."BAND_CALENDAR"."LUNAR_YN" IS '음력_여부';
   COMMENT ON COLUMN "JAVER"."BAND_CALENDAR"."ALLDAY_YN" IS '하루종일_여부';
   COMMENT ON COLUMN "JAVER"."BAND_CALENDAR"."CONTENTS_NO" IS '내용_번호';
   COMMENT ON TABLE "JAVER"."BAND_CALENDAR"  IS '밴드_일정';
--------------------------------------------------------
--  DDL for Table BAND_CHULCHECK
--------------------------------------------------------

  CREATE TABLE "JAVER"."BAND_CHULCHECK" 
   (	"CHUL_NO" NUMBER(5,0), 
	"CHUL_TITLE" VARCHAR2(100 BYTE), 
	"CHUL_SORT" VARCHAR2(100 BYTE) DEFAULT 'name', 
	"CONTENTS_NO" NUMBER(5,0)
   ) SEGMENT CREATION IMMEDIATE 
  PCTFREE 10 PCTUSED 40 INITRANS 1 MAXTRANS 255 NOCOMPRESS LOGGING
  STORAGE(INITIAL 65536 NEXT 1048576 MINEXTENTS 1 MAXEXTENTS 2147483645
  PCTINCREASE 0 FREELISTS 1 FREELIST GROUPS 1 BUFFER_POOL DEFAULT FLASH_CACHE DEFAULT CELL_FLASH_CACHE DEFAULT)
  TABLESPACE "SYSTEM" ;

   COMMENT ON COLUMN "JAVER"."BAND_CHULCHECK"."CHUL_NO" IS '출석_번호';
   COMMENT ON COLUMN "JAVER"."BAND_CHULCHECK"."CHUL_TITLE" IS '출석_제목';
   COMMENT ON COLUMN "JAVER"."BAND_CHULCHECK"."CHUL_SORT" IS '멤버_정렬 : name 이름차순
chul 출석멤버수';
   COMMENT ON COLUMN "JAVER"."BAND_CHULCHECK"."CONTENTS_NO" IS '내용_번호';
   COMMENT ON TABLE "JAVER"."BAND_CHULCHECK"  IS '밴드_출석체크';
--------------------------------------------------------
--  DDL for Table BAND_CONTENTS_TEXT
--------------------------------------------------------

  CREATE TABLE "JAVER"."BAND_CONTENTS_TEXT" 
   (	"TEXT_NO" NUMBER(5,0), 
	"CONTENTS_NO" NUMBER(5,0), 
	"TEXT_CONTENTS" VARCHAR2(1000 BYTE)
   ) SEGMENT CREATION IMMEDIATE 
  PCTFREE 10 PCTUSED 40 INITRANS 1 MAXTRANS 255 NOCOMPRESS LOGGING
  STORAGE(INITIAL 65536 NEXT 1048576 MINEXTENTS 1 MAXEXTENTS 2147483645
  PCTINCREASE 0 FREELISTS 1 FREELIST GROUPS 1 BUFFER_POOL DEFAULT FLASH_CACHE DEFAULT CELL_FLASH_CACHE DEFAULT)
  TABLESPACE "SYSTEM" ;
--------------------------------------------------------
--  DDL for Table BAND_INTO_IMG
--------------------------------------------------------

  CREATE TABLE "JAVER"."BAND_INTO_IMG" 
   (	"IMGNO" NUMBER(4,0), 
	"IMGNAME" VARCHAR2(100 BYTE)
   ) SEGMENT CREATION IMMEDIATE 
  PCTFREE 10 PCTUSED 40 INITRANS 1 MAXTRANS 255 NOCOMPRESS LOGGING
  STORAGE(INITIAL 65536 NEXT 1048576 MINEXTENTS 1 MAXEXTENTS 2147483645
  PCTINCREASE 0 FREELISTS 1 FREELIST GROUPS 1 BUFFER_POOL DEFAULT FLASH_CACHE DEFAULT CELL_FLASH_CACHE DEFAULT)
  TABLESPACE "SYSTEM" ;
--------------------------------------------------------
--  DDL for Table BAND_JOIN
--------------------------------------------------------

  CREATE TABLE "JAVER"."BAND_JOIN" 
   (	"JOIN_NO" NUMBER(5,0), 
	"JOIN_TITLE" VARCHAR2(100 BYTE), 
	"OUT_MEMBER_YN" CHAR(1 BYTE) DEFAULT 'N', 
	"START_DATE" DATE, 
	"END_DATE_YN" CHAR(1 BYTE) DEFAULT 'N', 
	"END_DATE" DATE, 
	"WRITE_NO" NUMBER(5,0), 
	"JOIN_COUNT" NUMBER(5,0) DEFAULT 0, 
	"PEPLE_LIMIT" NUMBER(5,0) DEFAULT 0, 
	"END_DATE_TIME" NUMBER(6,0)
   ) SEGMENT CREATION IMMEDIATE 
  PCTFREE 10 PCTUSED 40 INITRANS 1 MAXTRANS 255 NOCOMPRESS LOGGING
  STORAGE(INITIAL 65536 NEXT 1048576 MINEXTENTS 1 MAXEXTENTS 2147483645
  PCTINCREASE 0 FREELISTS 1 FREELIST GROUPS 1 BUFFER_POOL DEFAULT FLASH_CACHE DEFAULT CELL_FLASH_CACHE DEFAULT)
  TABLESPACE "SYSTEM" ;

   COMMENT ON COLUMN "JAVER"."BAND_JOIN"."JOIN_NO" IS '참가신청_번호';
   COMMENT ON COLUMN "JAVER"."BAND_JOIN"."JOIN_TITLE" IS '참가신청_제목';
   COMMENT ON COLUMN "JAVER"."BAND_JOIN"."OUT_MEMBER_YN" IS '외부멤버_추가허용';
   COMMENT ON COLUMN "JAVER"."BAND_JOIN"."START_DATE" IS '참가신청_날짜';
   COMMENT ON COLUMN "JAVER"."BAND_JOIN"."END_DATE_YN" IS '마감일_설정_여부';
   COMMENT ON COLUMN "JAVER"."BAND_JOIN"."END_DATE" IS '마감일자';
   COMMENT ON TABLE "JAVER"."BAND_JOIN"  IS '참가_신청서';
--------------------------------------------------------
--  DDL for Table BAND_JOIN_HISTORY
--------------------------------------------------------

  CREATE TABLE "JAVER"."BAND_JOIN_HISTORY" 
   (	"HIS_NO" NUMBER(5,0), 
	"BAND_NO" NUMBER(5,0), 
	"USER_ID" VARCHAR2(50 BYTE), 
	"MASTER_YN" CHAR(1 BYTE) DEFAULT 'N'
   ) SEGMENT CREATION IMMEDIATE 
  PCTFREE 10 PCTUSED 40 INITRANS 1 MAXTRANS 255 NOCOMPRESS LOGGING
  STORAGE(INITIAL 65536 NEXT 1048576 MINEXTENTS 1 MAXEXTENTS 2147483645
  PCTINCREASE 0 FREELISTS 1 FREELIST GROUPS 1 BUFFER_POOL DEFAULT FLASH_CACHE DEFAULT CELL_FLASH_CACHE DEFAULT)
  TABLESPACE "SYSTEM" ;
--------------------------------------------------------
--  DDL for Table BAND_JOIN_ITEMS
--------------------------------------------------------

  CREATE TABLE "JAVER"."BAND_JOIN_ITEMS" 
   (	"JOIN_ITEM_NO" NUMBER(5,0), 
	"JOIN_NO" NUMBER(5,0), 
	"HANGMOC" VARCHAR2(100 BYTE)
   ) SEGMENT CREATION IMMEDIATE 
  PCTFREE 10 PCTUSED 40 INITRANS 1 MAXTRANS 255 NOCOMPRESS LOGGING
  STORAGE(INITIAL 65536 NEXT 1048576 MINEXTENTS 1 MAXEXTENTS 2147483645
  PCTINCREASE 0 FREELISTS 1 FREELIST GROUPS 1 BUFFER_POOL DEFAULT FLASH_CACHE DEFAULT CELL_FLASH_CACHE DEFAULT)
  TABLESPACE "SYSTEM" ;
--------------------------------------------------------
--  DDL for Table BAND_NBBANG
--------------------------------------------------------

  CREATE TABLE "JAVER"."BAND_NBBANG" 
   (	"NBB_NO" NUMBER(5,0), 
	"PRICE" NUMBER(7,0), 
	"WRITE_NO" NUMBER(5,0)
   ) SEGMENT CREATION IMMEDIATE 
  PCTFREE 10 PCTUSED 40 INITRANS 1 MAXTRANS 255 NOCOMPRESS LOGGING
  STORAGE(INITIAL 65536 NEXT 1048576 MINEXTENTS 1 MAXEXTENTS 2147483645
  PCTINCREASE 0 FREELISTS 1 FREELIST GROUPS 1 BUFFER_POOL DEFAULT FLASH_CACHE DEFAULT CELL_FLASH_CACHE DEFAULT)
  TABLESPACE "SYSTEM" ;

   COMMENT ON COLUMN "JAVER"."BAND_NBBANG"."NBB_NO" IS '엔빵_번호';
   COMMENT ON COLUMN "JAVER"."BAND_NBBANG"."PRICE" IS '금액';
   COMMENT ON COLUMN "JAVER"."BAND_NBBANG"."WRITE_NO" IS '글번호
';
   COMMENT ON TABLE "JAVER"."BAND_NBBANG"  IS '밴드_엔빵';
--------------------------------------------------------
--  DDL for Table BAND_NBBANG_ITEMS
--------------------------------------------------------

  CREATE TABLE "JAVER"."BAND_NBBANG_ITEMS" 
   (	"ITEM_NO" NUMBER(4,0), 
	"ITEM_PERSON" VARCHAR2(100 BYTE), 
	"NBB_NO" NUMBER(5,0)
   ) SEGMENT CREATION IMMEDIATE 
  PCTFREE 10 PCTUSED 40 INITRANS 1 MAXTRANS 255 NOCOMPRESS LOGGING
  STORAGE(INITIAL 65536 NEXT 1048576 MINEXTENTS 1 MAXEXTENTS 2147483645
  PCTINCREASE 0 FREELISTS 1 FREELIST GROUPS 1 BUFFER_POOL DEFAULT FLASH_CACHE DEFAULT CELL_FLASH_CACHE DEFAULT)
  TABLESPACE "SYSTEM" ;
--------------------------------------------------------
--  DDL for Table BAND_TABLE_FILE
--------------------------------------------------------

  CREATE TABLE "JAVER"."BAND_TABLE_FILE" 
   (	"FILE_NO" NUMBER(5,0), 
	"FILE_TYPE" VARCHAR2(30 BYTE), 
	"FILE_NAME" VARCHAR2(100 BYTE), 
	"CONTENTS_NO" NUMBER(5,0)
   ) SEGMENT CREATION IMMEDIATE 
  PCTFREE 10 PCTUSED 40 INITRANS 1 MAXTRANS 255 NOCOMPRESS LOGGING
  STORAGE(INITIAL 65536 NEXT 1048576 MINEXTENTS 1 MAXEXTENTS 2147483645
  PCTINCREASE 0 FREELISTS 1 FREELIST GROUPS 1 BUFFER_POOL DEFAULT FLASH_CACHE DEFAULT CELL_FLASH_CACHE DEFAULT)
  TABLESPACE "SYSTEM" ;

   COMMENT ON COLUMN "JAVER"."BAND_TABLE_FILE"."FILE_NO" IS '파일번호';
   COMMENT ON COLUMN "JAVER"."BAND_TABLE_FILE"."FILE_TYPE" IS '파일타입 : file : 파일
photo : 사진
video : 동영상
';
   COMMENT ON COLUMN "JAVER"."BAND_TABLE_FILE"."FILE_NAME" IS '파일이름';
   COMMENT ON COLUMN "JAVER"."BAND_TABLE_FILE"."CONTENTS_NO" IS '내용_번호';
   COMMENT ON TABLE "JAVER"."BAND_TABLE_FILE"  IS '밴드_파일첨부';
--------------------------------------------------------
--  DDL for Table BAND_TODO
--------------------------------------------------------

  CREATE TABLE "JAVER"."BAND_TODO" 
   (	"TODO_NO" NUMBER(5,0), 
	"TODO_TITLE" VARCHAR2(50 BYTE), 
	"TODO_END_DATE_YN" CHAR(1 BYTE) DEFAULT 'N', 
	"TODO_END_DATE" DATE, 
	"TODO_CREATE_DATE" DATE DEFAULT sysdate, 
	"WRITE_NO" NUMBER(5,0)
   ) SEGMENT CREATION IMMEDIATE 
  PCTFREE 10 PCTUSED 40 INITRANS 1 MAXTRANS 255 NOCOMPRESS LOGGING
  STORAGE(INITIAL 65536 NEXT 1048576 MINEXTENTS 1 MAXEXTENTS 2147483645
  PCTINCREASE 0 FREELISTS 1 FREELIST GROUPS 1 BUFFER_POOL DEFAULT FLASH_CACHE DEFAULT CELL_FLASH_CACHE DEFAULT)
  TABLESPACE "SYSTEM" ;

   COMMENT ON COLUMN "JAVER"."BAND_TODO"."TODO_NO" IS '투두_번호';
   COMMENT ON COLUMN "JAVER"."BAND_TODO"."TODO_TITLE" IS '투두_제목';
   COMMENT ON COLUMN "JAVER"."BAND_TODO"."TODO_END_DATE_YN" IS '마감일_설정_여부';
   COMMENT ON COLUMN "JAVER"."BAND_TODO"."TODO_END_DATE" IS '투두_마감일_설정';
   COMMENT ON COLUMN "JAVER"."BAND_TODO"."TODO_CREATE_DATE" IS '투두_생성일';
   COMMENT ON TABLE "JAVER"."BAND_TODO"  IS '밴드_투두';
--------------------------------------------------------
--  DDL for Table BAND_TODO_ITEMS
--------------------------------------------------------

  CREATE TABLE "JAVER"."BAND_TODO_ITEMS" 
   (	"TODO_ITEM_NO" NUMBER(4,0), 
	"TODO_NO" NUMBER(5,0), 
	"TODO_CONTENTS" VARCHAR2(500 BYTE), 
	"COMPLET_YN" CHAR(1 BYTE) DEFAULT 'N'
   ) SEGMENT CREATION IMMEDIATE 
  PCTFREE 10 PCTUSED 40 INITRANS 1 MAXTRANS 255 NOCOMPRESS LOGGING
  STORAGE(INITIAL 65536 NEXT 1048576 MINEXTENTS 1 MAXEXTENTS 2147483645
  PCTINCREASE 0 FREELISTS 1 FREELIST GROUPS 1 BUFFER_POOL DEFAULT FLASH_CACHE DEFAULT CELL_FLASH_CACHE DEFAULT)
  TABLESPACE "SYSTEM" ;

   COMMENT ON COLUMN "JAVER"."BAND_TODO_ITEMS"."TODO_ITEM_NO" IS 'todo_item_no';
   COMMENT ON COLUMN "JAVER"."BAND_TODO_ITEMS"."TODO_NO" IS '투두_번호';
   COMMENT ON COLUMN "JAVER"."BAND_TODO_ITEMS"."TODO_CONTENTS" IS '투두_내용';
   COMMENT ON COLUMN "JAVER"."BAND_TODO_ITEMS"."COMPLET_YN" IS '완료_여부';
   COMMENT ON TABLE "JAVER"."BAND_TODO_ITEMS"  IS '투두_내용들';
--------------------------------------------------------
--  DDL for Table BAND_VOTE
--------------------------------------------------------

  CREATE TABLE "JAVER"."BAND_VOTE" 
   (	"VOTE_NO" NUMBER(5,0), 
	"VOTE_TITLE" VARCHAR2(100 BYTE), 
	"VOTE_EVERYONE_ADD" CHAR(1 BYTE) DEFAULT 'N', 
	"VOTE_END_DATE_YN" CHAR(1 BYTE) DEFAULT 'N', 
	"VOTE_END_DATE" DATE, 
	"VATE_MULTIPLE_YN" CHAR(1 BYTE) DEFAULT 'N', 
	"VOTE_MULTIPLE_COUNT" NUMBER(2,0), 
	"VOTE_CURRENT_VIEW" VARCHAR2(30 BYTE) DEFAULT 'always', 
	"VOTE_SOLT" VARCHAR2(30 BYTE) DEFAULT 'voteNum', 
	"WRITE_NO" NUMBER(5,0)
   ) SEGMENT CREATION IMMEDIATE 
  PCTFREE 10 PCTUSED 40 INITRANS 1 MAXTRANS 255 NOCOMPRESS LOGGING
  STORAGE(INITIAL 65536 NEXT 1048576 MINEXTENTS 1 MAXEXTENTS 2147483645
  PCTINCREASE 0 FREELISTS 1 FREELIST GROUPS 1 BUFFER_POOL DEFAULT FLASH_CACHE DEFAULT CELL_FLASH_CACHE DEFAULT)
  TABLESPACE "SYSTEM" ;

   COMMENT ON COLUMN "JAVER"."BAND_VOTE"."VOTE_NO" IS '투표_번호';
   COMMENT ON COLUMN "JAVER"."BAND_VOTE"."VOTE_TITLE" IS '투표_제목';
   COMMENT ON COLUMN "JAVER"."BAND_VOTE"."VOTE_EVERYONE_ADD" IS '누구나_항목_추가_여부';
   COMMENT ON COLUMN "JAVER"."BAND_VOTE"."VOTE_END_DATE_YN" IS '종료일_설정';
   COMMENT ON COLUMN "JAVER"."BAND_VOTE"."VOTE_END_DATE" IS '투표_종료일';
   COMMENT ON COLUMN "JAVER"."BAND_VOTE"."VATE_MULTIPLE_YN" IS '복수투표_여부';
   COMMENT ON COLUMN "JAVER"."BAND_VOTE"."VOTE_MULTIPLE_COUNT" IS '복수선택_개수';
   COMMENT ON COLUMN "JAVER"."BAND_VOTE"."VOTE_CURRENT_VIEW" IS '투표_현황_보기';
   COMMENT ON COLUMN "JAVER"."BAND_VOTE"."VOTE_SOLT" IS '투표항목_정렬';
   COMMENT ON TABLE "JAVER"."BAND_VOTE"  IS '밴드_투표';
--------------------------------------------------------
--  DDL for Table BAND_VOTE_ITEMS
--------------------------------------------------------

  CREATE TABLE "JAVER"."BAND_VOTE_ITEMS" 
   (	"VOTE_ITEM_NO" NUMBER(4,0), 
	"VOTE_NO" NUMBER(5,0), 
	"VOTE_CONTENTS" VARCHAR2(100 BYTE), 
	"VOTE_COUNT" NUMBER(5,0) DEFAULT 0, 
	"CAL_NO" NUMBER(5,0)
   ) SEGMENT CREATION IMMEDIATE 
  PCTFREE 10 PCTUSED 40 INITRANS 1 MAXTRANS 255 NOCOMPRESS LOGGING
  STORAGE(INITIAL 65536 NEXT 1048576 MINEXTENTS 1 MAXEXTENTS 2147483645
  PCTINCREASE 0 FREELISTS 1 FREELIST GROUPS 1 BUFFER_POOL DEFAULT FLASH_CACHE DEFAULT CELL_FLASH_CACHE DEFAULT)
  TABLESPACE "SYSTEM" ;

   COMMENT ON COLUMN "JAVER"."BAND_VOTE_ITEMS"."VOTE_ITEM_NO" IS '고유번호';
   COMMENT ON COLUMN "JAVER"."BAND_VOTE_ITEMS"."VOTE_NO" IS '투표번호';
   COMMENT ON COLUMN "JAVER"."BAND_VOTE_ITEMS"."VOTE_CONTENTS" IS '항목이름';
   COMMENT ON COLUMN "JAVER"."BAND_VOTE_ITEMS"."VOTE_COUNT" IS '득표수';
   COMMENT ON COLUMN "JAVER"."BAND_VOTE_ITEMS"."CAL_NO" IS '일정 받을때 번호';
--------------------------------------------------------
--  DDL for Table BAND_WRITE
--------------------------------------------------------

  CREATE TABLE "JAVER"."BAND_WRITE" 
   (	"WRITE_NO" NUMBER(5,0), 
	"BAND_NO" NUMBER(5,0), 
	"WRITE_CONTENTS" VARCHAR2(4000 BYTE), 
	"WRITE_CREATE_DATE" DATE DEFAULT sysdate, 
	"WRITE_NOTICE_YN" CHAR(1 BYTE) DEFAULT 'N', 
	"WRITE_RESERVATION_TIME_YN" CHAR(1 BYTE) DEFAULT 'N', 
	"WRITE_RESERVATION_TIME" DATE, 
	"WRITE_DISPLAY_YN" CHAR(1 BYTE) DEFAULT 'N', 
	"USER_ID" VARCHAR2(50 BYTE)
   ) SEGMENT CREATION IMMEDIATE 
  PCTFREE 10 PCTUSED 40 INITRANS 1 MAXTRANS 255 NOCOMPRESS LOGGING
  STORAGE(INITIAL 65536 NEXT 1048576 MINEXTENTS 1 MAXEXTENTS 2147483645
  PCTINCREASE 0 FREELISTS 1 FREELIST GROUPS 1 BUFFER_POOL DEFAULT FLASH_CACHE DEFAULT CELL_FLASH_CACHE DEFAULT)
  TABLESPACE "SYSTEM" ;

   COMMENT ON COLUMN "JAVER"."BAND_WRITE"."WRITE_NO" IS '글쓰기_번호';
   COMMENT ON COLUMN "JAVER"."BAND_WRITE"."BAND_NO" IS '밴드_번호';
   COMMENT ON COLUMN "JAVER"."BAND_WRITE"."WRITE_CONTENTS" IS '글_내용';
   COMMENT ON COLUMN "JAVER"."BAND_WRITE"."WRITE_CREATE_DATE" IS '생성일자';
   COMMENT ON COLUMN "JAVER"."BAND_WRITE"."WRITE_NOTICE_YN" IS '공지_여부';
   COMMENT ON COLUMN "JAVER"."BAND_WRITE"."WRITE_RESERVATION_TIME_YN" IS '글_예약시간_여부';
   COMMENT ON COLUMN "JAVER"."BAND_WRITE"."WRITE_RESERVATION_TIME" IS '예약_시간';
   COMMENT ON COLUMN "JAVER"."BAND_WRITE"."WRITE_DISPLAY_YN" IS '화면표시_여부';
   COMMENT ON COLUMN "JAVER"."BAND_WRITE"."USER_ID" IS '회원_아이디';
   COMMENT ON TABLE "JAVER"."BAND_WRITE"  IS '밴드_글쓰기';
--------------------------------------------------------
--  DDL for Table BAND_WRITE_CONTENTS
--------------------------------------------------------

  CREATE TABLE "JAVER"."BAND_WRITE_CONTENTS" 
   (	"CONTENTS_NO" NUMBER(5,0), 
	"WRITE_NO" NUMBER(5,0), 
	"CONTENTS_CONTENTS" VARCHAR2(1000 BYTE), 
	"ROW_NUM" NUMBER(4,0), 
	"CONTENTS_TYPE" VARCHAR2(100 BYTE)
   ) SEGMENT CREATION IMMEDIATE 
  PCTFREE 10 PCTUSED 40 INITRANS 1 MAXTRANS 255 NOCOMPRESS LOGGING
  STORAGE(INITIAL 65536 NEXT 1048576 MINEXTENTS 1 MAXEXTENTS 2147483645
  PCTINCREASE 0 FREELISTS 1 FREELIST GROUPS 1 BUFFER_POOL DEFAULT FLASH_CACHE DEFAULT CELL_FLASH_CACHE DEFAULT)
  TABLESPACE "SYSTEM" ;
--------------------------------------------------------
--  DDL for Table BAND_WRITE_PHOTO
--------------------------------------------------------

  CREATE TABLE "JAVER"."BAND_WRITE_PHOTO" 
   (	"PHOTO_NO" NUMBER(5,0), 
	"PHOTO_NAME" VARCHAR2(100 BYTE), 
	"WRITE_NO" NUMBER(5,0), 
	"BAND_NO" NUMBER(5,0)
   ) SEGMENT CREATION IMMEDIATE 
  PCTFREE 10 PCTUSED 40 INITRANS 1 MAXTRANS 255 NOCOMPRESS LOGGING
  STORAGE(INITIAL 65536 NEXT 1048576 MINEXTENTS 1 MAXEXTENTS 2147483645
  PCTINCREASE 0 FREELISTS 1 FREELIST GROUPS 1 BUFFER_POOL DEFAULT FLASH_CACHE DEFAULT CELL_FLASH_CACHE DEFAULT)
  TABLESPACE "SYSTEM" ;
--------------------------------------------------------
--  DDL for Table BLOG
--------------------------------------------------------

  CREATE TABLE "JAVER"."BLOG" 
   (	"BLOG_NO" NUMBER(5,0), 
	"BLOG_TITLE" VARCHAR2(50 BYTE), 
	"BLOG_MAIN_IMG" VARCHAR2(100 BYTE), 
	"BLOG_THEME" VARCHAR2(100 BYTE), 
	"BLOG_DESCRIPTION" VARCHAR2(500 BYTE), 
	"BLOG_CREATE_DATE" DATE DEFAULT SYSDATE, 
	"USER_ID" VARCHAR2(50 BYTE), 
	"BLOG_VISITS" NUMBER(6,0), 
	"BLOG_BACKGROUND_COLOR" VARCHAR2(100 BYTE), 
	"BLOG_FONT_COLOR" VARCHAR2(100 BYTE), 
	"BLOG_OPACITY" NUMBER(2,1), 
	"BLOG_ATAG_COLOR" VARCHAR2(100 BYTE), 
	"BLOG_HR_COLOR" VARCHAR2(100 BYTE), 
	"BLOG_BODY_COLOR" VARCHAR2(100 BYTE), 
	"BLOG_FIRSTCOL" VARCHAR2(50 BYTE), 
	"BLOG_SECONDCOL" VARCHAR2(50 BYTE), 
	"BLOG_THIRDCOL" VARCHAR2(50 BYTE), 
	"BLOG_LAYOUT" NUMBER(1,0), 
	"BLOG_PAGENUM_COLOR" VARCHAR2(20 BYTE), 
	"BLOG_PAGENUM_BACKGROUNDCOLOR" VARCHAR2(20 BYTE), 
	"BLOG_TOPIC" VARCHAR2(100 BYTE), 
	"BLOG_PAGENUMBORDERCOLOR" VARCHAR2(20 BYTE)
   ) SEGMENT CREATION IMMEDIATE 
  PCTFREE 10 PCTUSED 40 INITRANS 1 MAXTRANS 255 NOCOMPRESS LOGGING
  STORAGE(INITIAL 65536 NEXT 1048576 MINEXTENTS 1 MAXEXTENTS 2147483645
  PCTINCREASE 0 FREELISTS 1 FREELIST GROUPS 1 BUFFER_POOL DEFAULT FLASH_CACHE DEFAULT CELL_FLASH_CACHE DEFAULT)
  TABLESPACE "SYSTEM" ;

   COMMENT ON COLUMN "JAVER"."BLOG"."BLOG_NO" IS 'blog_no : 블로그';
   COMMENT ON COLUMN "JAVER"."BLOG"."BLOG_TITLE" IS 'blog_title : 블로그';
   COMMENT ON COLUMN "JAVER"."BLOG"."BLOG_MAIN_IMG" IS 'blog_main_img';
   COMMENT ON COLUMN "JAVER"."BLOG"."BLOG_THEME" IS 'blog_theme';
   COMMENT ON COLUMN "JAVER"."BLOG"."BLOG_DESCRIPTION" IS 'blog_description';
   COMMENT ON COLUMN "JAVER"."BLOG"."BLOG_CREATE_DATE" IS 'blog_create_date';
   COMMENT ON COLUMN "JAVER"."BLOG"."USER_ID" IS '회원_아이디';
   COMMENT ON COLUMN "JAVER"."BLOG"."BLOG_VISITS" IS 'BLOG_VISITS';
   COMMENT ON COLUMN "JAVER"."BLOG"."BLOG_BACKGROUND_COLOR" IS 'BLOG_BACKGROUND_COLOR';
   COMMENT ON COLUMN "JAVER"."BLOG"."BLOG_FONT_COLOR" IS 'BLOG_FONT_COLOR';
   COMMENT ON COLUMN "JAVER"."BLOG"."BLOG_OPACITY" IS 'BLOG_OPACITY';
   COMMENT ON COLUMN "JAVER"."BLOG"."BLOG_ATAG_COLOR" IS 'BLOG_ATAG_COLOR';
   COMMENT ON COLUMN "JAVER"."BLOG"."BLOG_HR_COLOR" IS 'BLOG_HR_COLOR';
   COMMENT ON COLUMN "JAVER"."BLOG"."BLOG_BODY_COLOR" IS 'BLOG_BODY_COLOR';
   COMMENT ON COLUMN "JAVER"."BLOG"."BLOG_FIRSTCOL" IS 'BLOG_FIRSTCOL';
   COMMENT ON COLUMN "JAVER"."BLOG"."BLOG_SECONDCOL" IS 'BLOG_SECONDCOL';
   COMMENT ON COLUMN "JAVER"."BLOG"."BLOG_THIRDCOL" IS 'BLOG_THIRDCOL';
   COMMENT ON COLUMN "JAVER"."BLOG"."BLOG_LAYOUT" IS 'BLOG_LAYOUT';
   COMMENT ON COLUMN "JAVER"."BLOG"."BLOG_PAGENUM_COLOR" IS 'BLOG_PAGENUM_COLOR';
   COMMENT ON COLUMN "JAVER"."BLOG"."BLOG_PAGENUM_BACKGROUNDCOLOR" IS 'BLOG_PAGENUM_BACKGROUNDCOLOR';
   COMMENT ON COLUMN "JAVER"."BLOG"."BLOG_TOPIC" IS 'BLOG_TOPIC';
   COMMENT ON TABLE "JAVER"."BLOG"  IS '블로그';
--------------------------------------------------------
--  DDL for Table BLOG_BOARDS
--------------------------------------------------------

  CREATE TABLE "JAVER"."BLOG_BOARDS" 
   (	"BOARD_NO" NUMBER(5,0), 
	"BOARD_TITLE" VARCHAR2(300 BYTE), 
	"BOARD_CONTENTS" VARCHAR2(4000 BYTE), 
	"BOARD_CREATE_DATE" DATE DEFAULT SYSDATE, 
	"CATEGORY_NO" NUMBER(5,0), 
	"BOARD_MAIN_IMG" VARCHAR2(1000 BYTE)
   ) SEGMENT CREATION IMMEDIATE 
  PCTFREE 10 PCTUSED 40 INITRANS 1 MAXTRANS 255 NOCOMPRESS LOGGING
  STORAGE(INITIAL 65536 NEXT 1048576 MINEXTENTS 1 MAXEXTENTS 2147483645
  PCTINCREASE 0 FREELISTS 1 FREELIST GROUPS 1 BUFFER_POOL DEFAULT FLASH_CACHE DEFAULT CELL_FLASH_CACHE DEFAULT)
  TABLESPACE "SYSTEM" ;

   COMMENT ON COLUMN "JAVER"."BLOG_BOARDS"."BOARD_NO" IS 'board_no';
   COMMENT ON COLUMN "JAVER"."BLOG_BOARDS"."BOARD_TITLE" IS 'board_title';
   COMMENT ON COLUMN "JAVER"."BLOG_BOARDS"."BOARD_CONTENTS" IS 'board_contents';
   COMMENT ON COLUMN "JAVER"."BLOG_BOARDS"."BOARD_CREATE_DATE" IS 'board_create_date';
   COMMENT ON COLUMN "JAVER"."BLOG_BOARDS"."CATEGORY_NO" IS 'category_no';
   COMMENT ON TABLE "JAVER"."BLOG_BOARDS"  IS '새 테이블';
--------------------------------------------------------
--  DDL for Table BLOG_BOARDS_COMMENTS
--------------------------------------------------------

  CREATE TABLE "JAVER"."BLOG_BOARDS_COMMENTS" 
   (	"COMMENT_NO" NUMBER(7,0), 
	"COMMENT_CONTENTS" VARCHAR2(200 BYTE), 
	"COMMENT_LIKES" NUMBER(7,0), 
	"BOARD_NO" NUMBER(5,0), 
	"COMMENT_CREATE_DATE" DATE DEFAULT SYSDATE, 
	"PARENTCOMMENT_NO" NUMBER(7,0), 
	"USER_ID" VARCHAR2(200 BYTE) DEFAULT NULL
   ) SEGMENT CREATION IMMEDIATE 
  PCTFREE 10 PCTUSED 40 INITRANS 1 MAXTRANS 255 NOCOMPRESS LOGGING
  STORAGE(INITIAL 65536 NEXT 1048576 MINEXTENTS 1 MAXEXTENTS 2147483645
  PCTINCREASE 0 FREELISTS 1 FREELIST GROUPS 1 BUFFER_POOL DEFAULT FLASH_CACHE DEFAULT CELL_FLASH_CACHE DEFAULT)
  TABLESPACE "SYSTEM" ;

   COMMENT ON COLUMN "JAVER"."BLOG_BOARDS_COMMENTS"."COMMENT_NO" IS 'comments_no';
   COMMENT ON COLUMN "JAVER"."BLOG_BOARDS_COMMENTS"."COMMENT_CONTENTS" IS 'comments_contents';
   COMMENT ON COLUMN "JAVER"."BLOG_BOARDS_COMMENTS"."COMMENT_LIKES" IS 'comments_likes';
   COMMENT ON COLUMN "JAVER"."BLOG_BOARDS_COMMENTS"."BOARD_NO" IS 'board_no';
   COMMENT ON COLUMN "JAVER"."BLOG_BOARDS_COMMENTS"."COMMENT_CREATE_DATE" IS 'comments_create_date';
   COMMENT ON TABLE "JAVER"."BLOG_BOARDS_COMMENTS"  IS '새 테이블';
--------------------------------------------------------
--  DDL for Table BLOG_BOARD_LIKES
--------------------------------------------------------

  CREATE TABLE "JAVER"."BLOG_BOARD_LIKES" 
   (	"LIKES_NO" NUMBER(5,0), 
	"BOARD_NO" NUMBER(5,0), 
	"BLOG_NO" NUMBER(5,0), 
	"LIKE_CREATE_DATE" DATE DEFAULT sysdate
   ) SEGMENT CREATION IMMEDIATE 
  PCTFREE 10 PCTUSED 40 INITRANS 1 MAXTRANS 255 NOCOMPRESS LOGGING
  STORAGE(INITIAL 65536 NEXT 1048576 MINEXTENTS 1 MAXEXTENTS 2147483645
  PCTINCREASE 0 FREELISTS 1 FREELIST GROUPS 1 BUFFER_POOL DEFAULT FLASH_CACHE DEFAULT CELL_FLASH_CACHE DEFAULT)
  TABLESPACE "SYSTEM" ;

   COMMENT ON COLUMN "JAVER"."BLOG_BOARD_LIKES"."LIKES_NO" IS 'likes_no';
   COMMENT ON COLUMN "JAVER"."BLOG_BOARD_LIKES"."BOARD_NO" IS 'board_no';
   COMMENT ON COLUMN "JAVER"."BLOG_BOARD_LIKES"."BLOG_NO" IS 'blog_no : 블로그';
   COMMENT ON TABLE "JAVER"."BLOG_BOARD_LIKES"  IS '새 테이블';
--------------------------------------------------------
--  DDL for Table BLOG_CATEGORY
--------------------------------------------------------

  CREATE TABLE "JAVER"."BLOG_CATEGORY" 
   (	"CATEGORY_NO" NUMBER(5,0), 
	"CATEGORY_TITLE" VARCHAR2(30 BYTE), 
	"CATEGORY_SHOWTYPE" VARCHAR2(30 BYTE), 
	"CATEGORY_ORDERS" VARCHAR2(300 BYTE), 
	"CATEGORY_VISIBILITY" CHAR(1 BYTE) DEFAULT 'A', 
	"SUBCATEGORY_NO" NUMBER(5,0), 
	"CATEGORY_CREATEDATE" DATE
   ) SEGMENT CREATION IMMEDIATE 
  PCTFREE 10 PCTUSED 40 INITRANS 1 MAXTRANS 255 NOCOMPRESS LOGGING
  STORAGE(INITIAL 65536 NEXT 1048576 MINEXTENTS 1 MAXEXTENTS 2147483645
  PCTINCREASE 0 FREELISTS 1 FREELIST GROUPS 1 BUFFER_POOL DEFAULT FLASH_CACHE DEFAULT CELL_FLASH_CACHE DEFAULT)
  TABLESPACE "SYSTEM" ;

   COMMENT ON COLUMN "JAVER"."BLOG_CATEGORY"."CATEGORY_NO" IS 'category_no';
   COMMENT ON COLUMN "JAVER"."BLOG_CATEGORY"."CATEGORY_TITLE" IS 'category_title';
   COMMENT ON COLUMN "JAVER"."BLOG_CATEGORY"."CATEGORY_SHOWTYPE" IS 'category_showtype';
   COMMENT ON COLUMN "JAVER"."BLOG_CATEGORY"."CATEGORY_ORDERS" IS 'category_orders';
   COMMENT ON COLUMN "JAVER"."BLOG_CATEGORY"."CATEGORY_VISIBILITY" IS 'category_visibility';
   COMMENT ON COLUMN "JAVER"."BLOG_CATEGORY"."SUBCATEGORY_NO" IS 'subcategory_no';
   COMMENT ON TABLE "JAVER"."BLOG_CATEGORY"  IS '새 테이블';
--------------------------------------------------------
--  DDL for Table BLOG_HASHTAGS
--------------------------------------------------------

  CREATE TABLE "JAVER"."BLOG_HASHTAGS" 
   (	"HASHTAGS_NO" NUMBER(7,0), 
	"HASHTAG_NAME" VARCHAR2(50 BYTE), 
	"BOARD_NO" NUMBER(5,0), 
	"HASHTAG_CREATE_DATE" DATE
   ) SEGMENT CREATION IMMEDIATE 
  PCTFREE 10 PCTUSED 40 INITRANS 1 MAXTRANS 255 NOCOMPRESS LOGGING
  STORAGE(INITIAL 65536 NEXT 1048576 MINEXTENTS 1 MAXEXTENTS 2147483645
  PCTINCREASE 0 FREELISTS 1 FREELIST GROUPS 1 BUFFER_POOL DEFAULT FLASH_CACHE DEFAULT CELL_FLASH_CACHE DEFAULT)
  TABLESPACE "SYSTEM" ;

   COMMENT ON COLUMN "JAVER"."BLOG_HASHTAGS"."HASHTAGS_NO" IS 'hashtags_no';
   COMMENT ON COLUMN "JAVER"."BLOG_HASHTAGS"."HASHTAG_NAME" IS 'hashtag_name';
   COMMENT ON COLUMN "JAVER"."BLOG_HASHTAGS"."BOARD_NO" IS 'board_no';
   COMMENT ON COLUMN "JAVER"."BLOG_HASHTAGS"."HASHTAG_CREATE_DATE" IS 'hashtag_create_date';
   COMMENT ON TABLE "JAVER"."BLOG_HASHTAGS"  IS '새 테이블';
--------------------------------------------------------
--  DDL for Table BLOG_NEIGHBOR
--------------------------------------------------------

  CREATE TABLE "JAVER"."BLOG_NEIGHBOR" 
   (	"NEIGHBORHOOD_NO" NUMBER(5,0), 
	"BLOG_NO" NUMBER(5,0), 
	"NEIGHBORHOOD_TYPE" VARCHAR2(100 BYTE), 
	"NEIGHBOR_STATUS" VARCHAR2(100 BYTE), 
	"NEIGHBOR_MESSAGE" VARCHAR2(100 BYTE), 
	"NEIGHBOR_CREATE_DATE" DATE DEFAULT sysdate
   ) SEGMENT CREATION IMMEDIATE 
  PCTFREE 10 PCTUSED 40 INITRANS 1 MAXTRANS 255 NOCOMPRESS LOGGING
  STORAGE(INITIAL 65536 NEXT 1048576 MINEXTENTS 1 MAXEXTENTS 2147483645
  PCTINCREASE 0 FREELISTS 1 FREELIST GROUPS 1 BUFFER_POOL DEFAULT FLASH_CACHE DEFAULT CELL_FLASH_CACHE DEFAULT)
  TABLESPACE "SYSTEM" ;

   COMMENT ON COLUMN "JAVER"."BLOG_NEIGHBOR"."NEIGHBORHOOD_NO" IS 'neighborhood_no : 
';
   COMMENT ON COLUMN "JAVER"."BLOG_NEIGHBOR"."BLOG_NO" IS 'blog_no : 블로그';
   COMMENT ON TABLE "JAVER"."BLOG_NEIGHBOR"  IS '새 테이블';
--------------------------------------------------------
--  DDL for Table BLOG_NEIGHBORHOOD
--------------------------------------------------------

  CREATE TABLE "JAVER"."BLOG_NEIGHBORHOOD" 
   (	"NEIGHBORHOOD_NO" NUMBER(5,0), 
	"NEIGHBORHOOD_CREATE_DATE" DATE DEFAULT SYSDATE
   ) SEGMENT CREATION IMMEDIATE 
  PCTFREE 10 PCTUSED 40 INITRANS 1 MAXTRANS 255 NOCOMPRESS LOGGING
  STORAGE(INITIAL 65536 NEXT 1048576 MINEXTENTS 1 MAXEXTENTS 2147483645
  PCTINCREASE 0 FREELISTS 1 FREELIST GROUPS 1 BUFFER_POOL DEFAULT FLASH_CACHE DEFAULT CELL_FLASH_CACHE DEFAULT)
  TABLESPACE "SYSTEM" ;

   COMMENT ON COLUMN "JAVER"."BLOG_NEIGHBORHOOD"."NEIGHBORHOOD_NO" IS 'neighborhood_no : 
';
   COMMENT ON COLUMN "JAVER"."BLOG_NEIGHBORHOOD"."NEIGHBORHOOD_CREATE_DATE" IS 'neighborhood_create_date';
   COMMENT ON TABLE "JAVER"."BLOG_NEIGHBORHOOD"  IS '새 테이블';
--------------------------------------------------------
--  DDL for Table BLOG_SUBCATEGORY
--------------------------------------------------------

  CREATE TABLE "JAVER"."BLOG_SUBCATEGORY" 
   (	"SUBCATEGORY_NO" NUMBER(5,0), 
	"SUBCATEGORY_TITLE" VARCHAR2(30 BYTE), 
	"SUBCATEGORY_VISIBILITY" VARCHAR2(10 BYTE), 
	"SUBCATEGORY_CREATE_DATE" DATE DEFAULT SYSDATE, 
	"BLOG_NO" NUMBER(5,0)
   ) SEGMENT CREATION IMMEDIATE 
  PCTFREE 10 PCTUSED 40 INITRANS 1 MAXTRANS 255 NOCOMPRESS LOGGING
  STORAGE(INITIAL 65536 NEXT 1048576 MINEXTENTS 1 MAXEXTENTS 2147483645
  PCTINCREASE 0 FREELISTS 1 FREELIST GROUPS 1 BUFFER_POOL DEFAULT FLASH_CACHE DEFAULT CELL_FLASH_CACHE DEFAULT)
  TABLESPACE "SYSTEM" ;

   COMMENT ON COLUMN "JAVER"."BLOG_SUBCATEGORY"."SUBCATEGORY_NO" IS 'subcategory_no';
   COMMENT ON COLUMN "JAVER"."BLOG_SUBCATEGORY"."SUBCATEGORY_TITLE" IS 'subcategory_title';
   COMMENT ON COLUMN "JAVER"."BLOG_SUBCATEGORY"."SUBCATEGORY_VISIBILITY" IS 'subcategory_visibility';
   COMMENT ON COLUMN "JAVER"."BLOG_SUBCATEGORY"."SUBCATEGORY_CREATE_DATE" IS 'subcategory_create_date';
   COMMENT ON COLUMN "JAVER"."BLOG_SUBCATEGORY"."BLOG_NO" IS 'blog_no : 블로그';
   COMMENT ON TABLE "JAVER"."BLOG_SUBCATEGORY"  IS '새 테이블';
--------------------------------------------------------
--  DDL for Table BLOG_THEMES
--------------------------------------------------------

  CREATE TABLE "JAVER"."BLOG_THEMES" 
   (	"THEME_NO" NUMBER(7,0), 
	"THEME_FILENAME" VARCHAR2(100 BYTE), 
	"THEME_CREATEDATE" DATE DEFAULT SYSDATE, 
	"THEME_ORDER" NUMBER(5,0)
   ) SEGMENT CREATION IMMEDIATE 
  PCTFREE 10 PCTUSED 40 INITRANS 1 MAXTRANS 255 NOCOMPRESS LOGGING
  STORAGE(INITIAL 65536 NEXT 1048576 MINEXTENTS 1 MAXEXTENTS 2147483645
  PCTINCREASE 0 FREELISTS 1 FREELIST GROUPS 1 BUFFER_POOL DEFAULT FLASH_CACHE DEFAULT CELL_FLASH_CACHE DEFAULT)
  TABLESPACE "SYSTEM" ;

   COMMENT ON COLUMN "JAVER"."BLOG_THEMES"."THEME_NO" IS 'THEME_NO';
   COMMENT ON COLUMN "JAVER"."BLOG_THEMES"."THEME_FILENAME" IS 'THEME_FILENAME';
   COMMENT ON COLUMN "JAVER"."BLOG_THEMES"."THEME_CREATEDATE" IS 'THEME_CREATEDATE';
   COMMENT ON COLUMN "JAVER"."BLOG_THEMES"."THEME_ORDER" IS 'THEME_ORDER';
   COMMENT ON TABLE "JAVER"."BLOG_THEMES"  IS '블로그_테마';
--------------------------------------------------------
--  DDL for Table EXPENSE_TAG
--------------------------------------------------------

  CREATE TABLE "JAVER"."EXPENSE_TAG" 
   (	"TAG_NO" NUMBER(7,0), 
	"EXPENSE_NO" NUMBER(7,0)
   ) SEGMENT CREATION IMMEDIATE 
  PCTFREE 10 PCTUSED 40 INITRANS 1 MAXTRANS 255 NOCOMPRESS LOGGING
  STORAGE(INITIAL 65536 NEXT 1048576 MINEXTENTS 1 MAXEXTENTS 2147483645
  PCTINCREASE 0 FREELISTS 1 FREELIST GROUPS 1 BUFFER_POOL DEFAULT FLASH_CACHE DEFAULT CELL_FLASH_CACHE DEFAULT)
  TABLESPACE "SYSTEM" ;

   COMMENT ON COLUMN "JAVER"."EXPENSE_TAG"."TAG_NO" IS '태그 번호';
   COMMENT ON COLUMN "JAVER"."EXPENSE_TAG"."EXPENSE_NO" IS '지출번호';
   COMMENT ON TABLE "JAVER"."EXPENSE_TAG"  IS '지출 태그';
--------------------------------------------------------
--  DDL for Table GOAL_TAG
--------------------------------------------------------

  CREATE TABLE "JAVER"."GOAL_TAG" 
   (	"TAG_NO" NUMBER(7,0), 
	"GOAL_NO" NUMBER(3,0)
   ) SEGMENT CREATION IMMEDIATE 
  PCTFREE 10 PCTUSED 40 INITRANS 1 MAXTRANS 255 NOCOMPRESS LOGGING
  STORAGE(INITIAL 65536 NEXT 1048576 MINEXTENTS 1 MAXEXTENTS 2147483645
  PCTINCREASE 0 FREELISTS 1 FREELIST GROUPS 1 BUFFER_POOL DEFAULT FLASH_CACHE DEFAULT CELL_FLASH_CACHE DEFAULT)
  TABLESPACE "SYSTEM" ;

   COMMENT ON COLUMN "JAVER"."GOAL_TAG"."TAG_NO" IS '태그 번호';
   COMMENT ON COLUMN "JAVER"."GOAL_TAG"."GOAL_NO" IS '목표 번호';
   COMMENT ON TABLE "JAVER"."GOAL_TAG"  IS '목표 태그';
--------------------------------------------------------
--  DDL for Table INCOME_TAG
--------------------------------------------------------

  CREATE TABLE "JAVER"."INCOME_TAG" 
   (	"TAG_NO" NUMBER(7,0), 
	"INCOME_NO" NUMBER(10,0)
   ) SEGMENT CREATION IMMEDIATE 
  PCTFREE 10 PCTUSED 40 INITRANS 1 MAXTRANS 255 NOCOMPRESS LOGGING
  STORAGE(INITIAL 65536 NEXT 1048576 MINEXTENTS 1 MAXEXTENTS 2147483645
  PCTINCREASE 0 FREELISTS 1 FREELIST GROUPS 1 BUFFER_POOL DEFAULT FLASH_CACHE DEFAULT CELL_FLASH_CACHE DEFAULT)
  TABLESPACE "SYSTEM" ;

   COMMENT ON COLUMN "JAVER"."INCOME_TAG"."TAG_NO" IS '태그 번호';
   COMMENT ON COLUMN "JAVER"."INCOME_TAG"."INCOME_NO" IS '수입 번호';
   COMMENT ON TABLE "JAVER"."INCOME_TAG"  IS '수입태그';
--------------------------------------------------------
--  DDL for Table JISIKIN
--------------------------------------------------------

  CREATE TABLE "JAVER"."JISIKIN" 
   (	"JISIKIN_NO" NUMBER(5,0), 
	"JISIKIN_TITLE" VARCHAR2(200 BYTE), 
	"JISIKIN_CONTENT" VARCHAR2(4000 BYTE), 
	"JISIKIN_DEADLINE_YN" CHAR(1 BYTE) DEFAULT 'N', 
	"JISIKIN_SECRET_YN" CHAR(1 BYTE) DEFAULT (null), 
	"JISIKIN_CREATE_DATE" DATE DEFAULT SYSDATE, 
	"USER_ID" VARCHAR2(50 BYTE), 
	"JISIKIN_MENTAL_POINT" NUMBER(5,0), 
	"JISIKIN_RECOMMEND" NUMBER(7,0) DEFAULT 0, 
	"CATEGORY_NO" NUMBER(5,0), 
	"JISIKIN_VIEWCNT" NUMBER(10,0) DEFAULT 0
   ) SEGMENT CREATION IMMEDIATE 
  PCTFREE 10 PCTUSED 40 INITRANS 1 MAXTRANS 255 NOCOMPRESS LOGGING
  STORAGE(INITIAL 65536 NEXT 1048576 MINEXTENTS 1 MAXEXTENTS 2147483645
  PCTINCREASE 0 FREELISTS 1 FREELIST GROUPS 1 BUFFER_POOL DEFAULT FLASH_CACHE DEFAULT CELL_FLASH_CACHE DEFAULT)
  TABLESPACE "SYSTEM" ;

   COMMENT ON COLUMN "JAVER"."JISIKIN"."JISIKIN_NO" IS '지식인_번호';
   COMMENT ON COLUMN "JAVER"."JISIKIN"."JISIKIN_TITLE" IS '지식인_제목';
   COMMENT ON COLUMN "JAVER"."JISIKIN"."JISIKIN_CONTENT" IS '지식인_내용';
   COMMENT ON COLUMN "JAVER"."JISIKIN"."JISIKIN_DEADLINE_YN" IS '지식인_마감여부';
   COMMENT ON COLUMN "JAVER"."JISIKIN"."JISIKIN_SECRET_YN" IS '지식인_아이디공개여부';
   COMMENT ON COLUMN "JAVER"."JISIKIN"."JISIKIN_CREATE_DATE" IS '지식인_작성일';
   COMMENT ON COLUMN "JAVER"."JISIKIN"."USER_ID" IS '회원_아이디';
   COMMENT ON COLUMN "JAVER"."JISIKIN"."JISIKIN_MENTAL_POINT" IS '지식인_내공';
   COMMENT ON COLUMN "JAVER"."JISIKIN"."JISIKIN_RECOMMEND" IS '지식인_추천
';
   COMMENT ON COLUMN "JAVER"."JISIKIN"."CATEGORY_NO" IS '카테고리_번호
';
   COMMENT ON COLUMN "JAVER"."JISIKIN"."JISIKIN_VIEWCNT" IS '지식인_조회수
';
   COMMENT ON TABLE "JAVER"."JISIKIN"  IS '지식인_질문';
--------------------------------------------------------
--  DDL for Table JISIKIN_ANSWER
--------------------------------------------------------

  CREATE TABLE "JAVER"."JISIKIN_ANSWER" 
   (	"ANSWER_NO" NUMBER(4,0), 
	"ANSWER_CREATE_DATE" DATE DEFAULT SYSDATE, 
	"ANSWER_SELECTED_YN" CHAR(1 BYTE) DEFAULT 'N', 
	"ANSWER_SECRET_YN" CHAR(1 BYTE), 
	"JISIKIN_NO" NUMBER(5,0), 
	"USER_ID" VARCHAR2(50 BYTE), 
	"ANSWER_CONTENTS" VARCHAR2(4000 BYTE)
   ) SEGMENT CREATION IMMEDIATE 
  PCTFREE 10 PCTUSED 40 INITRANS 1 MAXTRANS 255 NOCOMPRESS LOGGING
  STORAGE(INITIAL 65536 NEXT 1048576 MINEXTENTS 1 MAXEXTENTS 2147483645
  PCTINCREASE 0 FREELISTS 1 FREELIST GROUPS 1 BUFFER_POOL DEFAULT FLASH_CACHE DEFAULT CELL_FLASH_CACHE DEFAULT)
  TABLESPACE "SYSTEM" ;

   COMMENT ON COLUMN "JAVER"."JISIKIN_ANSWER"."ANSWER_NO" IS '답변_번호';
   COMMENT ON COLUMN "JAVER"."JISIKIN_ANSWER"."ANSWER_CREATE_DATE" IS '답변_작성일';
   COMMENT ON COLUMN "JAVER"."JISIKIN_ANSWER"."ANSWER_SELECTED_YN" IS '답변_채택여부';
   COMMENT ON COLUMN "JAVER"."JISIKIN_ANSWER"."ANSWER_SECRET_YN" IS '답변_아이디공개여부';
   COMMENT ON COLUMN "JAVER"."JISIKIN_ANSWER"."JISIKIN_NO" IS '지식인_번호';
   COMMENT ON COLUMN "JAVER"."JISIKIN_ANSWER"."USER_ID" IS '회원_아이디';
   COMMENT ON COLUMN "JAVER"."JISIKIN_ANSWER"."ANSWER_CONTENTS" IS '답변_내용
';
   COMMENT ON TABLE "JAVER"."JISIKIN_ANSWER"  IS '지식인_답변';
--------------------------------------------------------
--  DDL for Table JISIKIN_CATEGORY
--------------------------------------------------------

  CREATE TABLE "JAVER"."JISIKIN_CATEGORY" 
   (	"CATEGORY_NO" NUMBER(5,0), 
	"CATEGORY_NAME" VARCHAR2(500 BYTE), 
	"CATEGORY_PARENT_NO" NUMBER(5,0)
   ) SEGMENT CREATION IMMEDIATE 
  PCTFREE 10 PCTUSED 40 INITRANS 1 MAXTRANS 255 NOCOMPRESS LOGGING
  STORAGE(INITIAL 65536 NEXT 1048576 MINEXTENTS 1 MAXEXTENTS 2147483645
  PCTINCREASE 0 FREELISTS 1 FREELIST GROUPS 1 BUFFER_POOL DEFAULT FLASH_CACHE DEFAULT CELL_FLASH_CACHE DEFAULT)
  TABLESPACE "SYSTEM" ;

   COMMENT ON COLUMN "JAVER"."JISIKIN_CATEGORY"."CATEGORY_NO" IS '지식인_카테고리_번호';
   COMMENT ON COLUMN "JAVER"."JISIKIN_CATEGORY"."CATEGORY_NAME" IS '지식인_카테고리_이름';
   COMMENT ON COLUMN "JAVER"."JISIKIN_CATEGORY"."CATEGORY_PARENT_NO" IS '지식인_상위카테고리_번호';
   COMMENT ON TABLE "JAVER"."JISIKIN_CATEGORY"  IS '지식인_카테고리';
--------------------------------------------------------
--  DDL for Table JISIKIN_COMMENT
--------------------------------------------------------

  CREATE TABLE "JAVER"."JISIKIN_COMMENT" 
   (	"COMMENT_NO" NUMBER(3,0), 
	"COMMENT_WRITER" VARCHAR2(50 BYTE), 
	"COMMENT_CONTENTS" VARCHAR2(1000 BYTE), 
	"COMMENT_CREATE_DATE" DATE DEFAULT SYSDATE, 
	"ANSWER_NO" NUMBER(4,0)
   ) SEGMENT CREATION IMMEDIATE 
  PCTFREE 10 PCTUSED 40 INITRANS 1 MAXTRANS 255 NOCOMPRESS LOGGING
  STORAGE(INITIAL 65536 NEXT 1048576 MINEXTENTS 1 MAXEXTENTS 2147483645
  PCTINCREASE 0 FREELISTS 1 FREELIST GROUPS 1 BUFFER_POOL DEFAULT FLASH_CACHE DEFAULT CELL_FLASH_CACHE DEFAULT)
  TABLESPACE "SYSTEM" ;

   COMMENT ON COLUMN "JAVER"."JISIKIN_COMMENT"."COMMENT_NO" IS '댓글_번호';
   COMMENT ON COLUMN "JAVER"."JISIKIN_COMMENT"."COMMENT_WRITER" IS '답변_댓글_작성자';
   COMMENT ON COLUMN "JAVER"."JISIKIN_COMMENT"."COMMENT_CONTENTS" IS '답변_댓글_내용';
   COMMENT ON COLUMN "JAVER"."JISIKIN_COMMENT"."COMMENT_CREATE_DATE" IS '답변_댓글_작성일';
   COMMENT ON COLUMN "JAVER"."JISIKIN_COMMENT"."ANSWER_NO" IS '답변_번호';
   COMMENT ON TABLE "JAVER"."JISIKIN_COMMENT"  IS '지식인_답변_댓글';
--------------------------------------------------------
--  DDL for Table JISIKIN_TAG
--------------------------------------------------------

  CREATE TABLE "JAVER"."JISIKIN_TAG" 
   (	"TAG_NO" NUMBER(4,0), 
	"TAG_NAME" VARCHAR2(20 BYTE), 
	"JISIKIN_NO" NUMBER(5,0)
   ) SEGMENT CREATION IMMEDIATE 
  PCTFREE 10 PCTUSED 40 INITRANS 1 MAXTRANS 255 NOCOMPRESS LOGGING
  STORAGE(INITIAL 65536 NEXT 1048576 MINEXTENTS 1 MAXEXTENTS 2147483645
  PCTINCREASE 0 FREELISTS 1 FREELIST GROUPS 1 BUFFER_POOL DEFAULT FLASH_CACHE DEFAULT CELL_FLASH_CACHE DEFAULT)
  TABLESPACE "SYSTEM" ;

   COMMENT ON COLUMN "JAVER"."JISIKIN_TAG"."TAG_NO" IS '태그_번호';
   COMMENT ON COLUMN "JAVER"."JISIKIN_TAG"."TAG_NAME" IS '태그_이름';
   COMMENT ON COLUMN "JAVER"."JISIKIN_TAG"."JISIKIN_NO" IS '지식인_번호';
   COMMENT ON TABLE "JAVER"."JISIKIN_TAG"  IS '지식인_태그';
--------------------------------------------------------
--  DDL for Table JOIN_ITEMS
--------------------------------------------------------

  CREATE TABLE "JAVER"."JOIN_ITEMS" 
   (	"JOIN_ITEM_NO" NUMBER(5,0), 
	"JOIN_NO" NUMBER(5,0), 
	"LIMIT_PERSON" NUMBER(5,0), 
	"JOIN_COUNT" NUMBER(5,0), 
	"START_TIME" DATE, 
	"END_TIME" DATE
   ) SEGMENT CREATION IMMEDIATE 
  PCTFREE 10 PCTUSED 40 INITRANS 1 MAXTRANS 255 NOCOMPRESS LOGGING
  STORAGE(INITIAL 65536 NEXT 1048576 MINEXTENTS 1 MAXEXTENTS 2147483645
  PCTINCREASE 0 FREELISTS 1 FREELIST GROUPS 1 BUFFER_POOL DEFAULT FLASH_CACHE DEFAULT CELL_FLASH_CACHE DEFAULT)
  TABLESPACE "SYSTEM" ;

   COMMENT ON COLUMN "JAVER"."JOIN_ITEMS"."JOIN_ITEM_NO" IS '참가신청_내용_번호';
   COMMENT ON COLUMN "JAVER"."JOIN_ITEMS"."JOIN_NO" IS '참가신청_번호';
   COMMENT ON COLUMN "JAVER"."JOIN_ITEMS"."LIMIT_PERSON" IS '인원제한';
   COMMENT ON COLUMN "JAVER"."JOIN_ITEMS"."JOIN_COUNT" IS '참여인원';
   COMMENT ON COLUMN "JAVER"."JOIN_ITEMS"."START_TIME" IS '시작_시간';
   COMMENT ON COLUMN "JAVER"."JOIN_ITEMS"."END_TIME" IS '종료_시간';
   COMMENT ON TABLE "JAVER"."JOIN_ITEMS"  IS '참가신청_아이템';
--------------------------------------------------------
--  DDL for Table NBBANG_ITEMS
--------------------------------------------------------

  CREATE TABLE "JAVER"."NBBANG_ITEMS" 
   (	"ITEM_NO" NUMBER(4,0), 
	"ITEM_PERSON" VARCHAR2(100 BYTE), 
	"NBB_NO" NUMBER(5,0)
   ) SEGMENT CREATION IMMEDIATE 
  PCTFREE 10 PCTUSED 40 INITRANS 1 MAXTRANS 255 NOCOMPRESS LOGGING
  STORAGE(INITIAL 65536 NEXT 1048576 MINEXTENTS 1 MAXEXTENTS 2147483645
  PCTINCREASE 0 FREELISTS 1 FREELIST GROUPS 1 BUFFER_POOL DEFAULT FLASH_CACHE DEFAULT CELL_FLASH_CACHE DEFAULT)
  TABLESPACE "SYSTEM" ;

   COMMENT ON COLUMN "JAVER"."NBBANG_ITEMS"."ITEM_NO" IS '아이템_번호';
   COMMENT ON COLUMN "JAVER"."NBBANG_ITEMS"."ITEM_PERSON" IS '분할_사람';
   COMMENT ON COLUMN "JAVER"."NBBANG_ITEMS"."NBB_NO" IS '엔빵_번호';
   COMMENT ON TABLE "JAVER"."NBBANG_ITEMS"  IS '엔빵_아이템';
--------------------------------------------------------
--  DDL for Table NOTICES
--------------------------------------------------------

  CREATE TABLE "JAVER"."NOTICES" 
   (	"NOTICE_NO" NUMBER(7,0), 
	"NOTICE_TITLE" VARCHAR2(200 BYTE), 
	"NOTICE_CONTENTS" VARCHAR2(3000 BYTE), 
	"NOTICE_CREATE_DATE" DATE DEFAULT sysdate
   ) SEGMENT CREATION IMMEDIATE 
  PCTFREE 10 PCTUSED 40 INITRANS 1 MAXTRANS 255 NOCOMPRESS LOGGING
  STORAGE(INITIAL 65536 NEXT 1048576 MINEXTENTS 1 MAXEXTENTS 2147483645
  PCTINCREASE 0 FREELISTS 1 FREELIST GROUPS 1 BUFFER_POOL DEFAULT FLASH_CACHE DEFAULT CELL_FLASH_CACHE DEFAULT)
  TABLESPACE "SYSTEM" ;
--------------------------------------------------------
--  DDL for Table SEARCH_WORD
--------------------------------------------------------

  CREATE TABLE "JAVER"."SEARCH_WORD" 
   (	"WORD_NO" NUMBER(10,0), 
	"WORD_NAME" VARCHAR2(500 BYTE), 
	"WORD_COUNT" NUMBER(10,0) DEFAULT 0, 
	"WORD_CREATE_DATE" DATE DEFAULT SYSDATE
   ) SEGMENT CREATION IMMEDIATE 
  PCTFREE 10 PCTUSED 40 INITRANS 1 MAXTRANS 255 NOCOMPRESS LOGGING
  STORAGE(INITIAL 65536 NEXT 1048576 MINEXTENTS 1 MAXEXTENTS 2147483645
  PCTINCREASE 0 FREELISTS 1 FREELIST GROUPS 1 BUFFER_POOL DEFAULT FLASH_CACHE DEFAULT CELL_FLASH_CACHE DEFAULT)
  TABLESPACE "SYSTEM" ;

   COMMENT ON COLUMN "JAVER"."SEARCH_WORD"."WORD_NO" IS '검색번호
';
   COMMENT ON COLUMN "JAVER"."SEARCH_WORD"."WORD_NAME" IS '검색어
';
   COMMENT ON COLUMN "JAVER"."SEARCH_WORD"."WORD_COUNT" IS '검색수';
   COMMENT ON COLUMN "JAVER"."SEARCH_WORD"."WORD_CREATE_DATE" IS '검색일';
   COMMENT ON TABLE "JAVER"."SEARCH_WORD"  IS '검색어';
--------------------------------------------------------
--  DDL for Table SERIES_CARTS
--------------------------------------------------------

  CREATE TABLE "JAVER"."SERIES_CARTS" 
   (	"CART_NO" NUMBER(3,0), 
	"EPISODE_NO" NUMBER(4,0), 
	"USER_ID" VARCHAR2(50 BYTE), 
	"CART_CREATE_DATE" DATE
   ) SEGMENT CREATION IMMEDIATE 
  PCTFREE 10 PCTUSED 40 INITRANS 1 MAXTRANS 255 NOCOMPRESS LOGGING
  STORAGE(INITIAL 65536 NEXT 1048576 MINEXTENTS 1 MAXEXTENTS 2147483645
  PCTINCREASE 0 FREELISTS 1 FREELIST GROUPS 1 BUFFER_POOL DEFAULT FLASH_CACHE DEFAULT CELL_FLASH_CACHE DEFAULT)
  TABLESPACE "SYSTEM" ;

   COMMENT ON COLUMN "JAVER"."SERIES_CARTS"."CART_NO" IS 'cart_no';
   COMMENT ON COLUMN "JAVER"."SERIES_CARTS"."EPISODE_NO" IS 'episode_no';
   COMMENT ON COLUMN "JAVER"."SERIES_CARTS"."USER_ID" IS '회원_아이디';
   COMMENT ON TABLE "JAVER"."SERIES_CARTS"  IS 'series_carts';
--------------------------------------------------------
--  DDL for Table SERIES_CATEGORIES
--------------------------------------------------------

  CREATE TABLE "JAVER"."SERIES_CATEGORIES" 
   (	"CATEGORY_NO" NUMBER(2,0), 
	"CATEGORY_NAME" VARCHAR2(50 BYTE)
   ) SEGMENT CREATION IMMEDIATE 
  PCTFREE 10 PCTUSED 40 INITRANS 1 MAXTRANS 255 NOCOMPRESS LOGGING
  STORAGE(INITIAL 65536 NEXT 1048576 MINEXTENTS 1 MAXEXTENTS 2147483645
  PCTINCREASE 0 FREELISTS 1 FREELIST GROUPS 1 BUFFER_POOL DEFAULT FLASH_CACHE DEFAULT CELL_FLASH_CACHE DEFAULT)
  TABLESPACE "SYSTEM" ;

   COMMENT ON COLUMN "JAVER"."SERIES_CATEGORIES"."CATEGORY_NO" IS 'category_no';
   COMMENT ON COLUMN "JAVER"."SERIES_CATEGORIES"."CATEGORY_NAME" IS 'category_name';
   COMMENT ON TABLE "JAVER"."SERIES_CATEGORIES"  IS 'series_categories';
--------------------------------------------------------
--  DDL for Table SERIES_EPISODES
--------------------------------------------------------

  CREATE TABLE "JAVER"."SERIES_EPISODES" 
   (	"EPISODE_NO" NUMBER(4,0), 
	"VOD_NO" NUMBER(7,0), 
	"EPISODE_TITLE" VARCHAR2(10 BYTE), 
	"EPISODE_DATE" DATE, 
	"EPISODE_SUMMARY" VARCHAR2(1000 BYTE), 
	"EPISODE_CREATE_DATE" DATE, 
	"EPISODE_PRICE" NUMBER(5,0), 
	"EPISODE_CONTENTS" VARCHAR2(300 BYTE)
   ) SEGMENT CREATION IMMEDIATE 
  PCTFREE 10 PCTUSED 40 INITRANS 1 MAXTRANS 255 NOCOMPRESS LOGGING
  STORAGE(INITIAL 65536 NEXT 1048576 MINEXTENTS 1 MAXEXTENTS 2147483645
  PCTINCREASE 0 FREELISTS 1 FREELIST GROUPS 1 BUFFER_POOL DEFAULT FLASH_CACHE DEFAULT CELL_FLASH_CACHE DEFAULT)
  TABLESPACE "SYSTEM" ;

   COMMENT ON COLUMN "JAVER"."SERIES_EPISODES"."EPISODE_NO" IS 'episode_no';
   COMMENT ON COLUMN "JAVER"."SERIES_EPISODES"."VOD_NO" IS 'vod_no';
   COMMENT ON COLUMN "JAVER"."SERIES_EPISODES"."EPISODE_TITLE" IS 'episode_title';
   COMMENT ON COLUMN "JAVER"."SERIES_EPISODES"."EPISODE_DATE" IS 'episode_date';
   COMMENT ON COLUMN "JAVER"."SERIES_EPISODES"."EPISODE_SUMMARY" IS 'episode_summary';
   COMMENT ON TABLE "JAVER"."SERIES_EPISODES"  IS 'series_episodes';
--------------------------------------------------------
--  DDL for Table SERIES_LIKES
--------------------------------------------------------

  CREATE TABLE "JAVER"."SERIES_LIKES" 
   (	"LIKE_NO" NUMBER(7,0), 
	"VOD_NO" NUMBER(7,0), 
	"USER_ID" VARCHAR2(50 BYTE), 
	"LIKE_CREATE_DATE" DATE
   ) SEGMENT CREATION IMMEDIATE 
  PCTFREE 10 PCTUSED 40 INITRANS 1 MAXTRANS 255 NOCOMPRESS LOGGING
  STORAGE(INITIAL 65536 NEXT 1048576 MINEXTENTS 1 MAXEXTENTS 2147483645
  PCTINCREASE 0 FREELISTS 1 FREELIST GROUPS 1 BUFFER_POOL DEFAULT FLASH_CACHE DEFAULT CELL_FLASH_CACHE DEFAULT)
  TABLESPACE "SYSTEM" ;

   COMMENT ON COLUMN "JAVER"."SERIES_LIKES"."LIKE_NO" IS 'like_no';
   COMMENT ON COLUMN "JAVER"."SERIES_LIKES"."VOD_NO" IS 'vod_no';
   COMMENT ON COLUMN "JAVER"."SERIES_LIKES"."USER_ID" IS '회원_아이디';
   COMMENT ON TABLE "JAVER"."SERIES_LIKES"  IS 'series_likes';
--------------------------------------------------------
--  DDL for Table SERIES_NOTICES
--------------------------------------------------------

  CREATE TABLE "JAVER"."SERIES_NOTICES" 
   (	"NOTICE_NO" NUMBER(3,0), 
	"NOTICE_TITLE" VARCHAR2(200 BYTE), 
	"NOTICE_CONTENTS" VARCHAR2(3000 BYTE), 
	"NOTICE_CREATE_DATE" DATE DEFAULT sysdate
   ) SEGMENT CREATION IMMEDIATE 
  PCTFREE 10 PCTUSED 40 INITRANS 1 MAXTRANS 255 NOCOMPRESS LOGGING
  STORAGE(INITIAL 65536 NEXT 1048576 MINEXTENTS 1 MAXEXTENTS 2147483645
  PCTINCREASE 0 FREELISTS 1 FREELIST GROUPS 1 BUFFER_POOL DEFAULT FLASH_CACHE DEFAULT CELL_FLASH_CACHE DEFAULT)
  TABLESPACE "SYSTEM" ;
--------------------------------------------------------
--  DDL for Table SERIES_ORDERS
--------------------------------------------------------

  CREATE TABLE "JAVER"."SERIES_ORDERS" 
   (	"ORDER_NO" NUMBER(4,0), 
	"EPISODE_NO" NUMBER(4,0), 
	"USER_ID" VARCHAR2(50 BYTE), 
	"ORDER_CREATE_DATE" DATE
   ) SEGMENT CREATION IMMEDIATE 
  PCTFREE 10 PCTUSED 40 INITRANS 1 MAXTRANS 255 NOCOMPRESS LOGGING
  STORAGE(INITIAL 65536 NEXT 1048576 MINEXTENTS 1 MAXEXTENTS 2147483645
  PCTINCREASE 0 FREELISTS 1 FREELIST GROUPS 1 BUFFER_POOL DEFAULT FLASH_CACHE DEFAULT CELL_FLASH_CACHE DEFAULT)
  TABLESPACE "SYSTEM" ;

   COMMENT ON COLUMN "JAVER"."SERIES_ORDERS"."ORDER_NO" IS 'order_no';
   COMMENT ON COLUMN "JAVER"."SERIES_ORDERS"."EPISODE_NO" IS 'episode_no';
   COMMENT ON COLUMN "JAVER"."SERIES_ORDERS"."USER_ID" IS '회원_아이디';
   COMMENT ON TABLE "JAVER"."SERIES_ORDERS"  IS 'series_orders';
--------------------------------------------------------
--  DDL for Table SERIES_REVIEWS
--------------------------------------------------------

  CREATE TABLE "JAVER"."SERIES_REVIEWS" 
   (	"REVIEW_NO" NUMBER(7,0), 
	"USER_ID" VARCHAR2(50 BYTE), 
	"VOD_NO" NUMBER(7,0), 
	"REVIEW_CONTENTS" VARCHAR2(300 BYTE), 
	"REVIEW_CREATE_DATE" DATE
   ) SEGMENT CREATION IMMEDIATE 
  PCTFREE 10 PCTUSED 40 INITRANS 1 MAXTRANS 255 NOCOMPRESS LOGGING
  STORAGE(INITIAL 65536 NEXT 1048576 MINEXTENTS 1 MAXEXTENTS 2147483645
  PCTINCREASE 0 FREELISTS 1 FREELIST GROUPS 1 BUFFER_POOL DEFAULT FLASH_CACHE DEFAULT CELL_FLASH_CACHE DEFAULT)
  TABLESPACE "SYSTEM" ;
--------------------------------------------------------
--  DDL for Table SERIES_REVIEW_REPUTATIONS
--------------------------------------------------------

  CREATE TABLE "JAVER"."SERIES_REVIEW_REPUTATIONS" 
   (	"REPUTATION_NO" NUMBER(5,0), 
	"USER_ID" VARCHAR2(50 BYTE), 
	"REVIEW_NO" NUMBER(7,0), 
	"REPUTATION_LIKE" CHAR(1 BYTE), 
	"REPUTATION_DISLIKE" CHAR(1 BYTE), 
	"REPUTATION_CREATE_DATE" DATE
   ) SEGMENT CREATION IMMEDIATE 
  PCTFREE 10 PCTUSED 40 INITRANS 1 MAXTRANS 255 NOCOMPRESS LOGGING
  STORAGE(INITIAL 65536 NEXT 1048576 MINEXTENTS 1 MAXEXTENTS 2147483645
  PCTINCREASE 0 FREELISTS 1 FREELIST GROUPS 1 BUFFER_POOL DEFAULT FLASH_CACHE DEFAULT CELL_FLASH_CACHE DEFAULT)
  TABLESPACE "SYSTEM" ;
--------------------------------------------------------
--  DDL for Table SERIES_VODS
--------------------------------------------------------

  CREATE TABLE "JAVER"."SERIES_VODS" 
   (	"VOD_NO" NUMBER(7,0), 
	"CATEGORY_NO" NUMBER(2,0), 
	"VOD_IMG" VARCHAR2(50 BYTE), 
	"VOD_RUNNING_TIME" NUMBER(3,0), 
	"VOD_AIR_START_DATE" DATE, 
	"VOD_AIR_FINISH_DATE" DATE, 
	"VOD_GRADE" VARCHAR2(18 BYTE), 
	"VOD_ACTOR" VARCHAR2(200 BYTE), 
	"VOD_DIRECTOR" VARCHAR2(60 BYTE), 
	"VOD_DESCRIPTION" VARCHAR2(1000 BYTE), 
	"VOD_TITLE" VARCHAR2(100 BYTE), 
	"VOD_PRICE" NUMBER(5,0), 
	"VOD_CREATE_DATE" DATE DEFAULT SYSDATE, 
	"VOD_IS_END" VARCHAR2(15 BYTE)
   ) SEGMENT CREATION IMMEDIATE 
  PCTFREE 10 PCTUSED 40 INITRANS 1 MAXTRANS 255 NOCOMPRESS LOGGING
  STORAGE(INITIAL 65536 NEXT 1048576 MINEXTENTS 1 MAXEXTENTS 2147483645
  PCTINCREASE 0 FREELISTS 1 FREELIST GROUPS 1 BUFFER_POOL DEFAULT FLASH_CACHE DEFAULT CELL_FLASH_CACHE DEFAULT)
  TABLESPACE "SYSTEM" ;

   COMMENT ON COLUMN "JAVER"."SERIES_VODS"."VOD_NO" IS 'vod_no';
   COMMENT ON COLUMN "JAVER"."SERIES_VODS"."CATEGORY_NO" IS 'category_no';
   COMMENT ON COLUMN "JAVER"."SERIES_VODS"."VOD_IMG" IS 'vod_img';
   COMMENT ON COLUMN "JAVER"."SERIES_VODS"."VOD_RUNNING_TIME" IS 'vod_running_time';
   COMMENT ON COLUMN "JAVER"."SERIES_VODS"."VOD_AIR_START_DATE" IS 'vod_air_start_date';
   COMMENT ON COLUMN "JAVER"."SERIES_VODS"."VOD_AIR_FINISH_DATE" IS 'vod_air_finish_date';
   COMMENT ON COLUMN "JAVER"."SERIES_VODS"."VOD_GRADE" IS 'vod_grade';
   COMMENT ON COLUMN "JAVER"."SERIES_VODS"."VOD_ACTOR" IS 'vod_leading_actor';
   COMMENT ON COLUMN "JAVER"."SERIES_VODS"."VOD_DIRECTOR" IS 'vod_director';
   COMMENT ON COLUMN "JAVER"."SERIES_VODS"."VOD_DESCRIPTION" IS 'vod_description';
   COMMENT ON COLUMN "JAVER"."SERIES_VODS"."VOD_TITLE" IS 'vod_title';
   COMMENT ON COLUMN "JAVER"."SERIES_VODS"."VOD_PRICE" IS 'vod_price';
   COMMENT ON COLUMN "JAVER"."SERIES_VODS"."VOD_CREATE_DATE" IS 'vod_create_date';
   COMMENT ON TABLE "JAVER"."SERIES_VODS"  IS 'series_vods';
--------------------------------------------------------
--  DDL for Table TEMP
--------------------------------------------------------

  CREATE TABLE "JAVER"."TEMP" 
   (	"VOD_NO" NUMBER(7,0), 
	"CATEGORY_NO" NUMBER(2,0), 
	"VOD_IMG" VARCHAR2(50 BYTE), 
	"VOD_TITLE" VARCHAR2(100 BYTE), 
	"VOD_RUNNING_TIME" NUMBER(3,0), 
	"VOD_AIR_START_DATE" DATE, 
	"VOD_AIR_FINISH_DATE" DATE, 
	"VOD_IS_END" VARCHAR2(15 BYTE), 
	"VOD_GRADE" VARCHAR2(18 BYTE), 
	"VOD_ACTOR" VARCHAR2(200 BYTE), 
	"VOD_DIRECTOR" VARCHAR2(60 BYTE), 
	"VOD_DESCRIPTION" VARCHAR2(1000 BYTE), 
	"VOD_PRICE" NUMBER(5,0), 
	"VOD_CREATE_DATE" DATE
   ) SEGMENT CREATION IMMEDIATE 
  PCTFREE 10 PCTUSED 40 INITRANS 1 MAXTRANS 255 NOCOMPRESS LOGGING
  STORAGE(INITIAL 65536 NEXT 1048576 MINEXTENTS 1 MAXEXTENTS 2147483645
  PCTINCREASE 0 FREELISTS 1 FREELIST GROUPS 1 BUFFER_POOL DEFAULT FLASH_CACHE DEFAULT CELL_FLASH_CACHE DEFAULT)
  TABLESPACE "SYSTEM" ;
--------------------------------------------------------
--  DDL for Table TV
--------------------------------------------------------

  CREATE TABLE "JAVER"."TV" 
   (	"TV_NO" NUMBER(5,0), 
	"TV_TITLE" VARCHAR2(300 BYTE), 
	"TV_CONTENTS" VARCHAR2(2000 BYTE), 
	"TV_VIEWS" NUMBER(9,0) DEFAULT 0, 
	"TV_VIDEONAME" VARCHAR2(300 BYTE), 
	"CREATE_DATE" DATE DEFAULT sysdate, 
	"PLAYLIST_NO" NUMBER(5,0), 
	"TV_PLAYTIME" NUMBER(4,0), 
	"TV_THUMBNAIL" VARCHAR2(300 BYTE) DEFAULT 'noImage.png'
   ) SEGMENT CREATION IMMEDIATE 
  PCTFREE 10 PCTUSED 40 INITRANS 1 MAXTRANS 255 NOCOMPRESS LOGGING
  STORAGE(INITIAL 65536 NEXT 1048576 MINEXTENTS 1 MAXEXTENTS 2147483645
  PCTINCREASE 0 FREELISTS 1 FREELIST GROUPS 1 BUFFER_POOL DEFAULT FLASH_CACHE DEFAULT CELL_FLASH_CACHE DEFAULT)
  TABLESPACE "SYSTEM" ;

   COMMENT ON COLUMN "JAVER"."TV"."TV_NO" IS 'tv_no';
   COMMENT ON COLUMN "JAVER"."TV"."TV_TITLE" IS 'tv_title';
   COMMENT ON COLUMN "JAVER"."TV"."TV_CONTENTS" IS 'tv_contents';
   COMMENT ON COLUMN "JAVER"."TV"."TV_VIEWS" IS 'tv_views';
   COMMENT ON COLUMN "JAVER"."TV"."TV_VIDEONAME" IS 'tv_videoname';
   COMMENT ON COLUMN "JAVER"."TV"."CREATE_DATE" IS 'create_date';
   COMMENT ON COLUMN "JAVER"."TV"."PLAYLIST_NO" IS 'playlist_no';
   COMMENT ON TABLE "JAVER"."TV"  IS '링크_티비';
--------------------------------------------------------
--  DDL for Table TV_CHANNEL
--------------------------------------------------------

  CREATE TABLE "JAVER"."TV_CHANNEL" 
   (	"CHANNEL_NO" NUMBER(5,0), 
	"CHANNEL_TITLE" VARCHAR2(100 BYTE), 
	"USER_ID" VARCHAR2(50 BYTE)
   ) SEGMENT CREATION IMMEDIATE 
  PCTFREE 10 PCTUSED 40 INITRANS 1 MAXTRANS 255 NOCOMPRESS LOGGING
  STORAGE(INITIAL 65536 NEXT 1048576 MINEXTENTS 1 MAXEXTENTS 2147483645
  PCTINCREASE 0 FREELISTS 1 FREELIST GROUPS 1 BUFFER_POOL DEFAULT FLASH_CACHE DEFAULT CELL_FLASH_CACHE DEFAULT)
  TABLESPACE "SYSTEM" ;

   COMMENT ON COLUMN "JAVER"."TV_CHANNEL"."CHANNEL_NO" IS 'channel_no';
   COMMENT ON COLUMN "JAVER"."TV_CHANNEL"."CHANNEL_TITLE" IS 'channel_title';
   COMMENT ON COLUMN "JAVER"."TV_CHANNEL"."USER_ID" IS '회원_아이디';
   COMMENT ON TABLE "JAVER"."TV_CHANNEL"  IS '내채널';
--------------------------------------------------------
--  DDL for Table TV_COMMENTS
--------------------------------------------------------

  CREATE TABLE "JAVER"."TV_COMMENTS" 
   (	"COMMENT_NO" NUMBER(5,0), 
	"TV_NO" NUMBER(5,0), 
	"COMMENT_CONTENTS" VARCHAR2(600 BYTE), 
	"CREATE_DATE" DATE DEFAULT sysdate, 
	"USER_ID" VARCHAR2(50 BYTE)
   ) SEGMENT CREATION IMMEDIATE 
  PCTFREE 10 PCTUSED 40 INITRANS 1 MAXTRANS 255 NOCOMPRESS LOGGING
  STORAGE(INITIAL 65536 NEXT 1048576 MINEXTENTS 1 MAXEXTENTS 2147483645
  PCTINCREASE 0 FREELISTS 1 FREELIST GROUPS 1 BUFFER_POOL DEFAULT FLASH_CACHE DEFAULT CELL_FLASH_CACHE DEFAULT)
  TABLESPACE "SYSTEM" ;

   COMMENT ON COLUMN "JAVER"."TV_COMMENTS"."COMMENT_NO" IS 'comment_no';
   COMMENT ON COLUMN "JAVER"."TV_COMMENTS"."TV_NO" IS 'tv_no';
   COMMENT ON COLUMN "JAVER"."TV_COMMENTS"."COMMENT_CONTENTS" IS 'comment_contents';
   COMMENT ON COLUMN "JAVER"."TV_COMMENTS"."CREATE_DATE" IS 'comment_create_date';
   COMMENT ON COLUMN "JAVER"."TV_COMMENTS"."USER_ID" IS '회원_아이디';
   COMMENT ON TABLE "JAVER"."TV_COMMENTS"  IS '새 테이블';
--------------------------------------------------------
--  DDL for Table TV_COMMENT_LIKES
--------------------------------------------------------

  CREATE TABLE "JAVER"."TV_COMMENT_LIKES" 
   (	"COMMENT_LIKE_NO" NUMBER(5,0), 
	"COMMNET_STATUS" CHAR(1 BYTE), 
	"COMMENT_NO" NUMBER(5,0), 
	"USER_ID" VARCHAR2(50 BYTE)
   ) SEGMENT CREATION IMMEDIATE 
  PCTFREE 10 PCTUSED 40 INITRANS 1 MAXTRANS 255 NOCOMPRESS LOGGING
  STORAGE(INITIAL 65536 NEXT 1048576 MINEXTENTS 1 MAXEXTENTS 2147483645
  PCTINCREASE 0 FREELISTS 1 FREELIST GROUPS 1 BUFFER_POOL DEFAULT FLASH_CACHE DEFAULT CELL_FLASH_CACHE DEFAULT)
  TABLESPACE "SYSTEM" ;

   COMMENT ON COLUMN "JAVER"."TV_COMMENT_LIKES"."COMMENT_LIKE_NO" IS 'comment_like_no';
   COMMENT ON COLUMN "JAVER"."TV_COMMENT_LIKES"."COMMNET_STATUS" IS 'commnet_status';
   COMMENT ON COLUMN "JAVER"."TV_COMMENT_LIKES"."COMMENT_NO" IS 'comment_no';
   COMMENT ON COLUMN "JAVER"."TV_COMMENT_LIKES"."USER_ID" IS '회원_아이디';
   COMMENT ON TABLE "JAVER"."TV_COMMENT_LIKES"  IS '새 테이블';
--------------------------------------------------------
--  DDL for Table TV_HISTORY
--------------------------------------------------------

  CREATE TABLE "JAVER"."TV_HISTORY" 
   (	"HISTORY_NO" NUMBER(5,0), 
	"TV_NO" NUMBER(5,0), 
	"HISTORY_PLAYTIME" NUMBER(5,0) DEFAULT 0, 
	"USER_ID" VARCHAR2(50 BYTE), 
	"CREATE_DATE" DATE DEFAULT sysdate
   ) SEGMENT CREATION IMMEDIATE 
  PCTFREE 10 PCTUSED 40 INITRANS 1 MAXTRANS 255 NOCOMPRESS LOGGING
  STORAGE(INITIAL 65536 NEXT 1048576 MINEXTENTS 1 MAXEXTENTS 2147483645
  PCTINCREASE 0 FREELISTS 1 FREELIST GROUPS 1 BUFFER_POOL DEFAULT FLASH_CACHE DEFAULT CELL_FLASH_CACHE DEFAULT)
  TABLESPACE "SYSTEM" ;

   COMMENT ON COLUMN "JAVER"."TV_HISTORY"."HISTORY_NO" IS 'history_no';
   COMMENT ON COLUMN "JAVER"."TV_HISTORY"."TV_NO" IS 'tv_no';
   COMMENT ON COLUMN "JAVER"."TV_HISTORY"."HISTORY_PLAYTIME" IS 'history_playtime';
   COMMENT ON COLUMN "JAVER"."TV_HISTORY"."USER_ID" IS '회원_아이디';
   COMMENT ON TABLE "JAVER"."TV_HISTORY"  IS '새 테이블';
--------------------------------------------------------
--  DDL for Table TV_LATER
--------------------------------------------------------

  CREATE TABLE "JAVER"."TV_LATER" 
   (	"LATER_NO" NUMBER(5,0), 
	"TV_NO" NUMBER(5,0), 
	"CREATE_DATE" DATE DEFAULT sysdate, 
	"USER_ID" VARCHAR2(50 BYTE)
   ) SEGMENT CREATION IMMEDIATE 
  PCTFREE 10 PCTUSED 40 INITRANS 1 MAXTRANS 255 NOCOMPRESS LOGGING
  STORAGE(INITIAL 65536 NEXT 1048576 MINEXTENTS 1 MAXEXTENTS 2147483645
  PCTINCREASE 0 FREELISTS 1 FREELIST GROUPS 1 BUFFER_POOL DEFAULT FLASH_CACHE DEFAULT CELL_FLASH_CACHE DEFAULT)
  TABLESPACE "SYSTEM" ;

   COMMENT ON COLUMN "JAVER"."TV_LATER"."LATER_NO" IS 'later_no';
   COMMENT ON COLUMN "JAVER"."TV_LATER"."TV_NO" IS 'tv_no';
   COMMENT ON COLUMN "JAVER"."TV_LATER"."CREATE_DATE" IS 'create_date';
   COMMENT ON COLUMN "JAVER"."TV_LATER"."USER_ID" IS '회원_아이디';
   COMMENT ON TABLE "JAVER"."TV_LATER"  IS '새 테이블';
--------------------------------------------------------
--  DDL for Table TV_LIKES
--------------------------------------------------------

  CREATE TABLE "JAVER"."TV_LIKES" 
   (	"LIKE_NO" NUMBER(5,0), 
	"TV_NO" NUMBER(5,0), 
	"CREATE_DATE" DATE DEFAULT sysdate, 
	"USER_ID" VARCHAR2(50 BYTE)
   ) SEGMENT CREATION IMMEDIATE 
  PCTFREE 10 PCTUSED 40 INITRANS 1 MAXTRANS 255 NOCOMPRESS LOGGING
  STORAGE(INITIAL 65536 NEXT 1048576 MINEXTENTS 1 MAXEXTENTS 2147483645
  PCTINCREASE 0 FREELISTS 1 FREELIST GROUPS 1 BUFFER_POOL DEFAULT FLASH_CACHE DEFAULT CELL_FLASH_CACHE DEFAULT)
  TABLESPACE "SYSTEM" ;

   COMMENT ON COLUMN "JAVER"."TV_LIKES"."LIKE_NO" IS 'like_no';
   COMMENT ON COLUMN "JAVER"."TV_LIKES"."TV_NO" IS 'tv_no';
   COMMENT ON COLUMN "JAVER"."TV_LIKES"."CREATE_DATE" IS 'create_date';
   COMMENT ON COLUMN "JAVER"."TV_LIKES"."USER_ID" IS '회원_아이디';
   COMMENT ON TABLE "JAVER"."TV_LIKES"  IS '새 테이블';
--------------------------------------------------------
--  DDL for Table TV_PLAYLIST
--------------------------------------------------------

  CREATE TABLE "JAVER"."TV_PLAYLIST" 
   (	"PLAYLIST_NO" NUMBER(5,0), 
	"CHANNEL_NO" NUMBER(5,0), 
	"PLAYLIST_TITLE" VARCHAR2(300 BYTE)
   ) SEGMENT CREATION IMMEDIATE 
  PCTFREE 10 PCTUSED 40 INITRANS 1 MAXTRANS 255 NOCOMPRESS LOGGING
  STORAGE(INITIAL 65536 NEXT 1048576 MINEXTENTS 1 MAXEXTENTS 2147483645
  PCTINCREASE 0 FREELISTS 1 FREELIST GROUPS 1 BUFFER_POOL DEFAULT FLASH_CACHE DEFAULT CELL_FLASH_CACHE DEFAULT)
  TABLESPACE "SYSTEM" ;

   COMMENT ON COLUMN "JAVER"."TV_PLAYLIST"."PLAYLIST_NO" IS 'playlist_no';
   COMMENT ON COLUMN "JAVER"."TV_PLAYLIST"."CHANNEL_NO" IS 'channel_no';
   COMMENT ON COLUMN "JAVER"."TV_PLAYLIST"."PLAYLIST_TITLE" IS 'playlist_title';
   COMMENT ON TABLE "JAVER"."TV_PLAYLIST"  IS '새 테이블';
--------------------------------------------------------
--  DDL for Table USERS
--------------------------------------------------------

  CREATE TABLE "JAVER"."USERS" 
   (	"USER_ID" VARCHAR2(50 BYTE), 
	"USER_NAME" VARCHAR2(20 BYTE), 
	"USER_PASSWORD" VARCHAR2(40 BYTE), 
	"USER_NICKNAME" VARCHAR2(100 BYTE), 
	"USER_PHONE" VARCHAR2(20 BYTE), 
	"USER_POINT" NUMBER(7,0) DEFAULT 0, 
	"USER_MENTAL_POINT" NUMBER(4,0) DEFAULT 100, 
	"USER_ISHAVEBLOG" VARCHAR2(20 BYTE) DEFAULT 'N', 
	"USER_NAME_VISIBILITY" VARCHAR2(20 BYTE) DEFAULT 'N', 
	"USER_GENDER" VARCHAR2(20 BYTE) DEFAULT '남자', 
	"USER_GENDER_VISIBILITY" VARCHAR2(20 BYTE) DEFAULT 'N', 
	"USER_IMG" VARCHAR2(20 BYTE) DEFAULT 'blog.png'
   ) SEGMENT CREATION IMMEDIATE 
  PCTFREE 10 PCTUSED 40 INITRANS 1 MAXTRANS 255 NOCOMPRESS LOGGING
  STORAGE(INITIAL 65536 NEXT 1048576 MINEXTENTS 1 MAXEXTENTS 2147483645
  PCTINCREASE 0 FREELISTS 1 FREELIST GROUPS 1 BUFFER_POOL DEFAULT FLASH_CACHE DEFAULT CELL_FLASH_CACHE DEFAULT)
  TABLESPACE "SYSTEM" ;

   COMMENT ON COLUMN "JAVER"."USERS"."USER_ID" IS '회원_아이디';
   COMMENT ON COLUMN "JAVER"."USERS"."USER_NAME" IS '회원_이름';
   COMMENT ON COLUMN "JAVER"."USERS"."USER_PASSWORD" IS '회원_비밀번호';
   COMMENT ON COLUMN "JAVER"."USERS"."USER_NICKNAME" IS '회원_닉네임';
   COMMENT ON COLUMN "JAVER"."USERS"."USER_PHONE" IS '회원_폰';
   COMMENT ON COLUMN "JAVER"."USERS"."USER_POINT" IS '회원_포인트';
   COMMENT ON COLUMN "JAVER"."USERS"."USER_MENTAL_POINT" IS '회원_내공';
   COMMENT ON COLUMN "JAVER"."USERS"."USER_ISHAVEBLOG" IS '회원_블로그유무
';
   COMMENT ON COLUMN "JAVER"."USERS"."USER_NAME_VISIBILITY" IS '회원_이름공개
';
   COMMENT ON COLUMN "JAVER"."USERS"."USER_GENDER" IS '회원_성별
';
   COMMENT ON COLUMN "JAVER"."USERS"."USER_GENDER_VISIBILITY" IS '회원_성별공개
';
   COMMENT ON TABLE "JAVER"."USERS"  IS '회원';
--------------------------------------------------------
--  DDL for Table VOTE_ITEMS
--------------------------------------------------------

  CREATE TABLE "JAVER"."VOTE_ITEMS" 
   (	"VOTE_ITEM_NO" NUMBER(4,0), 
	"VOTE_NO" NUMBER(5,0), 
	"VOTE_CONTENTS" VARCHAR2(100 BYTE), 
	"VOTE_COUNT" NUMBER(5,0) DEFAULT 0, 
	"CAL_NO" NUMBER(5,0)
   ) SEGMENT CREATION IMMEDIATE 
  PCTFREE 10 PCTUSED 40 INITRANS 1 MAXTRANS 255 NOCOMPRESS LOGGING
  STORAGE(INITIAL 65536 NEXT 1048576 MINEXTENTS 1 MAXEXTENTS 2147483645
  PCTINCREASE 0 FREELISTS 1 FREELIST GROUPS 1 BUFFER_POOL DEFAULT FLASH_CACHE DEFAULT CELL_FLASH_CACHE DEFAULT)
  TABLESPACE "SYSTEM" ;

   COMMENT ON COLUMN "JAVER"."VOTE_ITEMS"."VOTE_ITEM_NO" IS '투표_아이템_번호';
   COMMENT ON COLUMN "JAVER"."VOTE_ITEMS"."VOTE_NO" IS '투표_번호';
   COMMENT ON COLUMN "JAVER"."VOTE_ITEMS"."VOTE_CONTENTS" IS '투표_항목';
   COMMENT ON COLUMN "JAVER"."VOTE_ITEMS"."VOTE_COUNT" IS '투표수';
   COMMENT ON COLUMN "JAVER"."VOTE_ITEMS"."CAL_NO" IS '일정_번호';
   COMMENT ON TABLE "JAVER"."VOTE_ITEMS"  IS '투표_아이템';
--------------------------------------------------------
--  DDL for Table WRITE_CONTENTS
--------------------------------------------------------

  CREATE TABLE "JAVER"."WRITE_CONTENTS" 
   (	"CONTENTS_NO" NUMBER(5,0), 
	"WRITE_NO" NUMBER(5,0), 
	"CONTENTS_CONTENTS" VARCHAR2(1000 BYTE), 
	"ROW_NUM" NUMBER(4,0), 
	"CONTENTS_TYPS" VARCHAR2(100 BYTE)
   ) SEGMENT CREATION IMMEDIATE 
  PCTFREE 10 PCTUSED 40 INITRANS 1 MAXTRANS 255 NOCOMPRESS LOGGING
  STORAGE(INITIAL 65536 NEXT 1048576 MINEXTENTS 1 MAXEXTENTS 2147483645
  PCTINCREASE 0 FREELISTS 1 FREELIST GROUPS 1 BUFFER_POOL DEFAULT FLASH_CACHE DEFAULT CELL_FLASH_CACHE DEFAULT)
  TABLESPACE "SYSTEM" ;

   COMMENT ON COLUMN "JAVER"."WRITE_CONTENTS"."CONTENTS_NO" IS '내용_번호';
   COMMENT ON COLUMN "JAVER"."WRITE_CONTENTS"."WRITE_NO" IS '글쓰기_번호';
   COMMENT ON COLUMN "JAVER"."WRITE_CONTENTS"."CONTENTS_CONTENTS" IS '내용';
   COMMENT ON COLUMN "JAVER"."WRITE_CONTENTS"."ROW_NUM" IS '순번';
   COMMENT ON COLUMN "JAVER"."WRITE_CONTENTS"."CONTENTS_TYPS" IS '내용_타입';
   COMMENT ON TABLE "JAVER"."WRITE_CONTENTS"  IS '글_내용';
REM INSERTING into JAVER.ACCOUNTBOOK_CATEGORY
SET DEFINE OFF;
Insert into JAVER.ACCOUNTBOOK_CATEGORY (CATEGORY_NO,CATEGORY_NAME,CATEGORY_GUBUN) values (1,'식비','지출');
Insert into JAVER.ACCOUNTBOOK_CATEGORY (CATEGORY_NO,CATEGORY_NAME,CATEGORY_GUBUN) values (3,'통신','지출');
Insert into JAVER.ACCOUNTBOOK_CATEGORY (CATEGORY_NO,CATEGORY_NAME,CATEGORY_GUBUN) values (4,'생활용품','지출');
Insert into JAVER.ACCOUNTBOOK_CATEGORY (CATEGORY_NO,CATEGORY_NAME,CATEGORY_GUBUN) values (5,'의복','지출');
Insert into JAVER.ACCOUNTBOOK_CATEGORY (CATEGORY_NO,CATEGORY_NAME,CATEGORY_GUBUN) values (6,'건강','지출');
Insert into JAVER.ACCOUNTBOOK_CATEGORY (CATEGORY_NO,CATEGORY_NAME,CATEGORY_GUBUN) values (7,'문화','지출');
Insert into JAVER.ACCOUNTBOOK_CATEGORY (CATEGORY_NO,CATEGORY_NAME,CATEGORY_GUBUN) values (8,'교육','지출');
Insert into JAVER.ACCOUNTBOOK_CATEGORY (CATEGORY_NO,CATEGORY_NAME,CATEGORY_GUBUN) values (9,'교통','지출');
Insert into JAVER.ACCOUNTBOOK_CATEGORY (CATEGORY_NO,CATEGORY_NAME,CATEGORY_GUBUN) values (10,'기타','지출');
Insert into JAVER.ACCOUNTBOOK_CATEGORY (CATEGORY_NO,CATEGORY_NAME,CATEGORY_GUBUN) values (11,'급여','수입');
Insert into JAVER.ACCOUNTBOOK_CATEGORY (CATEGORY_NO,CATEGORY_NAME,CATEGORY_GUBUN) values (12,'상여','수입');
Insert into JAVER.ACCOUNTBOOK_CATEGORY (CATEGORY_NO,CATEGORY_NAME,CATEGORY_GUBUN) values (13,'사업소득','수입');
Insert into JAVER.ACCOUNTBOOK_CATEGORY (CATEGORY_NO,CATEGORY_NAME,CATEGORY_GUBUN) values (14,'이자','수입');
Insert into JAVER.ACCOUNTBOOK_CATEGORY (CATEGORY_NO,CATEGORY_NAME,CATEGORY_GUBUN) values (15,'배당금','수입');
Insert into JAVER.ACCOUNTBOOK_CATEGORY (CATEGORY_NO,CATEGORY_NAME,CATEGORY_GUBUN) values (16,'전월이월','수입');
Insert into JAVER.ACCOUNTBOOK_CATEGORY (CATEGORY_NO,CATEGORY_NAME,CATEGORY_GUBUN) values (17,'예금','수입');
Insert into JAVER.ACCOUNTBOOK_CATEGORY (CATEGORY_NO,CATEGORY_NAME,CATEGORY_GUBUN) values (18,'적금','수입');
Insert into JAVER.ACCOUNTBOOK_CATEGORY (CATEGORY_NO,CATEGORY_NAME,CATEGORY_GUBUN) values (19,'펀드','수입');
Insert into JAVER.ACCOUNTBOOK_CATEGORY (CATEGORY_NO,CATEGORY_NAME,CATEGORY_GUBUN) values (20,'보험','수입');
Insert into JAVER.ACCOUNTBOOK_CATEGORY (CATEGORY_NO,CATEGORY_NAME,CATEGORY_GUBUN) values (21,'투자','수입');
Insert into JAVER.ACCOUNTBOOK_CATEGORY (CATEGORY_NO,CATEGORY_NAME,CATEGORY_GUBUN) values (22,'기타','수입');
Insert into JAVER.ACCOUNTBOOK_CATEGORY (CATEGORY_NO,CATEGORY_NAME,CATEGORY_GUBUN) values (2,'주거','지출');
REM INSERTING into JAVER.ACCOUNTBOOK_COMMENTS
SET DEFINE OFF;
REM INSERTING into JAVER.ACCOUNTBOOK_GOAL
SET DEFINE OFF;
REM INSERTING into JAVER.ACCOUNTBOOK_TAG
SET DEFINE OFF;
Insert into JAVER.ACCOUNTBOOK_TAG (TAG_NO,TAG_NAME,TERM_NO) values (6,'코레일',60);
Insert into JAVER.ACCOUNTBOOK_TAG (TAG_NO,TAG_NAME,TERM_NO) values (7,'실비',63);
Insert into JAVER.ACCOUNTBOOK_TAG (TAG_NO,TAG_NAME,TERM_NO) values (8,'실비,신한은행',64);
Insert into JAVER.ACCOUNTBOOK_TAG (TAG_NO,TAG_NAME,TERM_NO) values (4,'미정국수',55);
Insert into JAVER.ACCOUNTBOOK_TAG (TAG_NO,TAG_NAME,TERM_NO) values (5,'핸드폰',57);
Insert into JAVER.ACCOUNTBOOK_TAG (TAG_NO,TAG_NAME,TERM_NO) values (11,'상여금',68);
Insert into JAVER.ACCOUNTBOOK_TAG (TAG_NO,TAG_NAME,TERM_NO) values (12,'파스타',69);
Insert into JAVER.ACCOUNTBOOK_TAG (TAG_NO,TAG_NAME,TERM_NO) values (14,'병원',71);
Insert into JAVER.ACCOUNTBOOK_TAG (TAG_NO,TAG_NAME,TERM_NO) values (15,'뮤지컬',72);
Insert into JAVER.ACCOUNTBOOK_TAG (TAG_NO,TAG_NAME,TERM_NO) values (16,'펀드',73);
Insert into JAVER.ACCOUNTBOOK_TAG (TAG_NO,TAG_NAME,TERM_NO) values (17,'바나나',74);
Insert into JAVER.ACCOUNTBOOK_TAG (TAG_NO,TAG_NAME,TERM_NO) values (18,'개인택시',75);
Insert into JAVER.ACCOUNTBOOK_TAG (TAG_NO,TAG_NAME,TERM_NO) values (19,'뮤지칼2',76);
Insert into JAVER.ACCOUNTBOOK_TAG (TAG_NO,TAG_NAME,TERM_NO) values (20,'뮤지칼2',77);
Insert into JAVER.ACCOUNTBOOK_TAG (TAG_NO,TAG_NAME,TERM_NO) values (21,'사업소득',81);
Insert into JAVER.ACCOUNTBOOK_TAG (TAG_NO,TAG_NAME,TERM_NO) values (22,'배당금',82);
Insert into JAVER.ACCOUNTBOOK_TAG (TAG_NO,TAG_NAME,TERM_NO) values (23,'기본 셔츠',83);
Insert into JAVER.ACCOUNTBOOK_TAG (TAG_NO,TAG_NAME,TERM_NO) values (24,'펀드2',84);
Insert into JAVER.ACCOUNTBOOK_TAG (TAG_NO,TAG_NAME,TERM_NO) values (25,'펀드2',85);
Insert into JAVER.ACCOUNTBOOK_TAG (TAG_NO,TAG_NAME,TERM_NO) values (26,'도미노피자',86);
Insert into JAVER.ACCOUNTBOOK_TAG (TAG_NO,TAG_NAME,TERM_NO) values (27,'도미노',87);
Insert into JAVER.ACCOUNTBOOK_TAG (TAG_NO,TAG_NAME,TERM_NO) values (28,'d',88);
Insert into JAVER.ACCOUNTBOOK_TAG (TAG_NO,TAG_NAME,TERM_NO) values (29,'f',89);
Insert into JAVER.ACCOUNTBOOK_TAG (TAG_NO,TAG_NAME,TERM_NO) values (30,'g',90);
Insert into JAVER.ACCOUNTBOOK_TAG (TAG_NO,TAG_NAME,TERM_NO) values (31,'f',91);
Insert into JAVER.ACCOUNTBOOK_TAG (TAG_NO,TAG_NAME,TERM_NO) values (32,'d',92);
Insert into JAVER.ACCOUNTBOOK_TAG (TAG_NO,TAG_NAME,TERM_NO) values (33,'dfssf',93);
Insert into JAVER.ACCOUNTBOOK_TAG (TAG_NO,TAG_NAME,TERM_NO) values (34,'sdfsf',94);
Insert into JAVER.ACCOUNTBOOK_TAG (TAG_NO,TAG_NAME,TERM_NO) values (35,'짜장곱兮',95);
Insert into JAVER.ACCOUNTBOOK_TAG (TAG_NO,TAG_NAME,TERM_NO) values (36,'ㅏ짜장',96);
Insert into JAVER.ACCOUNTBOOK_TAG (TAG_NO,TAG_NAME,TERM_NO) values (37,'뷔페',97);
Insert into JAVER.ACCOUNTBOOK_TAG (TAG_NO,TAG_NAME,TERM_NO) values (38,'돈놀이',98);
Insert into JAVER.ACCOUNTBOOK_TAG (TAG_NO,TAG_NAME,TERM_NO) values (39,'탕수육과 짜장면',99);
Insert into JAVER.ACCOUNTBOOK_TAG (TAG_NO,TAG_NAME,TERM_NO) values (40,'합격',100);
Insert into JAVER.ACCOUNTBOOK_TAG (TAG_NO,TAG_NAME,TERM_NO) values (41,'월급',101);
Insert into JAVER.ACCOUNTBOOK_TAG (TAG_NO,TAG_NAME,TERM_NO) values (42,'투자',102);
Insert into JAVER.ACCOUNTBOOK_TAG (TAG_NO,TAG_NAME,TERM_NO) values (43,'교통사고',103);
Insert into JAVER.ACCOUNTBOOK_TAG (TAG_NO,TAG_NAME,TERM_NO) values (44,'뽀나쓰',104);
Insert into JAVER.ACCOUNTBOOK_TAG (TAG_NO,TAG_NAME,TERM_NO) values (45,'d',105);
Insert into JAVER.ACCOUNTBOOK_TAG (TAG_NO,TAG_NAME,TERM_NO) values (46,'영화',106);
Insert into JAVER.ACCOUNTBOOK_TAG (TAG_NO,TAG_NAME,TERM_NO) values (47,'껌',107);
Insert into JAVER.ACCOUNTBOOK_TAG (TAG_NO,TAG_NAME,TERM_NO) values (48,'짜장면',108);
Insert into JAVER.ACCOUNTBOOK_TAG (TAG_NO,TAG_NAME,TERM_NO) values (61,'파스타',121);
Insert into JAVER.ACCOUNTBOOK_TAG (TAG_NO,TAG_NAME,TERM_NO) values (62,'스파이더맨',122);
Insert into JAVER.ACCOUNTBOOK_TAG (TAG_NO,TAG_NAME,TERM_NO) values (63,'qw',123);
Insert into JAVER.ACCOUNTBOOK_TAG (TAG_NO,TAG_NAME,TERM_NO) values (64,'wqe',124);
Insert into JAVER.ACCOUNTBOOK_TAG (TAG_NO,TAG_NAME,TERM_NO) values (65,'생활용품',125);
Insert into JAVER.ACCOUNTBOOK_TAG (TAG_NO,TAG_NAME,TERM_NO) values (66,'화이트셔츠',126);
Insert into JAVER.ACCOUNTBOOK_TAG (TAG_NO,TAG_NAME,TERM_NO) values (67,'행거',127);
Insert into JAVER.ACCOUNTBOOK_TAG (TAG_NO,TAG_NAME,TERM_NO) values (68,'바지',128);
Insert into JAVER.ACCOUNTBOOK_TAG (TAG_NO,TAG_NAME,TERM_NO) values (69,'교통비',129);
Insert into JAVER.ACCOUNTBOOK_TAG (TAG_NO,TAG_NAME,TERM_NO) values (70,'전기세',130);
Insert into JAVER.ACCOUNTBOOK_TAG (TAG_NO,TAG_NAME,TERM_NO) values (71,'정보처리기사 필기',131);
Insert into JAVER.ACCOUNTBOOK_TAG (TAG_NO,TAG_NAME,TERM_NO) values (72,'진료',132);
Insert into JAVER.ACCOUNTBOOK_TAG (TAG_NO,TAG_NAME,TERM_NO) values (73,'보너스',133);
Insert into JAVER.ACCOUNTBOOK_TAG (TAG_NO,TAG_NAME,TERM_NO) values (74,'보너스',134);
Insert into JAVER.ACCOUNTBOOK_TAG (TAG_NO,TAG_NAME,TERM_NO) values (75,'통신료',135);
Insert into JAVER.ACCOUNTBOOK_TAG (TAG_NO,TAG_NAME,TERM_NO) values (76,'상하의 세트',136);
Insert into JAVER.ACCOUNTBOOK_TAG (TAG_NO,TAG_NAME,TERM_NO) values (77,'칫솔',137);
Insert into JAVER.ACCOUNTBOOK_TAG (TAG_NO,TAG_NAME,TERM_NO) values (81,'감기',143);
Insert into JAVER.ACCOUNTBOOK_TAG (TAG_NO,TAG_NAME,TERM_NO) values (82,'건강',144);
REM INSERTING into JAVER.ACCOUNTBOOK_TERM
SET DEFINE OFF;
Insert into JAVER.ACCOUNTBOOK_TERM (TERM_CASH,TERM_CARD,TERM_NO,TERM_DETAIL,TERM_DATE,TERM_REMAIN_AMOUNT,CATEGORY_NO,TERM_MEMO,USER_ID,TERM_GUBUN,TERM_CREATE_DATE) values (100000,null,144,'건강',to_date('15/08/05','RR/MM/DD'),0,6,null,'hk','지출',to_date('19/08/13','RR/MM/DD'));
Insert into JAVER.ACCOUNTBOOK_TERM (TERM_CASH,TERM_CARD,TERM_NO,TERM_DETAIL,TERM_DATE,TERM_REMAIN_AMOUNT,CATEGORY_NO,TERM_MEMO,USER_ID,TERM_GUBUN,TERM_CREATE_DATE) values (10,null,123,'sds',to_date('19/07/30','RR/MM/DD'),0,4,null,'gnsl1102','지출',to_date('19/08/08','RR/MM/DD'));
Insert into JAVER.ACCOUNTBOOK_TERM (TERM_CASH,TERM_CARD,TERM_NO,TERM_DETAIL,TERM_DATE,TERM_REMAIN_AMOUNT,CATEGORY_NO,TERM_MEMO,USER_ID,TERM_GUBUN,TERM_CREATE_DATE) values (500000,null,98,'이자',to_date('19/08/14','RR/MM/DD'),0,14,null,'hk','수입',to_date('19/08/05','RR/MM/DD'));
Insert into JAVER.ACCOUNTBOOK_TERM (TERM_CASH,TERM_CARD,TERM_NO,TERM_DETAIL,TERM_DATE,TERM_REMAIN_AMOUNT,CATEGORY_NO,TERM_MEMO,USER_ID,TERM_GUBUN,TERM_CREATE_DATE) values (100000,0,108,'점심 식사',to_date('19/08/01','RR/MM/DD'),0,1,null,'hk','지출',to_date('19/08/06','RR/MM/DD'));
Insert into JAVER.ACCOUNTBOOK_TERM (TERM_CASH,TERM_CARD,TERM_NO,TERM_DETAIL,TERM_DATE,TERM_REMAIN_AMOUNT,CATEGORY_NO,TERM_MEMO,USER_ID,TERM_GUBUN,TERM_CREATE_DATE) values (3000000,null,101,'월급',to_date('19/08/01','RR/MM/DD'),0,11,null,'hk','수입',to_date('19/08/05','RR/MM/DD'));
Insert into JAVER.ACCOUNTBOOK_TERM (TERM_CASH,TERM_CARD,TERM_NO,TERM_DETAIL,TERM_DATE,TERM_REMAIN_AMOUNT,CATEGORY_NO,TERM_MEMO,USER_ID,TERM_GUBUN,TERM_CREATE_DATE) values (0,null,102,'투자',to_date('17/11/15','RR/MM/DD'),0,21,null,'hk','수입',to_date('19/08/05','RR/MM/DD'));
Insert into JAVER.ACCOUNTBOOK_TERM (TERM_CASH,TERM_CARD,TERM_NO,TERM_DETAIL,TERM_DATE,TERM_REMAIN_AMOUNT,CATEGORY_NO,TERM_MEMO,USER_ID,TERM_GUBUN,TERM_CREATE_DATE) values (50000,0,143,'병원',to_date('19/08/13','RR/MM/DD'),0,6,null,'hk','지출',to_date('19/08/12','RR/MM/DD'));
Insert into JAVER.ACCOUNTBOOK_TERM (TERM_CASH,TERM_CARD,TERM_NO,TERM_DETAIL,TERM_DATE,TERM_REMAIN_AMOUNT,CATEGORY_NO,TERM_MEMO,USER_ID,TERM_GUBUN,TERM_CREATE_DATE) values (100000,null,104,'보너스',to_date('19/08/07','RR/MM/DD'),0,12,null,'hk','수입',to_date('19/08/05','RR/MM/DD'));
Insert into JAVER.ACCOUNTBOOK_TERM (TERM_CASH,TERM_CARD,TERM_NO,TERM_DETAIL,TERM_DATE,TERM_REMAIN_AMOUNT,CATEGORY_NO,TERM_MEMO,USER_ID,TERM_GUBUN,TERM_CREATE_DATE) values (10,null,124,'s',to_date('19/07/31','RR/MM/DD'),0,15,null,'gnsl1102','수입',to_date('19/08/08','RR/MM/DD'));
Insert into JAVER.ACCOUNTBOOK_TERM (TERM_CASH,TERM_CARD,TERM_NO,TERM_DETAIL,TERM_DATE,TERM_REMAIN_AMOUNT,CATEGORY_NO,TERM_MEMO,USER_ID,TERM_GUBUN,TERM_CREATE_DATE) values (0,50000,127,'비누',to_date('18/08/01','RR/MM/DD'),0,4,null,'hk','지출',to_date('19/08/09','RR/MM/DD'));
Insert into JAVER.ACCOUNTBOOK_TERM (TERM_CASH,TERM_CARD,TERM_NO,TERM_DETAIL,TERM_DATE,TERM_REMAIN_AMOUNT,CATEGORY_NO,TERM_MEMO,USER_ID,TERM_GUBUN,TERM_CREATE_DATE) values (0,65000,128,'바지',to_date('19/07/30','RR/MM/DD'),0,5,null,'hk','지출',to_date('19/08/09','RR/MM/DD'));
Insert into JAVER.ACCOUNTBOOK_TERM (TERM_CASH,TERM_CARD,TERM_NO,TERM_DETAIL,TERM_DATE,TERM_REMAIN_AMOUNT,CATEGORY_NO,TERM_MEMO,USER_ID,TERM_GUBUN,TERM_CREATE_DATE) values (0,100000,129,'교통비',to_date('19/08/02','RR/MM/DD'),0,9,null,'hk','지출',to_date('19/08/09','RR/MM/DD'));
Insert into JAVER.ACCOUNTBOOK_TERM (TERM_CASH,TERM_CARD,TERM_NO,TERM_DETAIL,TERM_DATE,TERM_REMAIN_AMOUNT,CATEGORY_NO,TERM_MEMO,USER_ID,TERM_GUBUN,TERM_CREATE_DATE) values (0,34000,130,'전기세',to_date('19/08/13','RR/MM/DD'),0,2,null,'hk','지출',to_date('19/08/09','RR/MM/DD'));
Insert into JAVER.ACCOUNTBOOK_TERM (TERM_CASH,TERM_CARD,TERM_NO,TERM_DETAIL,TERM_DATE,TERM_REMAIN_AMOUNT,CATEGORY_NO,TERM_MEMO,USER_ID,TERM_GUBUN,TERM_CREATE_DATE) values (0,14000,131,'책',to_date('19/08/04','RR/MM/DD'),0,8,null,'hk','지출',to_date('19/08/09','RR/MM/DD'));
Insert into JAVER.ACCOUNTBOOK_TERM (TERM_CASH,TERM_CARD,TERM_NO,TERM_DETAIL,TERM_DATE,TERM_REMAIN_AMOUNT,CATEGORY_NO,TERM_MEMO,USER_ID,TERM_GUBUN,TERM_CREATE_DATE) values (0,10000,132,'병원',to_date('18/04/01','RR/MM/DD'),0,6,null,'hk','지출',to_date('19/08/09','RR/MM/DD'));
Insert into JAVER.ACCOUNTBOOK_TERM (TERM_CASH,TERM_CARD,TERM_NO,TERM_DETAIL,TERM_DATE,TERM_REMAIN_AMOUNT,CATEGORY_NO,TERM_MEMO,USER_ID,TERM_GUBUN,TERM_CREATE_DATE) values (350000,null,133,'보너스',to_date('19/08/06','RR/MM/DD'),0,12,null,'hk','수입',to_date('19/08/09','RR/MM/DD'));
Insert into JAVER.ACCOUNTBOOK_TERM (TERM_CASH,TERM_CARD,TERM_NO,TERM_DETAIL,TERM_DATE,TERM_REMAIN_AMOUNT,CATEGORY_NO,TERM_MEMO,USER_ID,TERM_GUBUN,TERM_CREATE_DATE) values (350000,null,134,'보너스',to_date('19/08/06','RR/MM/DD'),0,12,null,'hk','수입',to_date('19/08/09','RR/MM/DD'));
Insert into JAVER.ACCOUNTBOOK_TERM (TERM_CASH,TERM_CARD,TERM_NO,TERM_DETAIL,TERM_DATE,TERM_REMAIN_AMOUNT,CATEGORY_NO,TERM_MEMO,USER_ID,TERM_GUBUN,TERM_CREATE_DATE) values (0,50000,135,'통신료',to_date('19/08/13','RR/MM/DD'),0,3,null,'hk','지출',to_date('19/08/09','RR/MM/DD'));
Insert into JAVER.ACCOUNTBOOK_TERM (TERM_CASH,TERM_CARD,TERM_NO,TERM_DETAIL,TERM_DATE,TERM_REMAIN_AMOUNT,CATEGORY_NO,TERM_MEMO,USER_ID,TERM_GUBUN,TERM_CREATE_DATE) values (0,150000,136,'트레이닝복',to_date('19/08/01','RR/MM/DD'),0,5,null,'hk','지출',to_date('19/08/09','RR/MM/DD'));
Insert into JAVER.ACCOUNTBOOK_TERM (TERM_CASH,TERM_CARD,TERM_NO,TERM_DETAIL,TERM_DATE,TERM_REMAIN_AMOUNT,CATEGORY_NO,TERM_MEMO,USER_ID,TERM_GUBUN,TERM_CREATE_DATE) values (3500,0,137,'칫솔',to_date('19/08/19','RR/MM/DD'),0,4,null,'hk','지출',to_date('19/08/09','RR/MM/DD'));
REM INSERTING into JAVER.ACCOUNTBOOK_WRITING
SET DEFINE OFF;
Insert into JAVER.ACCOUNTBOOK_WRITING (WRITING_NO,WRITING_TITLE,WRITING_WRITER,WRITING_CONTENTS,WRITING_PUBLIC,WRITING_CREATE_DATE,USER_ID) values (6,'식비가 감당안되네요 ㄷㄷ','희둥','저도 제 식탐을 조절하기 힘드네요','Y',to_date('19/08/05','RR/MM/DD'),'hk');
Insert into JAVER.ACCOUNTBOOK_WRITING (WRITING_NO,WRITING_TITLE,WRITING_WRITER,WRITING_CONTENTS,WRITING_PUBLIC,WRITING_CREATE_DATE,USER_ID) values (22,'sf','hk','sdfs','Y',to_date('19/08/13','RR/MM/DD'),'hk');
Insert into JAVER.ACCOUNTBOOK_WRITING (WRITING_NO,WRITING_TITLE,WRITING_WRITER,WRITING_CONTENTS,WRITING_PUBLIC,WRITING_CREATE_DATE,USER_ID) values (25,'fdgddgd','hk','dfgdgfddgd','Y',to_date('19/08/13','RR/MM/DD'),'hk');
Insert into JAVER.ACCOUNTBOOK_WRITING (WRITING_NO,WRITING_TITLE,WRITING_WRITER,WRITING_CONTENTS,WRITING_PUBLIC,WRITING_CREATE_DATE,USER_ID) values (26,'sfs','hk','sfs','Y',to_date('19/08/13','RR/MM/DD'),'hk');
Insert into JAVER.ACCOUNTBOOK_WRITING (WRITING_NO,WRITING_TITLE,WRITING_WRITER,WRITING_CONTENTS,WRITING_PUBLIC,WRITING_CREATE_DATE,USER_ID) values (28,'sfsf','hk','졸리네요&nbsp;','Y',to_date('19/08/13','RR/MM/DD'),'hk');
REM INSERTING into JAVER.ACOUNTBOOK_BUDGET
SET DEFINE OFF;
REM INSERTING into JAVER.BAND
SET DEFINE OFF;
Insert into JAVER.BAND (BAND_NO,BAND_NAME,BAND_PHOTO,BAND_TYPEOPTION,BAND_CREATE_DATE,MASTER_ID) values (64,'ㅁㄴㅇ','/link/resources/images/bandLogoImg/band_logo_1.PNG','onluNameOpen',to_date('19/08/09','RR/MM/DD'),'asd');
Insert into JAVER.BAND (BAND_NO,BAND_NAME,BAND_PHOTO,BAND_TYPEOPTION,BAND_CREATE_DATE,MASTER_ID) values (41,'테스트 밴드','/link/resources/images/bandLogoImg/band_logo_3.PNG','Allopen',to_date('19/08/05','RR/MM/DD'),'lee');
Insert into JAVER.BAND (BAND_NO,BAND_NAME,BAND_PHOTO,BAND_TYPEOPTION,BAND_CREATE_DATE,MASTER_ID) values (43,'비밀밴드 테스트','/link/resources/images/bandLogoImg/band_logo_24.PNG','allSecret',to_date('19/08/05','RR/MM/DD'),'lee2');
Insert into JAVER.BAND (BAND_NO,BAND_NAME,BAND_PHOTO,BAND_TYPEOPTION,BAND_CREATE_DATE,MASTER_ID) values (62,'재헌이와 아이들','/link/resources/images/bandLogoImg/band_logo_1.PNG','Allopen',to_date('19/08/08','RR/MM/DD'),'gnsl1102');
REM INSERTING into JAVER.BAND_CALENDAR
SET DEFINE OFF;
REM INSERTING into JAVER.BAND_CHULCHECK
SET DEFINE OFF;
REM INSERTING into JAVER.BAND_CONTENTS_TEXT
SET DEFINE OFF;
REM INSERTING into JAVER.BAND_INTO_IMG
SET DEFINE OFF;
Insert into JAVER.BAND_INTO_IMG (IMGNO,IMGNAME) values (1,'band_logo_1');
Insert into JAVER.BAND_INTO_IMG (IMGNO,IMGNAME) values (2,'band_logo_2');
Insert into JAVER.BAND_INTO_IMG (IMGNO,IMGNAME) values (3,'band_logo_3');
Insert into JAVER.BAND_INTO_IMG (IMGNO,IMGNAME) values (4,'band_logo_4');
Insert into JAVER.BAND_INTO_IMG (IMGNO,IMGNAME) values (5,'band_logo_5');
Insert into JAVER.BAND_INTO_IMG (IMGNO,IMGNAME) values (6,'band_logo_6');
Insert into JAVER.BAND_INTO_IMG (IMGNO,IMGNAME) values (7,'band_logo_7');
Insert into JAVER.BAND_INTO_IMG (IMGNO,IMGNAME) values (8,'band_logo_8');
Insert into JAVER.BAND_INTO_IMG (IMGNO,IMGNAME) values (9,'band_logo_9');
Insert into JAVER.BAND_INTO_IMG (IMGNO,IMGNAME) values (10,'band_logo_10');
Insert into JAVER.BAND_INTO_IMG (IMGNO,IMGNAME) values (11,'band_logo_11');
Insert into JAVER.BAND_INTO_IMG (IMGNO,IMGNAME) values (12,'band_logo_12');
Insert into JAVER.BAND_INTO_IMG (IMGNO,IMGNAME) values (13,'band_logo_13');
Insert into JAVER.BAND_INTO_IMG (IMGNO,IMGNAME) values (14,'band_logo_14');
Insert into JAVER.BAND_INTO_IMG (IMGNO,IMGNAME) values (15,'band_logo_15');
Insert into JAVER.BAND_INTO_IMG (IMGNO,IMGNAME) values (16,'band_logo_16');
Insert into JAVER.BAND_INTO_IMG (IMGNO,IMGNAME) values (17,'band_logo_17');
Insert into JAVER.BAND_INTO_IMG (IMGNO,IMGNAME) values (18,'band_logo_18');
Insert into JAVER.BAND_INTO_IMG (IMGNO,IMGNAME) values (19,'band_logo_19');
Insert into JAVER.BAND_INTO_IMG (IMGNO,IMGNAME) values (20,'band_logo_20');
Insert into JAVER.BAND_INTO_IMG (IMGNO,IMGNAME) values (21,'band_logo_21');
Insert into JAVER.BAND_INTO_IMG (IMGNO,IMGNAME) values (22,'band_logo_22');
Insert into JAVER.BAND_INTO_IMG (IMGNO,IMGNAME) values (23,'band_logo_23');
Insert into JAVER.BAND_INTO_IMG (IMGNO,IMGNAME) values (24,'band_logo_24');
Insert into JAVER.BAND_INTO_IMG (IMGNO,IMGNAME) values (25,'band_logo_25');
Insert into JAVER.BAND_INTO_IMG (IMGNO,IMGNAME) values (26,'band_logo_26');
Insert into JAVER.BAND_INTO_IMG (IMGNO,IMGNAME) values (27,'band_logo_27');
Insert into JAVER.BAND_INTO_IMG (IMGNO,IMGNAME) values (28,'band_logo_28');
Insert into JAVER.BAND_INTO_IMG (IMGNO,IMGNAME) values (29,'band_logo_29');
Insert into JAVER.BAND_INTO_IMG (IMGNO,IMGNAME) values (30,'band_logo_30');
Insert into JAVER.BAND_INTO_IMG (IMGNO,IMGNAME) values (31,'band_logo_31');
Insert into JAVER.BAND_INTO_IMG (IMGNO,IMGNAME) values (32,'band_logo_32');
Insert into JAVER.BAND_INTO_IMG (IMGNO,IMGNAME) values (33,'band_logo_33');
Insert into JAVER.BAND_INTO_IMG (IMGNO,IMGNAME) values (34,'band_logo_34');
Insert into JAVER.BAND_INTO_IMG (IMGNO,IMGNAME) values (35,'band_logo_35');
Insert into JAVER.BAND_INTO_IMG (IMGNO,IMGNAME) values (36,'band_logo_36');
Insert into JAVER.BAND_INTO_IMG (IMGNO,IMGNAME) values (37,'band_logo_37');
Insert into JAVER.BAND_INTO_IMG (IMGNO,IMGNAME) values (38,'band_logo_38');
Insert into JAVER.BAND_INTO_IMG (IMGNO,IMGNAME) values (39,'band_logo_39');
Insert into JAVER.BAND_INTO_IMG (IMGNO,IMGNAME) values (40,'band_logo_40');
Insert into JAVER.BAND_INTO_IMG (IMGNO,IMGNAME) values (41,'band_logo_41');
Insert into JAVER.BAND_INTO_IMG (IMGNO,IMGNAME) values (42,'band_logo_42');
REM INSERTING into JAVER.BAND_JOIN
SET DEFINE OFF;
Insert into JAVER.BAND_JOIN (JOIN_NO,JOIN_TITLE,OUT_MEMBER_YN,START_DATE,END_DATE_YN,END_DATE,WRITE_NO,JOIN_COUNT,PEPLE_LIMIT,END_DATE_TIME) values (68,'조인','N',to_date('19/08/08','RR/MM/DD'),'N',null,442,0,0,0);
REM INSERTING into JAVER.BAND_JOIN_HISTORY
SET DEFINE OFF;
Insert into JAVER.BAND_JOIN_HISTORY (HIS_NO,BAND_NO,USER_ID,MASTER_YN) values (23,41,'lee1','N');
Insert into JAVER.BAND_JOIN_HISTORY (HIS_NO,BAND_NO,USER_ID,MASTER_YN) values (24,41,'lee2','N');
Insert into JAVER.BAND_JOIN_HISTORY (HIS_NO,BAND_NO,USER_ID,MASTER_YN) values (25,41,'lee3','N');
Insert into JAVER.BAND_JOIN_HISTORY (HIS_NO,BAND_NO,USER_ID,MASTER_YN) values (26,41,'lee4','N');
Insert into JAVER.BAND_JOIN_HISTORY (HIS_NO,BAND_NO,USER_ID,MASTER_YN) values (27,41,'lee5','N');
Insert into JAVER.BAND_JOIN_HISTORY (HIS_NO,BAND_NO,USER_ID,MASTER_YN) values (21,41,'lee','Y');
Insert into JAVER.BAND_JOIN_HISTORY (HIS_NO,BAND_NO,USER_ID,MASTER_YN) values (22,43,'lee2','Y');
Insert into JAVER.BAND_JOIN_HISTORY (HIS_NO,BAND_NO,USER_ID,MASTER_YN) values (28,41,'lee6','N');
Insert into JAVER.BAND_JOIN_HISTORY (HIS_NO,BAND_NO,USER_ID,MASTER_YN) values (29,41,'lee7','N');
Insert into JAVER.BAND_JOIN_HISTORY (HIS_NO,BAND_NO,USER_ID,MASTER_YN) values (30,41,'lee9','N');
Insert into JAVER.BAND_JOIN_HISTORY (HIS_NO,BAND_NO,USER_ID,MASTER_YN) values (31,41,'lee10','N');
Insert into JAVER.BAND_JOIN_HISTORY (HIS_NO,BAND_NO,USER_ID,MASTER_YN) values (32,41,'lee11','N');
Insert into JAVER.BAND_JOIN_HISTORY (HIS_NO,BAND_NO,USER_ID,MASTER_YN) values (33,41,'lee12','N');
Insert into JAVER.BAND_JOIN_HISTORY (HIS_NO,BAND_NO,USER_ID,MASTER_YN) values (41,62,'gnsl1102','Y');
Insert into JAVER.BAND_JOIN_HISTORY (HIS_NO,BAND_NO,USER_ID,MASTER_YN) values (42,41,'gnsl1102','N');
Insert into JAVER.BAND_JOIN_HISTORY (HIS_NO,BAND_NO,USER_ID,MASTER_YN) values (43,62,'lee','N');
Insert into JAVER.BAND_JOIN_HISTORY (HIS_NO,BAND_NO,USER_ID,MASTER_YN) values (44,64,'asd','Y');
REM INSERTING into JAVER.BAND_JOIN_ITEMS
SET DEFINE OFF;
Insert into JAVER.BAND_JOIN_ITEMS (JOIN_ITEM_NO,JOIN_NO,HANGMOC) values (28,68,'조인');
REM INSERTING into JAVER.BAND_NBBANG
SET DEFINE OFF;
Insert into JAVER.BAND_NBBANG (NBB_NO,PRICE,WRITE_NO) values (142,10000,442);
REM INSERTING into JAVER.BAND_NBBANG_ITEMS
SET DEFINE OFF;
Insert into JAVER.BAND_NBBANG_ITEMS (ITEM_NO,ITEM_PERSON,NBB_NO) values (122,'lee',142);
Insert into JAVER.BAND_NBBANG_ITEMS (ITEM_NO,ITEM_PERSON,NBB_NO) values (123,'lee1',142);
REM INSERTING into JAVER.BAND_TABLE_FILE
SET DEFINE OFF;
REM INSERTING into JAVER.BAND_TODO
SET DEFINE OFF;
Insert into JAVER.BAND_TODO (TODO_NO,TODO_TITLE,TODO_END_DATE_YN,TODO_END_DATE,TODO_CREATE_DATE,WRITE_NO) values (65,'투두 예','N',null,to_date('19/08/08','RR/MM/DD'),442);
REM INSERTING into JAVER.BAND_TODO_ITEMS
SET DEFINE OFF;
Insert into JAVER.BAND_TODO_ITEMS (TODO_ITEM_NO,TODO_NO,TODO_CONTENTS,COMPLET_YN) values (65,65,'항목1','N');
REM INSERTING into JAVER.BAND_VOTE
SET DEFINE OFF;
Insert into JAVER.BAND_VOTE (VOTE_NO,VOTE_TITLE,VOTE_EVERYONE_ADD,VOTE_END_DATE_YN,VOTE_END_DATE,VATE_MULTIPLE_YN,VOTE_MULTIPLE_COUNT,VOTE_CURRENT_VIEW,VOTE_SOLT,WRITE_NO) values (109,'투표1','N','N',null,'N',null,'always','sunbun',442);
REM INSERTING into JAVER.BAND_VOTE_ITEMS
SET DEFINE OFF;
Insert into JAVER.BAND_VOTE_ITEMS (VOTE_ITEM_NO,VOTE_NO,VOTE_CONTENTS,VOTE_COUNT,CAL_NO) values (177,109,'항목1',0,null);
Insert into JAVER.BAND_VOTE_ITEMS (VOTE_ITEM_NO,VOTE_NO,VOTE_CONTENTS,VOTE_COUNT,CAL_NO) values (178,109,'항목2',0,null);
REM INSERTING into JAVER.BAND_WRITE
SET DEFINE OFF;
Insert into JAVER.BAND_WRITE (WRITE_NO,BAND_NO,WRITE_CONTENTS,WRITE_CREATE_DATE,WRITE_NOTICE_YN,WRITE_RESERVATION_TIME_YN,WRITE_RESERVATION_TIME,WRITE_DISPLAY_YN,USER_ID) values (463,41,'<img src="/link/resources/images/bandUploadImg/2019_08_13_102005.jpg"><img src="/link/resources/images/bandUploadImg/2019_08_13_102015.jpg"><img src="/link/resources/images/bandUploadImg/2019_08_13_102026.jpg"><br>',to_date('19/08/13','RR/MM/DD'),'N','N',null,'Y','lee');
Insert into JAVER.BAND_WRITE (WRITE_NO,BAND_NO,WRITE_CONTENTS,WRITE_CREATE_DATE,WRITE_NOTICE_YN,WRITE_RESERVATION_TIME_YN,WRITE_RESERVATION_TIME,WRITE_DISPLAY_YN,USER_ID) values (444,41,null,to_date('19/08/08','RR/MM/DD'),'N','N',null,'N','lee');
Insert into JAVER.BAND_WRITE (WRITE_NO,BAND_NO,WRITE_CONTENTS,WRITE_CREATE_DATE,WRITE_NOTICE_YN,WRITE_RESERVATION_TIME_YN,WRITE_RESERVATION_TIME,WRITE_DISPLAY_YN,USER_ID) values (464,41,'<p>&nbsp;</p><p><img src="/link/resources/images/bandUploadImg/2019_08_13_103944.jpg">&nbsp;</p><p>&nbsp;</p><p><img src="/link/resources/images/bandUploadImg/2019_08_13_104001.jpeg">&nbsp;</p><p>&nbsp;</p><p>사진완료</p>',to_date('19/08/13','RR/MM/DD'),'N','N',null,'Y','lee');
Insert into JAVER.BAND_WRITE (WRITE_NO,BAND_NO,WRITE_CONTENTS,WRITE_CREATE_DATE,WRITE_NOTICE_YN,WRITE_RESERVATION_TIME_YN,WRITE_RESERVATION_TIME,WRITE_DISPLAY_YN,USER_ID) values (442,41,'<div class="row contents-view-standart" data-type="vote" data-no="109" id="seVote-109" style="border:1px solid #ddd;padding-top: 15px;padding-bottom: 15px;position: relative;background-color: #fcfcfc;"><div class="col-xs-1"><img src="/link/resources/images/active_vote.PNG" class="contents-view-icon" alt="" style="height: 30px; position: relative; top: 5px;"></div><div class="col-xs-9"><div class="row" style="font-size: 15px;"><div class="col-xs-12"><span style="color:#34cc6c;font-weight: 1000;">투표</span> 0명 참여</div><div class="col-xs-12"><strong style="font-size:19px;">투표1</strong></div></div></div><div class="col-xs-2" style="position: relative;top: 5px;"><button type="button" class="btn btn-success btn-sm del-seVote" data-delvalue="109">삭제</button></div></div><br><div class="row contents-view-standart" data-type="todo" data-no="65" id="seTodo-65" style="border:1px solid #ddd;padding-top: 15px;padding-bottom: 15px;position: relative;background-color: #fcfcfc;"><div class="col-xs-1"><img src="/link/resources/images/active_todo.PNG" class="contents-view-icon" alt="" style="height: 30px; position: relative; top: 5px;"></div><div class="col-xs-9"><div class="row" style="font-size: 15px;"><div class="col-xs-12"><span style="color:#34cc6c;font-weight: 1000;">To-Do</span> </div><div class="col-xs-12"><strong style="font-size:19px;">투두 예</strong></div></div></div><div class="col-xs-2" style="position: relative;top: 5px;"><button type="button" class="btn btn-success btn-sm del-seTodo" data-delvalue="65">삭제</button></div></div><br><div class="row contents-view-standart" data-type="join" data-no="68" id="seJoin-68" style="border:1px solid #ddd;padding-top: 15px;padding-bottom: 15px;position: relative;background-color: #fcfcfc;"><div class="col-xs-1"><img src="/link/resources/images/active_join.PNG" class="contents-view-icon" alt="" style="height: 30px; position: relative; top: 18px;"></div><div class="col-xs-9"><div class="row" style="font-size: 15px;"><div class="col-xs-12"><span style="color:#34cc6c;font-weight: 1000;">참가 신청서</span> </div><div class="col-xs-12"><strong style="font-size:19px;">조인</strong></div><div class="col-xs-12"><span style="color: #999; font-weight: 560;">1565190000000</span></div></div></div><div class="col-xs-2" style="position: relative;top: 20px;"><button type="button" class="btn btn-success btn-sm del-seJoin" data-delvalue="68">삭제</button></div></div><br><div class="row contents-view-standart" data-type="nbb" data-no="142" id="seNbb-142" style="border:1px solid #ddd;padding-top: 15px;padding-bottom: 15px;position: relative;background-color: #fcfcfc;"><div class="col-xs-1"><img src="/link/resources/images/active_nbbang.PNG" alt="" class="contents-view-icon" style="height: 30px; position: relative; top: 10px;"></div><div class="col-xs-9"><div class="row" style="font-size: 15px;"><div class="col-xs-12"><span style="color:#34cc6c;font-weight: 1000;">N빵</span> </div><div class="col-xs-12"><strong style="font-size:19px;">￦10000 원</strong></div></div></div><div class="col-xs-2" style="position: relative;top: 11px;"><button type="button" class="btn btn-success btn-sm del-seNbb" data-delvalue="142">삭제</button></div></div><p><br>글씨 글씨 글씨~!!!</p><p>&nbsp;</p><p><img src="/link/resources/images/bandUploadImg/2019_08_08_154529.PNG">&nbsp;</p>',to_date('19/08/08','RR/MM/DD'),'N','N',null,'Y','lee2');
Insert into JAVER.BAND_WRITE (WRITE_NO,BAND_NO,WRITE_CONTENTS,WRITE_CREATE_DATE,WRITE_NOTICE_YN,WRITE_RESERVATION_TIME_YN,WRITE_RESERVATION_TIME,WRITE_DISPLAY_YN,USER_ID) values (468,41,'<img src="/link/resources/images/bandUploadImg/2019_08_13_113714.jpeg"><img src="/link/resources/images/bandUploadImg/2019_08_13_113721.jpg"><br>',to_date('19/08/13','RR/MM/DD'),'N','N',null,'Y','lee');
Insert into JAVER.BAND_WRITE (WRITE_NO,BAND_NO,WRITE_CONTENTS,WRITE_CREATE_DATE,WRITE_NOTICE_YN,WRITE_RESERVATION_TIME_YN,WRITE_RESERVATION_TIME,WRITE_DISPLAY_YN,USER_ID) values (466,41,null,to_date('19/08/13','RR/MM/DD'),'N','N',null,'N','lee');
Insert into JAVER.BAND_WRITE (WRITE_NO,BAND_NO,WRITE_CONTENTS,WRITE_CREATE_DATE,WRITE_NOTICE_YN,WRITE_RESERVATION_TIME_YN,WRITE_RESERVATION_TIME,WRITE_DISPLAY_YN,USER_ID) values (467,41,'<img src="/link/resources/images/bandUploadImg/2019_08_13_113649.jpg"><br>',to_date('19/08/13','RR/MM/DD'),'N','N',null,'Y','lee');
Insert into JAVER.BAND_WRITE (WRITE_NO,BAND_NO,WRITE_CONTENTS,WRITE_CREATE_DATE,WRITE_NOTICE_YN,WRITE_RESERVATION_TIME_YN,WRITE_RESERVATION_TIME,WRITE_DISPLAY_YN,USER_ID) values (469,41,null,to_date('19/08/13','RR/MM/DD'),'N','N',null,'N','lee');
Insert into JAVER.BAND_WRITE (WRITE_NO,BAND_NO,WRITE_CONTENTS,WRITE_CREATE_DATE,WRITE_NOTICE_YN,WRITE_RESERVATION_TIME_YN,WRITE_RESERVATION_TIME,WRITE_DISPLAY_YN,USER_ID) values (470,41,'<img src="/link/resources/images/bandUploadImg/2019_08_13_113830.jpg"><img src="/link/resources/images/bandUploadImg/2019_08_13_113840.jpg"><br>',to_date('19/08/13','RR/MM/DD'),'N','N',null,'Y','lee');
Insert into JAVER.BAND_WRITE (WRITE_NO,BAND_NO,WRITE_CONTENTS,WRITE_CREATE_DATE,WRITE_NOTICE_YN,WRITE_RESERVATION_TIME_YN,WRITE_RESERVATION_TIME,WRITE_DISPLAY_YN,USER_ID) values (471,41,'<p><img src="/link/resources/images/bandUploadImg/2019_08_13_114123.jpg"></p><p>&nbsp;</p>',to_date('19/08/13','RR/MM/DD'),'N','N',null,'Y','lee');
Insert into JAVER.BAND_WRITE (WRITE_NO,BAND_NO,WRITE_CONTENTS,WRITE_CREATE_DATE,WRITE_NOTICE_YN,WRITE_RESERVATION_TIME_YN,WRITE_RESERVATION_TIME,WRITE_DISPLAY_YN,USER_ID) values (474,41,'<p>안녕안ㅇ여</p><p>&nbsp;</p><p><img src="/link/resources/images/bandUploadImg/2019_08_13_152642.jpeg">&nbsp;</p>',to_date('19/08/13','RR/MM/DD'),'N','N',null,'Y','lee');
Insert into JAVER.BAND_WRITE (WRITE_NO,BAND_NO,WRITE_CONTENTS,WRITE_CREATE_DATE,WRITE_NOTICE_YN,WRITE_RESERVATION_TIME_YN,WRITE_RESERVATION_TIME,WRITE_DISPLAY_YN,USER_ID) values (473,41,'<p><img src="/link/resources/images/bandUploadImg/2019_08_13_123925.jpg"></p><p>&nbsp;</p><p><img src="/link/resources/images/bandUploadImg/2019_08_13_123940.jpg">&nbsp;</p>',to_date('19/08/13','RR/MM/DD'),'N','N',null,'Y','lee');
Insert into JAVER.BAND_WRITE (WRITE_NO,BAND_NO,WRITE_CONTENTS,WRITE_CREATE_DATE,WRITE_NOTICE_YN,WRITE_RESERVATION_TIME_YN,WRITE_RESERVATION_TIME,WRITE_DISPLAY_YN,USER_ID) values (475,41,'<img src="/link/resources/images/bandUploadImg/2019_08_13_154853.jpg"><br>',to_date('19/08/13','RR/MM/DD'),'N','N',null,'Y','lee');
Insert into JAVER.BAND_WRITE (WRITE_NO,BAND_NO,WRITE_CONTENTS,WRITE_CREATE_DATE,WRITE_NOTICE_YN,WRITE_RESERVATION_TIME_YN,WRITE_RESERVATION_TIME,WRITE_DISPLAY_YN,USER_ID) values (476,41,'<img src="/link/resources/images/bandUploadImg/2019_08_13_160347.jpg"><br>',to_date('19/08/13','RR/MM/DD'),'N','N',null,'Y','lee');
Insert into JAVER.BAND_WRITE (WRITE_NO,BAND_NO,WRITE_CONTENTS,WRITE_CREATE_DATE,WRITE_NOTICE_YN,WRITE_RESERVATION_TIME_YN,WRITE_RESERVATION_TIME,WRITE_DISPLAY_YN,USER_ID) values (477,41,'<img src="/link/resources/images/bandUploadImg/2019_08_13_161659.jpg"><br>',to_date('19/08/13','RR/MM/DD'),'N','N',null,'Y','lee');
Insert into JAVER.BAND_WRITE (WRITE_NO,BAND_NO,WRITE_CONTENTS,WRITE_CREATE_DATE,WRITE_NOTICE_YN,WRITE_RESERVATION_TIME_YN,WRITE_RESERVATION_TIME,WRITE_DISPLAY_YN,USER_ID) values (478,41,'<img src="/link/resources/images/bandUploadImg/2019_08_13_165256.jpeg"><br>',to_date('19/08/13','RR/MM/DD'),'N','N',null,'Y','lee');
Insert into JAVER.BAND_WRITE (WRITE_NO,BAND_NO,WRITE_CONTENTS,WRITE_CREATE_DATE,WRITE_NOTICE_YN,WRITE_RESERVATION_TIME_YN,WRITE_RESERVATION_TIME,WRITE_DISPLAY_YN,USER_ID) values (479,41,'<img src="/link/resources/images/bandUploadImg/2019_08_13_165317.jpg"><img src="/link/resources/images/bandUploadImg/2019_08_13_165328.jpg"><img src="/link/resources/images/bandUploadImg/2019_08_13_165343.jpg"><br>',to_date('19/08/13','RR/MM/DD'),'N','N',null,'Y','lee');
Insert into JAVER.BAND_WRITE (WRITE_NO,BAND_NO,WRITE_CONTENTS,WRITE_CREATE_DATE,WRITE_NOTICE_YN,WRITE_RESERVATION_TIME_YN,WRITE_RESERVATION_TIME,WRITE_DISPLAY_YN,USER_ID) values (480,41,'<img src="/link/resources/images/bandUploadImg/2019_08_13_165404.jpg"><img src="/link/resources/images/bandUploadImg/2019_08_13_165419.jpg"><br>',to_date('19/08/13','RR/MM/DD'),'N','N',null,'Y','lee');
REM INSERTING into JAVER.BAND_WRITE_CONTENTS
SET DEFINE OFF;
REM INSERTING into JAVER.BAND_WRITE_PHOTO
SET DEFINE OFF;
Insert into JAVER.BAND_WRITE_PHOTO (PHOTO_NO,PHOTO_NAME,WRITE_NO,BAND_NO) values (1,'2019_08_13_160347.jpg',476,null);
Insert into JAVER.BAND_WRITE_PHOTO (PHOTO_NO,PHOTO_NAME,WRITE_NO,BAND_NO) values (2,'2019_08_13_161659.jpg',477,41);
Insert into JAVER.BAND_WRITE_PHOTO (PHOTO_NO,PHOTO_NAME,WRITE_NO,BAND_NO) values (3,'2019_08_13_165256.jpeg',478,41);
Insert into JAVER.BAND_WRITE_PHOTO (PHOTO_NO,PHOTO_NAME,WRITE_NO,BAND_NO) values (4,'2019_08_13_165317.jpg',479,41);
Insert into JAVER.BAND_WRITE_PHOTO (PHOTO_NO,PHOTO_NAME,WRITE_NO,BAND_NO) values (5,'2019_08_13_165328.jpg',479,41);
Insert into JAVER.BAND_WRITE_PHOTO (PHOTO_NO,PHOTO_NAME,WRITE_NO,BAND_NO) values (6,'2019_08_13_165343.jpg',479,41);
Insert into JAVER.BAND_WRITE_PHOTO (PHOTO_NO,PHOTO_NAME,WRITE_NO,BAND_NO) values (7,'2019_08_13_165404.jpg',480,41);
Insert into JAVER.BAND_WRITE_PHOTO (PHOTO_NO,PHOTO_NAME,WRITE_NO,BAND_NO) values (8,'2019_08_13_165419.jpg',480,41);
REM INSERTING into JAVER.BLOG
SET DEFINE OFF;
Insert into JAVER.BLOG (BLOG_NO,BLOG_TITLE,BLOG_MAIN_IMG,BLOG_THEME,BLOG_DESCRIPTION,BLOG_CREATE_DATE,USER_ID,BLOG_VISITS,BLOG_BACKGROUND_COLOR,BLOG_FONT_COLOR,BLOG_OPACITY,BLOG_ATAG_COLOR,BLOG_HR_COLOR,BLOG_BODY_COLOR,BLOG_FIRSTCOL,BLOG_SECONDCOL,BLOG_THIRDCOL,BLOG_LAYOUT,BLOG_PAGENUM_COLOR,BLOG_PAGENUM_BACKGROUNDCOLOR,BLOG_TOPIC,BLOG_PAGENUMBORDERCOLOR) values (3,'여행 블로그','travel3.jfif','theme1.jpg','안녕하세요',to_date('19/07/22','RR/MM/DD'),'bm',200,'#fdf5e6','#0a2917',0.6,'#0d0f3e','#c9c9c9','#fcfdd7','profile','category','bloginfo',4,'#87c9da','#faf5e4','travel','#f7faeb');
Insert into JAVER.BLOG (BLOG_NO,BLOG_TITLE,BLOG_MAIN_IMG,BLOG_THEME,BLOG_DESCRIPTION,BLOG_CREATE_DATE,USER_ID,BLOG_VISITS,BLOG_BACKGROUND_COLOR,BLOG_FONT_COLOR,BLOG_OPACITY,BLOG_ATAG_COLOR,BLOG_HR_COLOR,BLOG_BODY_COLOR,BLOG_FIRSTCOL,BLOG_SECONDCOL,BLOG_THIRDCOL,BLOG_LAYOUT,BLOG_PAGENUM_COLOR,BLOG_PAGENUM_BACKGROUNDCOLOR,BLOG_TOPIC,BLOG_PAGENUMBORDERCOLOR) values (343,'나무늘보의 블로그','img_01.png','theme10.jpg','안녕하세요, 나무늘보의 블로그입니다.',to_date('19/07/31','RR/MM/DD'),'series1',161,'#ffffff','#7a706d',0.5,'#000000','#666666','#e9ebc7','profile','category','bloginfo',4,'#b0b0b0','#e9f3f0','programming','#f2f2f2');
Insert into JAVER.BLOG (BLOG_NO,BLOG_TITLE,BLOG_MAIN_IMG,BLOG_THEME,BLOG_DESCRIPTION,BLOG_CREATE_DATE,USER_ID,BLOG_VISITS,BLOG_BACKGROUND_COLOR,BLOG_FONT_COLOR,BLOG_OPACITY,BLOG_ATAG_COLOR,BLOG_HR_COLOR,BLOG_BODY_COLOR,BLOG_FIRSTCOL,BLOG_SECONDCOL,BLOG_THIRDCOL,BLOG_LAYOUT,BLOG_PAGENUM_COLOR,BLOG_PAGENUM_BACKGROUNDCOLOR,BLOG_TOPIC,BLOG_PAGENUMBORDERCOLOR) values (270,'asd','2019_07_22_124820.PNG','theme11.jpg','sad',to_date('19/07/30','RR/MM/DD'),'lrllzzr',22,'#ffffff','#7a706d',0.9,'#000000','#666666','#f8dfcf','profile','category','bloginfo',3,'#b0b0b0','#e9f3f0','movie','#f2f2f2');
Insert into JAVER.BLOG (BLOG_NO,BLOG_TITLE,BLOG_MAIN_IMG,BLOG_THEME,BLOG_DESCRIPTION,BLOG_CREATE_DATE,USER_ID,BLOG_VISITS,BLOG_BACKGROUND_COLOR,BLOG_FONT_COLOR,BLOG_OPACITY,BLOG_ATAG_COLOR,BLOG_HR_COLOR,BLOG_BODY_COLOR,BLOG_FIRSTCOL,BLOG_SECONDCOL,BLOG_THIRDCOL,BLOG_LAYOUT,BLOG_PAGENUM_COLOR,BLOG_PAGENUM_BACKGROUNDCOLOR,BLOG_TOPIC,BLOG_PAGENUMBORDERCOLOR) values (361,'관리자 블로그','admin.jfif','theme11.jpg','관리자 블로그입니다',to_date('19/08/01','RR/MM/DD'),'admin',9,'#ffffff','#7a706d',0.9,'#000000','#666666','#f8dfcf','profile','category','bloginfo',1,'#b0b0b0','#e9f3f0','movie','#f2f2f2');
Insert into JAVER.BLOG (BLOG_NO,BLOG_TITLE,BLOG_MAIN_IMG,BLOG_THEME,BLOG_DESCRIPTION,BLOG_CREATE_DATE,USER_ID,BLOG_VISITS,BLOG_BACKGROUND_COLOR,BLOG_FONT_COLOR,BLOG_OPACITY,BLOG_ATAG_COLOR,BLOG_HR_COLOR,BLOG_BODY_COLOR,BLOG_FIRSTCOL,BLOG_SECONDCOL,BLOG_THIRDCOL,BLOG_LAYOUT,BLOG_PAGENUM_COLOR,BLOG_PAGENUM_BACKGROUNDCOLOR,BLOG_TOPIC,BLOG_PAGENUMBORDERCOLOR) values (367,'카패달의 블로그','programing2.jpg','theme11.jpg','병민이형의 협박으로 만든 블로그입니다.',to_date('19/08/02','RR/MM/DD'),'gnsl1102',0,'#ffffff','#7a706d',0.9,'#000000','#666666','#f8dfcf','profile','category','bloginfo',1,'#b0b0b0','#e9f3f0','programming','#f2f2f2');
Insert into JAVER.BLOG (BLOG_NO,BLOG_TITLE,BLOG_MAIN_IMG,BLOG_THEME,BLOG_DESCRIPTION,BLOG_CREATE_DATE,USER_ID,BLOG_VISITS,BLOG_BACKGROUND_COLOR,BLOG_FONT_COLOR,BLOG_OPACITY,BLOG_ATAG_COLOR,BLOG_HR_COLOR,BLOG_BODY_COLOR,BLOG_FIRSTCOL,BLOG_SECONDCOL,BLOG_THIRDCOL,BLOG_LAYOUT,BLOG_PAGENUM_COLOR,BLOG_PAGENUM_BACKGROUNDCOLOR,BLOG_TOPIC,BLOG_PAGENUMBORDERCOLOR) values (382,'유미방송블로그','sj.jpg','theme5.jpg','유미방송블로그 입니당 ~~
다함께 유미를 해 보아요!!
afreeca / v2pv2p',to_date('19/08/05','RR/MM/DD'),'v2pv2p',50,'#fdeaf5','#7a706d',0.9,'#000000','#666666','#ffe6fe','profile','category','bloginfo',1,'#b0b0b0','#e9f3f0','streamming','#f2f2f2');
Insert into JAVER.BLOG (BLOG_NO,BLOG_TITLE,BLOG_MAIN_IMG,BLOG_THEME,BLOG_DESCRIPTION,BLOG_CREATE_DATE,USER_ID,BLOG_VISITS,BLOG_BACKGROUND_COLOR,BLOG_FONT_COLOR,BLOG_OPACITY,BLOG_ATAG_COLOR,BLOG_HR_COLOR,BLOG_BODY_COLOR,BLOG_FIRSTCOL,BLOG_SECONDCOL,BLOG_THIRDCOL,BLOG_LAYOUT,BLOG_PAGENUM_COLOR,BLOG_PAGENUM_BACKGROUNDCOLOR,BLOG_TOPIC,BLOG_PAGENUMBORDERCOLOR) values (393,'영화블로그 하이하이요','차차차.jpg','theme5.jpg','댓글과 좋아요 구독 부탁드립니다.',to_date('19/08/05','RR/MM/DD'),'hk',22,'#ffffff','#7a706d',0.9,'#000000','#666666','#f8dfcf','profile','category','bloginfo',1,'#b0b0b0','#e9f3f0','movie','#f2f2f2');
Insert into JAVER.BLOG (BLOG_NO,BLOG_TITLE,BLOG_MAIN_IMG,BLOG_THEME,BLOG_DESCRIPTION,BLOG_CREATE_DATE,USER_ID,BLOG_VISITS,BLOG_BACKGROUND_COLOR,BLOG_FONT_COLOR,BLOG_OPACITY,BLOG_ATAG_COLOR,BLOG_HR_COLOR,BLOG_BODY_COLOR,BLOG_FIRSTCOL,BLOG_SECONDCOL,BLOG_THIRDCOL,BLOG_LAYOUT,BLOG_PAGENUM_COLOR,BLOG_PAGENUM_BACKGROUNDCOLOR,BLOG_TOPIC,BLOG_PAGENUMBORDERCOLOR) values (397,'123','스파이더맨.jpg','theme11.jpg','123',to_date('19/08/05','RR/MM/DD'),'series2',1,'#ffffff','#7a706d',0.9,'#000000','#666666','#f8dfcf','profile','category','bloginfo',1,'#b0b0b0','#e9f3f0','movie','#f2f2f2');
Insert into JAVER.BLOG (BLOG_NO,BLOG_TITLE,BLOG_MAIN_IMG,BLOG_THEME,BLOG_DESCRIPTION,BLOG_CREATE_DATE,USER_ID,BLOG_VISITS,BLOG_BACKGROUND_COLOR,BLOG_FONT_COLOR,BLOG_OPACITY,BLOG_ATAG_COLOR,BLOG_HR_COLOR,BLOG_BODY_COLOR,BLOG_FIRSTCOL,BLOG_SECONDCOL,BLOG_THIRDCOL,BLOG_LAYOUT,BLOG_PAGENUM_COLOR,BLOG_PAGENUM_BACKGROUNDCOLOR,BLOG_TOPIC,BLOG_PAGENUMBORDERCOLOR) values (482,'자바 블로그!!','search-img-ex3.jpg','theme10.jpg','웹 프로그래밍을 공부하는 블로그',to_date('19/08/13','RR/MM/DD'),'bm2',36,'#f5fcf3','#7a706d',0.5,'#000000','#666666','#c5c1f7','profile','category','bloginfo',1,'#b0b0b0','#e9f3f0','programming','#f2f2f2');
REM INSERTING into JAVER.BLOG_BOARDS
SET DEFINE OFF;
Insert into JAVER.BLOG_BOARDS (BOARD_NO,BOARD_TITLE,BOARD_CONTENTS,BOARD_CREATE_DATE,CATEGORY_NO,BOARD_MAIN_IMG) values (102,'라오스 다녀와썽요~~!','<p style="text-align: center; " align="center"><span style="font-family: 바탕, batang; font-size: 14pt;">라오스 다녀와썽요~~!</span></p><p style="text-align: center; " align="center"><span style="font-family: 바탕, batang; font-size: 14pt;">경치 너무 죽이죵</span></p><p style="text-align: center; " align="center"><span style="font-family: 바탕, batang; font-size: 14pt;">ㅎㅎㅎ</span></p><p style="text-align: center; "><img src="/link/resources/images/userblogimgs/2019_07_26_092503.jfif">&nbsp;</p>',to_date('19/07/26','RR/MM/DD'),5,'travel2.jfif');
Insert into JAVER.BLOG_BOARDS (BOARD_NO,BOARD_TITLE,BOARD_CONTENTS,BOARD_CREATE_DATE,CATEGORY_NO,BOARD_MAIN_IMG) values (63,'너무 조아용','<p>ㅎㅎㅎㅎ</p><p>고기 맛이 가요~~</p><p><img src="/link/resources/images/userblogimgs/2019_07_24_181211.jpg">?</p><p>?</p>',to_date('19/07/24','RR/MM/DD'),5,'2019_07_22_124726.jpg');
Insert into JAVER.BLOG_BOARDS (BOARD_NO,BOARD_TITLE,BOARD_CONTENTS,BOARD_CREATE_DATE,CATEGORY_NO,BOARD_MAIN_IMG) values (101,'경치가 너무 좋았어요','<p>너무 좋았어요~!!</p><p><img src="/link/resources/images/userblogimgs/2019_07_26_091758.jfif">&nbsp;</p>',to_date('19/07/26','RR/MM/DD'),5,'travel1.jpg');
Insert into JAVER.BLOG_BOARDS (BOARD_NO,BOARD_TITLE,BOARD_CONTENTS,BOARD_CREATE_DATE,CATEGORY_NO,BOARD_MAIN_IMG) values (422,'하이하이요','하이하이요',to_date('19/08/07','RR/MM/DD'),8,'theme3.jpg');
Insert into JAVER.BLOG_BOARDS (BOARD_NO,BOARD_TITLE,BOARD_CONTENTS,BOARD_CREATE_DATE,CATEGORY_NO,BOARD_MAIN_IMG) values (340,'하이하이요','하이하이요',to_date('19/07/31','RR/MM/DD'),5,'theme5.jpg');
Insert into JAVER.BLOG_BOARDS (BOARD_NO,BOARD_TITLE,BOARD_CONTENTS,BOARD_CREATE_DATE,CATEGORY_NO,BOARD_MAIN_IMG) values (341,'미국 다녀왔어요!! 너무 좋아요','<p style="text-align: center; " align="center"><span style="font-family: 바탕, batang; font-size: 14pt;">라오스 다녀와썽요~~!</span></p><p style="text-align: center; " align="center"><span style="font-family: 바탕, batang; font-size: 14pt;">경치 너무 죽이죵</span></p><p style="text-align: center; " align="center"><span style="font-family: 바탕, batang; font-size: 14pt;">ㅎㅎㅎ</span></p><p style="text-align: center; "><img src="/link/resources/images/userblogimgs/2019_07_26_092503.jfif"> </p>',to_date('19/07/31','RR/MM/DD'),5,'goguma.jfif');
Insert into JAVER.BLOG_BOARDS (BOARD_NO,BOARD_TITLE,BOARD_CONTENTS,BOARD_CREATE_DATE,CATEGORY_NO,BOARD_MAIN_IMG) values (342,'2019-07-31','<p>재헌이가 오늘 DB를 껐다</p><p>죽이고 싶엇다 ...</p>',to_date('19/07/31','RR/MM/DD'),8,'travel5.jpg');
Insert into JAVER.BLOG_BOARDS (BOARD_NO,BOARD_TITLE,BOARD_CONTENTS,BOARD_CREATE_DATE,CATEGORY_NO,BOARD_MAIN_IMG) values (364,'나는 관리자다','나는 관리자다',to_date('19/08/01','RR/MM/DD'),363,'admin.jfif');
Insert into JAVER.BLOG_BOARDS (BOARD_NO,BOARD_TITLE,BOARD_CONTENTS,BOARD_CREATE_DATE,CATEGORY_NO,BOARD_MAIN_IMG) values (365,'오늘 코딩을하였따,.','오늘 코딩을하였따,.',to_date('19/08/01','RR/MM/DD'),363,'programing.jpg');
Insert into JAVER.BLOG_BOARDS (BOARD_NO,BOARD_TITLE,BOARD_CONTENTS,BOARD_CREATE_DATE,CATEGORY_NO,BOARD_MAIN_IMG) values (366,'저는 나무늘보 입니다.','<p>&nbsp;</p><p><img src="/link/resources/images/userblogimgs/2019_08_01_134617.jpg">저는 나무늘보 입니다.</p>',to_date('19/08/01','RR/MM/DD'),345,'namu.jpg');
Insert into JAVER.BLOG_BOARDS (BOARD_NO,BOARD_TITLE,BOARD_CONTENTS,BOARD_CREATE_DATE,CATEGORY_NO,BOARD_MAIN_IMG) values (381,'저는 지각생 입니다.','저는 지각생 입니다.',to_date('19/08/05','RR/MM/DD'),345,'shutterstock_156178298.jpg');
Insert into JAVER.BLOG_BOARDS (BOARD_NO,BOARD_TITLE,BOARD_CONTENTS,BOARD_CREATE_DATE,CATEGORY_NO,BOARD_MAIN_IMG) values (385,'플레이 영상','<p>하드버스 받았습니당 ~~ㅎㅎ</p><p><img src="/link/resources/images/userblogimgs/2019_08_05_124203.jfif">&nbsp;</p>',to_date('19/08/05','RR/MM/DD'),384,'yumi.jfif');
Insert into JAVER.BLOG_BOARDS (BOARD_NO,BOARD_TITLE,BOARD_CONTENTS,BOARD_CREATE_DATE,CATEGORY_NO,BOARD_MAIN_IMG) values (400,'야구동영상','<p>류현진 오빠 넘 멋져용 ~~`</p><p><img src="/link/resources/images/userblogimgs/2019_08_06_091325.jfif">&nbsp;</p>',to_date('19/08/06','RR/MM/DD'),395,'류현진.jfif');
Insert into JAVER.BLOG_BOARDS (BOARD_NO,BOARD_TITLE,BOARD_CONTENTS,BOARD_CREATE_DATE,CATEGORY_NO,BOARD_MAIN_IMG) values (435,'대장님 보고왔어용 ~~~','<p>대장님 보고왔어용 ~~~</p><p><img src="/link/resources/images/userblogimgs/2019_08_08_111939.jpg">&nbsp;</p>',to_date('19/08/08','RR/MM/DD'),5,'hyoshin.jpg');
Insert into JAVER.BLOG_BOARDS (BOARD_NO,BOARD_TITLE,BOARD_CONTENTS,BOARD_CREATE_DATE,CATEGORY_NO,BOARD_MAIN_IMG) values (442,'그날의 푸른 새벽의 정적..','푸른 새벽의 정적..',to_date('19/08/08','RR/MM/DD'),395,'search_auto_complete.png');
Insert into JAVER.BLOG_BOARDS (BOARD_NO,BOARD_TITLE,BOARD_CONTENTS,BOARD_CREATE_DATE,CATEGORY_NO,BOARD_MAIN_IMG) values (487,'자바 예상 면접 질문 !!','<span id="docs-internal-guid-56487b6a-7fff-9563-0db6-311aa7ff6786"><p dir="ltr" style="line-height:1.38;margin-top:0pt;margin-bottom:0pt;"><span style="font-size: 11pt; font-family: Arial; font-variant-numeric: normal; font-variant-east-asian: normal; vertical-align: baseline; white-space: pre-wrap;">[자바 관련]</span></p><ol style="margin-top:0;margin-bottom:0;"><li dir="ltr" style="list-style-type: decimal; font-size: 11pt; font-family: Arial; font-weight: 700; font-variant-numeric: normal; font-variant-east-asian: normal; vertical-align: baseline; white-space: pre;"><p dir="ltr" style="line-height:1.38;margin-top:0pt;margin-bottom:0pt;"><span style="font-size: 11pt; font-variant-numeric: normal; font-variant-east-asian: normal; vertical-align: baseline; white-space: pre-wrap;">자바의 데이터 타입인 Primitive Type(기본형)에 대해서 말해 보세요.</span></p></li><ul style="margin-top:0;margin-bottom:0;"><li dir="ltr" style="list-style-type: circle; font-size: 11pt; font-family: Arial; font-variant-numeric: normal; font-variant-east-asian: normal; vertical-align: baseline; white-space: pre;"><p dir="ltr" style="line-height:1.38;margin-top:0pt;margin-bottom:0pt;"><span style="font-size: 11pt; font-variant-numeric: normal; font-variant-east-asian: normal; vertical-align: baseline; white-space: pre-wrap;">정수(byte, short, int, long), 실수(float, double), 문자(char), 논리(boolean) 리터럴을 저장하는 타입.</span></p></li><li dir="ltr" style="list-style-type: circle; font-size: 11pt; font-family: Arial; font-variant-numeric: normal; font-variant-east-asian: normal; vertical-align: baseline; white-space: pre;"><p dir="ltr" style="line-height:1.38;margin-top:0pt;margin-bottom:0pt;"><span style="font-size: 11pt; font-variant-numeric: normal; font-variant-east-asian: normal; vertical-align: baseline; white-space: pre-wrap;">실제 값을 변수 안에 저장한다.</span><span style="font-size: 11pt; font-variant-numeric: normal; font-variant-east-asian: normal; vertical-align: baseline; white-space: pre-wrap;"><br>&nbsp;</span></p></li></ul><li dir="ltr" style="list-style-type: decimal; font-size: 11pt; font-family: Arial; font-weight: 700; font-variant-numeric: normal; font-variant-east-asian: normal; vertical-align: baseline; white-space: pre;"><p dir="ltr" style="line-height:1.38;margin-top:0pt;margin-bottom:0pt;"><span style="font-size: 11pt; font-variant-numeric: normal; font-variant-east-asian: normal; vertical-align: baseline; white-space: pre-wrap;">자바의 데이터 타입인 Reference Type에 대해 설명하세요.</span></p></li><ul style="margin-top:0;margin-bottom:0;"><li dir="ltr" style="list-style-type: circle; font-size: 11pt; font-family: Arial; font-variant-numeric: normal; font-variant-east-asian: normal; vertical-align: baseline; white-space: pre;"><p dir="ltr" style="line-height:1.38;margin-top:0pt;margin-bottom:0pt;"><span style="font-size: 11pt; font-variant-numeric: normal; font-variant-east-asian: normal; vertical-align: baseline; white-space: pre-wrap;">기본형을 제외한 모든 타입</span></p></li><li dir="ltr" style="list-style-type: circle; font-size: 11pt; font-family: Arial; font-variant-numeric: normal; font-variant-east-asian: normal; vertical-align: baseline; white-space: pre;"><p dir="ltr" style="line-height:1.38;margin-top:0pt;margin-bottom:0pt;"><span style="font-size: 11pt; font-variant-numeric: normal; font-variant-east-asian: normal; vertical-align: baseline; white-space: pre-wrap;">객체의 번지(주소)를 참조하는 타입</span></p></li></ul></ol></span>',to_date('19/08/13','RR/MM/DD'),484,'programing2.jpg');
Insert into JAVER.BLOG_BOARDS (BOARD_NO,BOARD_TITLE,BOARD_CONTENTS,BOARD_CREATE_DATE,CATEGORY_NO,BOARD_MAIN_IMG) values (455,'나는야 아무무 장인','나는야 아무무 장인',to_date('19/08/09','RR/MM/DD'),395,'amumu.jpg');
REM INSERTING into JAVER.BLOG_BOARDS_COMMENTS
SET DEFINE OFF;
Insert into JAVER.BLOG_BOARDS_COMMENTS (COMMENT_NO,COMMENT_CONTENTS,COMMENT_LIKES,BOARD_NO,COMMENT_CREATE_DATE,PARENTCOMMENT_NO,USER_ID) values (406,'지각좀 그만 하세요~!!',0,381,to_date('19/08/06','RR/MM/DD'),null,'bm');
Insert into JAVER.BLOG_BOARDS_COMMENTS (COMMENT_NO,COMMENT_CONTENTS,COMMENT_LIKES,BOARD_NO,COMMENT_CREATE_DATE,PARENTCOMMENT_NO,USER_ID) values (404,'좋아요',0,366,to_date('19/08/06','RR/MM/DD'),null,'bm');
Insert into JAVER.BLOG_BOARDS_COMMENTS (COMMENT_NO,COMMENT_CONTENTS,COMMENT_LIKES,BOARD_NO,COMMENT_CREATE_DATE,PARENTCOMMENT_NO,USER_ID) values (405,'저도 좋습니다 !!',0,366,to_date('19/08/06','RR/MM/DD'),404,'v2pv2p');
Insert into JAVER.BLOG_BOARDS_COMMENTS (COMMENT_NO,COMMENT_CONTENTS,COMMENT_LIKES,BOARD_NO,COMMENT_CREATE_DATE,PARENTCOMMENT_NO,USER_ID) values (407,'나무늘보 입니까?',0,366,to_date('19/08/06','RR/MM/DD'),null,'bm');
Insert into JAVER.BLOG_BOARDS_COMMENTS (COMMENT_NO,COMMENT_CONTENTS,COMMENT_LIKES,BOARD_NO,COMMENT_CREATE_DATE,PARENTCOMMENT_NO,USER_ID) values (408,'저도여!!',0,366,to_date('19/08/06','RR/MM/DD'),null,'bm');
Insert into JAVER.BLOG_BOARDS_COMMENTS (COMMENT_NO,COMMENT_CONTENTS,COMMENT_LIKES,BOARD_NO,COMMENT_CREATE_DATE,PARENTCOMMENT_NO,USER_ID) values (409,'저는 제가 좋아요',0,366,to_date('19/08/06','RR/MM/DD'),404,'hk');
Insert into JAVER.BLOG_BOARDS_COMMENTS (COMMENT_NO,COMMENT_CONTENTS,COMMENT_LIKES,BOARD_NO,COMMENT_CREATE_DATE,PARENTCOMMENT_NO,USER_ID) values (410,'나무늘보 입니다.',0,366,to_date('19/08/06','RR/MM/DD'),407,'hk');
Insert into JAVER.BLOG_BOARDS_COMMENTS (COMMENT_NO,COMMENT_CONTENTS,COMMENT_LIKES,BOARD_NO,COMMENT_CREATE_DATE,PARENTCOMMENT_NO,USER_ID) values (411,'ㅎㅎㅎㅎㅎ',0,366,to_date('19/08/06','RR/MM/DD'),408,'hk');
Insert into JAVER.BLOG_BOARDS_COMMENTS (COMMENT_NO,COMMENT_CONTENTS,COMMENT_LIKES,BOARD_NO,COMMENT_CREATE_DATE,PARENTCOMMENT_NO,USER_ID) values (501,'보기 좋아요~~',0,341,to_date('19/08/14','RR/MM/DD'),null,'v2pv2p');
Insert into JAVER.BLOG_BOARDS_COMMENTS (COMMENT_NO,COMMENT_CONTENTS,COMMENT_LIKES,BOARD_NO,COMMENT_CREATE_DATE,PARENTCOMMENT_NO,USER_ID) values (419,'ㅎㅎㅎ',0,366,to_date('19/08/06','RR/MM/DD'),404,'v2pv2p');
Insert into JAVER.BLOG_BOARDS_COMMENTS (COMMENT_NO,COMMENT_CONTENTS,COMMENT_LIKES,BOARD_NO,COMMENT_CREATE_DATE,PARENTCOMMENT_NO,USER_ID) values (424,'좋아용',0,342,to_date('19/08/07','RR/MM/DD'),null,'bm');
Insert into JAVER.BLOG_BOARDS_COMMENTS (COMMENT_NO,COMMENT_CONTENTS,COMMENT_LIKES,BOARD_NO,COMMENT_CREATE_DATE,PARENTCOMMENT_NO,USER_ID) values (425,'저도 좋습니다',0,342,to_date('19/08/07','RR/MM/DD'),424,'bm');
Insert into JAVER.BLOG_BOARDS_COMMENTS (COMMENT_NO,COMMENT_CONTENTS,COMMENT_LIKES,BOARD_NO,COMMENT_CREATE_DATE,PARENTCOMMENT_NO,USER_ID) values (431,'나는 관리자다 !!!',0,364,to_date('19/08/08','RR/MM/DD'),null,'admin');
Insert into JAVER.BLOG_BOARDS_COMMENTS (COMMENT_NO,COMMENT_CONTENTS,COMMENT_LIKES,BOARD_NO,COMMENT_CREATE_DATE,PARENTCOMMENT_NO,USER_ID) values (432,'맞습니다 저는 관리자입니다',0,364,to_date('19/08/08','RR/MM/DD'),431,'admin');
Insert into JAVER.BLOG_BOARDS_COMMENTS (COMMENT_NO,COMMENT_CONTENTS,COMMENT_LIKES,BOARD_NO,COMMENT_CREATE_DATE,PARENTCOMMENT_NO,USER_ID) values (433,'ㅎㅎ',0,364,to_date('19/08/08','RR/MM/DD'),null,'admin');
Insert into JAVER.BLOG_BOARDS_COMMENTS (COMMENT_NO,COMMENT_CONTENTS,COMMENT_LIKES,BOARD_NO,COMMENT_CREATE_DATE,PARENTCOMMENT_NO,USER_ID) values (434,'ㅎㅎㅎ',0,364,to_date('19/08/08','RR/MM/DD'),431,'admin');
Insert into JAVER.BLOG_BOARDS_COMMENTS (COMMENT_NO,COMMENT_CONTENTS,COMMENT_LIKES,BOARD_NO,COMMENT_CREATE_DATE,PARENTCOMMENT_NO,USER_ID) values (444,' 하 하 하 하',0,435,to_date('19/08/08','RR/MM/DD'),null,'bm');
Insert into JAVER.BLOG_BOARDS_COMMENTS (COMMENT_NO,COMMENT_CONTENTS,COMMENT_LIKES,BOARD_NO,COMMENT_CREATE_DATE,PARENTCOMMENT_NO,USER_ID) values (445,'히 히 히 히',0,435,to_date('19/08/08','RR/MM/DD'),444,'bm');
Insert into JAVER.BLOG_BOARDS_COMMENTS (COMMENT_NO,COMMENT_CONTENTS,COMMENT_LIKES,BOARD_NO,COMMENT_CREATE_DATE,PARENTCOMMENT_NO,USER_ID) values (491,'ㅎㅎ',0,487,to_date('19/08/13','RR/MM/DD'),null,'bm');
Insert into JAVER.BLOG_BOARDS_COMMENTS (COMMENT_NO,COMMENT_CONTENTS,COMMENT_LIKES,BOARD_NO,COMMENT_CREATE_DATE,PARENTCOMMENT_NO,USER_ID) values (492,'JAVA',0,487,to_date('19/08/13','RR/MM/DD'),491,'bm');
Insert into JAVER.BLOG_BOARDS_COMMENTS (COMMENT_NO,COMMENT_CONTENTS,COMMENT_LIKES,BOARD_NO,COMMENT_CREATE_DATE,PARENTCOMMENT_NO,USER_ID) values (461,'하하하하 나는 장인이다',0,455,to_date('19/08/09','RR/MM/DD'),null,'hk');
Insert into JAVER.BLOG_BOARDS_COMMENTS (COMMENT_NO,COMMENT_CONTENTS,COMMENT_LIKES,BOARD_NO,COMMENT_CREATE_DATE,PARENTCOMMENT_NO,USER_ID) values (462,'그것도 아주 장인이지',0,455,to_date('19/08/09','RR/MM/DD'),461,'hk');
REM INSERTING into JAVER.BLOG_BOARD_LIKES
SET DEFINE OFF;
Insert into JAVER.BLOG_BOARD_LIKES (LIKES_NO,BOARD_NO,BLOG_NO,LIKE_CREATE_DATE) values (402,340,3,to_date('19/08/06','RR/MM/DD'));
Insert into JAVER.BLOG_BOARD_LIKES (LIKES_NO,BOARD_NO,BLOG_NO,LIKE_CREATE_DATE) values (396,381,3,to_date('19/08/05','RR/MM/DD'));
Insert into JAVER.BLOG_BOARD_LIKES (LIKES_NO,BOARD_NO,BLOG_NO,LIKE_CREATE_DATE) values (460,455,393,to_date('19/08/09','RR/MM/DD'));
Insert into JAVER.BLOG_BOARD_LIKES (LIKES_NO,BOARD_NO,BLOG_NO,LIKE_CREATE_DATE) values (391,385,3,to_date('19/08/05','RR/MM/DD'));
Insert into JAVER.BLOG_BOARD_LIKES (LIKES_NO,BOARD_NO,BLOG_NO,LIKE_CREATE_DATE) values (414,63,3,to_date('19/08/06','RR/MM/DD'));
Insert into JAVER.BLOG_BOARD_LIKES (LIKES_NO,BOARD_NO,BLOG_NO,LIKE_CREATE_DATE) values (423,342,3,to_date('19/08/07','RR/MM/DD'));
Insert into JAVER.BLOG_BOARD_LIKES (LIKES_NO,BOARD_NO,BLOG_NO,LIKE_CREATE_DATE) values (417,340,382,to_date('19/08/06','RR/MM/DD'));
Insert into JAVER.BLOG_BOARD_LIKES (LIKES_NO,BOARD_NO,BLOG_NO,LIKE_CREATE_DATE) values (420,366,382,to_date('19/08/06','RR/MM/DD'));
Insert into JAVER.BLOG_BOARD_LIKES (LIKES_NO,BOARD_NO,BLOG_NO,LIKE_CREATE_DATE) values (426,63,382,to_date('19/08/07','RR/MM/DD'));
Insert into JAVER.BLOG_BOARD_LIKES (LIKES_NO,BOARD_NO,BLOG_NO,LIKE_CREATE_DATE) values (427,385,343,to_date('19/08/07','RR/MM/DD'));
Insert into JAVER.BLOG_BOARD_LIKES (LIKES_NO,BOARD_NO,BLOG_NO,LIKE_CREATE_DATE) values (430,365,361,to_date('19/08/08','RR/MM/DD'));
Insert into JAVER.BLOG_BOARD_LIKES (LIKES_NO,BOARD_NO,BLOG_NO,LIKE_CREATE_DATE) values (490,487,3,to_date('19/08/13','RR/MM/DD'));
Insert into JAVER.BLOG_BOARD_LIKES (LIKES_NO,BOARD_NO,BLOG_NO,LIKE_CREATE_DATE) values (441,63,367,to_date('19/08/08','RR/MM/DD'));
Insert into JAVER.BLOG_BOARD_LIKES (LIKES_NO,BOARD_NO,BLOG_NO,LIKE_CREATE_DATE) values (443,435,3,to_date('19/08/08','RR/MM/DD'));
Insert into JAVER.BLOG_BOARD_LIKES (LIKES_NO,BOARD_NO,BLOG_NO,LIKE_CREATE_DATE) values (481,400,3,to_date('19/08/13','RR/MM/DD'));
REM INSERTING into JAVER.BLOG_CATEGORY
SET DEFINE OFF;
Insert into JAVER.BLOG_CATEGORY (CATEGORY_NO,CATEGORY_TITLE,CATEGORY_SHOWTYPE,CATEGORY_ORDERS,CATEGORY_VISIBILITY,SUBCATEGORY_NO,CATEGORY_CREATEDATE) values (347,'재미','onerow','347','Y',346,to_date('19/07/31','RR/MM/DD'));
Insert into JAVER.BLOG_CATEGORY (CATEGORY_NO,CATEGORY_TITLE,CATEGORY_SHOWTYPE,CATEGORY_ORDERS,CATEGORY_VISIBILITY,SUBCATEGORY_NO,CATEGORY_CREATEDATE) values (272,'카테고리','onerow','272','Y',271,to_date('19/07/30','RR/MM/DD'));
Insert into JAVER.BLOG_CATEGORY (CATEGORY_NO,CATEGORY_TITLE,CATEGORY_SHOWTYPE,CATEGORY_ORDERS,CATEGORY_VISIBILITY,SUBCATEGORY_NO,CATEGORY_CREATEDATE) values (5,'여행','onerow','1','Y',4,to_date('19/07/23','RR/MM/DD'));
Insert into JAVER.BLOG_CATEGORY (CATEGORY_NO,CATEGORY_TITLE,CATEGORY_SHOWTYPE,CATEGORY_ORDERS,CATEGORY_VISIBILITY,SUBCATEGORY_NO,CATEGORY_CREATEDATE) values (8,'일기','onerow','2','Y',4,to_date('19/07/16','RR/MM/DD'));
Insert into JAVER.BLOG_CATEGORY (CATEGORY_NO,CATEGORY_TITLE,CATEGORY_SHOWTYPE,CATEGORY_ORDERS,CATEGORY_VISIBILITY,SUBCATEGORY_NO,CATEGORY_CREATEDATE) values (363,'2019-08','onerow','363','Y',362,to_date('19/08/01','RR/MM/DD'));
Insert into JAVER.BLOG_CATEGORY (CATEGORY_NO,CATEGORY_TITLE,CATEGORY_SHOWTYPE,CATEGORY_ORDERS,CATEGORY_VISIBILITY,SUBCATEGORY_NO,CATEGORY_CREATEDATE) values (345,'카테고리','onerow','345','Y',344,to_date('19/07/31','RR/MM/DD'));
Insert into JAVER.BLOG_CATEGORY (CATEGORY_NO,CATEGORY_TITLE,CATEGORY_SHOWTYPE,CATEGORY_ORDERS,CATEGORY_VISIBILITY,SUBCATEGORY_NO,CATEGORY_CREATEDATE) values (369,'카테고리','onerow','369','Y',368,to_date('19/08/02','RR/MM/DD'));
Insert into JAVER.BLOG_CATEGORY (CATEGORY_NO,CATEGORY_TITLE,CATEGORY_SHOWTYPE,CATEGORY_ORDERS,CATEGORY_VISIBILITY,SUBCATEGORY_NO,CATEGORY_CREATEDATE) values (384,'유미 영상','onerow','384','Y',383,to_date('19/08/05','RR/MM/DD'));
Insert into JAVER.BLOG_CATEGORY (CATEGORY_NO,CATEGORY_TITLE,CATEGORY_SHOWTYPE,CATEGORY_ORDERS,CATEGORY_VISIBILITY,SUBCATEGORY_NO,CATEGORY_CREATEDATE) values (395,'류현진','onerow','395','Y',394,to_date('19/08/05','RR/MM/DD'));
Insert into JAVER.BLOG_CATEGORY (CATEGORY_NO,CATEGORY_TITLE,CATEGORY_SHOWTYPE,CATEGORY_ORDERS,CATEGORY_VISIBILITY,SUBCATEGORY_NO,CATEGORY_CREATEDATE) values (399,'카테고리','onerow','399','Y',398,to_date('19/08/05','RR/MM/DD'));
Insert into JAVER.BLOG_CATEGORY (CATEGORY_NO,CATEGORY_TITLE,CATEGORY_SHOWTYPE,CATEGORY_ORDERS,CATEGORY_VISIBILITY,SUBCATEGORY_NO,CATEGORY_CREATEDATE) values (429,'2019-08-08','onerow','429','Y',428,to_date('19/08/08','RR/MM/DD'));
Insert into JAVER.BLOG_CATEGORY (CATEGORY_NO,CATEGORY_TITLE,CATEGORY_SHOWTYPE,CATEGORY_ORDERS,CATEGORY_VISIBILITY,SUBCATEGORY_NO,CATEGORY_CREATEDATE) values (484,'면접 공부','onerow','484','Y',483,to_date('19/08/13','RR/MM/DD'));
REM INSERTING into JAVER.BLOG_HASHTAGS
SET DEFINE OFF;
REM INSERTING into JAVER.BLOG_NEIGHBOR
SET DEFINE OFF;
Insert into JAVER.BLOG_NEIGHBOR (NEIGHBORHOOD_NO,BLOG_NO,NEIGHBORHOOD_TYPE,NEIGHBOR_STATUS,NEIGHBOR_MESSAGE,NEIGHBOR_CREATE_DATE) values (3,367,'All','accept','우리 서로이웃 해요~',to_date('19/08/05','RR/MM/DD'));
Insert into JAVER.BLOG_NEIGHBOR (NEIGHBORHOOD_NO,BLOG_NO,NEIGHBORHOOD_TYPE,NEIGHBOR_STATUS,NEIGHBOR_MESSAGE,NEIGHBOR_CREATE_DATE) values (343,382,'All','accept','우리 서로이웃 해요~',to_date('19/08/05','RR/MM/DD'));
Insert into JAVER.BLOG_NEIGHBOR (NEIGHBORHOOD_NO,BLOG_NO,NEIGHBORHOOD_TYPE,NEIGHBOR_STATUS,NEIGHBOR_MESSAGE,NEIGHBOR_CREATE_DATE) values (382,343,'All','accept',null,to_date('19/08/05','RR/MM/DD'));
Insert into JAVER.BLOG_NEIGHBOR (NEIGHBORHOOD_NO,BLOG_NO,NEIGHBORHOOD_TYPE,NEIGHBOR_STATUS,NEIGHBOR_MESSAGE,NEIGHBOR_CREATE_DATE) values (361,343,'All','accept','관리자님 이웃 해요 !!',to_date('19/08/08','RR/MM/DD'));
Insert into JAVER.BLOG_NEIGHBOR (NEIGHBORHOOD_NO,BLOG_NO,NEIGHBORHOOD_TYPE,NEIGHBOR_STATUS,NEIGHBOR_MESSAGE,NEIGHBOR_CREATE_DATE) values (382,393,'All','accept','우리 서로이웃 해요~',to_date('19/08/05','RR/MM/DD'));
Insert into JAVER.BLOG_NEIGHBOR (NEIGHBORHOOD_NO,BLOG_NO,NEIGHBORHOOD_TYPE,NEIGHBOR_STATUS,NEIGHBOR_MESSAGE,NEIGHBOR_CREATE_DATE) values (393,482,'All','applying','우리 서로이웃 해요~',to_date('19/08/13','RR/MM/DD'));
Insert into JAVER.BLOG_NEIGHBOR (NEIGHBORHOOD_NO,BLOG_NO,NEIGHBORHOOD_TYPE,NEIGHBOR_STATUS,NEIGHBOR_MESSAGE,NEIGHBOR_CREATE_DATE) values (3,382,'All','accept','우리 서로이웃 해요~',to_date('19/08/07','RR/MM/DD'));
Insert into JAVER.BLOG_NEIGHBOR (NEIGHBORHOOD_NO,BLOG_NO,NEIGHBORHOOD_TYPE,NEIGHBOR_STATUS,NEIGHBOR_MESSAGE,NEIGHBOR_CREATE_DATE) values (393,3,'All','deny','우리 서로이웃 해요~',to_date('19/08/14','RR/MM/DD'));
Insert into JAVER.BLOG_NEIGHBOR (NEIGHBORHOOD_NO,BLOG_NO,NEIGHBORHOOD_TYPE,NEIGHBOR_STATUS,NEIGHBOR_MESSAGE,NEIGHBOR_CREATE_DATE) values (343,361,'All','accept',null,to_date('19/08/08','RR/MM/DD'));
Insert into JAVER.BLOG_NEIGHBOR (NEIGHBORHOOD_NO,BLOG_NO,NEIGHBORHOOD_TYPE,NEIGHBOR_STATUS,NEIGHBOR_MESSAGE,NEIGHBOR_CREATE_DATE) values (393,382,'All','accept',null,to_date('19/08/07','RR/MM/DD'));
Insert into JAVER.BLOG_NEIGHBOR (NEIGHBORHOOD_NO,BLOG_NO,NEIGHBORHOOD_TYPE,NEIGHBOR_STATUS,NEIGHBOR_MESSAGE,NEIGHBOR_CREATE_DATE) values (3,270,'All','accept','우리 서로이웃 해요~',to_date('19/08/09','RR/MM/DD'));
Insert into JAVER.BLOG_NEIGHBOR (NEIGHBORHOOD_NO,BLOG_NO,NEIGHBORHOOD_TYPE,NEIGHBOR_STATUS,NEIGHBOR_MESSAGE,NEIGHBOR_CREATE_DATE) values (343,3,'All','applying','우리 서로이웃 해요~',to_date('19/08/14','RR/MM/DD'));
REM INSERTING into JAVER.BLOG_NEIGHBORHOOD
SET DEFINE OFF;
REM INSERTING into JAVER.BLOG_SUBCATEGORY
SET DEFINE OFF;
Insert into JAVER.BLOG_SUBCATEGORY (SUBCATEGORY_NO,SUBCATEGORY_TITLE,SUBCATEGORY_VISIBILITY,SUBCATEGORY_CREATE_DATE,BLOG_NO) values (4,'2019','Y',to_date('19/07/22','RR/MM/DD'),3);
Insert into JAVER.BLOG_SUBCATEGORY (SUBCATEGORY_NO,SUBCATEGORY_TITLE,SUBCATEGORY_VISIBILITY,SUBCATEGORY_CREATE_DATE,BLOG_NO) values (271,'상위 카테고리','Y',to_date('19/07/30','RR/MM/DD'),270);
Insert into JAVER.BLOG_SUBCATEGORY (SUBCATEGORY_NO,SUBCATEGORY_TITLE,SUBCATEGORY_VISIBILITY,SUBCATEGORY_CREATE_DATE,BLOG_NO) values (266,'2018','Y',to_date('19/07/30','RR/MM/DD'),3);
Insert into JAVER.BLOG_SUBCATEGORY (SUBCATEGORY_NO,SUBCATEGORY_TITLE,SUBCATEGORY_VISIBILITY,SUBCATEGORY_CREATE_DATE,BLOG_NO) values (346,'일상','Y',to_date('19/07/31','RR/MM/DD'),343);
Insert into JAVER.BLOG_SUBCATEGORY (SUBCATEGORY_NO,SUBCATEGORY_TITLE,SUBCATEGORY_VISIBILITY,SUBCATEGORY_CREATE_DATE,BLOG_NO) values (344,'상위 카테고리','Y',to_date('19/07/31','RR/MM/DD'),343);
Insert into JAVER.BLOG_SUBCATEGORY (SUBCATEGORY_NO,SUBCATEGORY_TITLE,SUBCATEGORY_VISIBILITY,SUBCATEGORY_CREATE_DATE,BLOG_NO) values (362,'코딩일기','Y',to_date('19/08/01','RR/MM/DD'),361);
Insert into JAVER.BLOG_SUBCATEGORY (SUBCATEGORY_NO,SUBCATEGORY_TITLE,SUBCATEGORY_VISIBILITY,SUBCATEGORY_CREATE_DATE,BLOG_NO) values (368,'상위 카테고리','Y',to_date('19/08/02','RR/MM/DD'),367);
Insert into JAVER.BLOG_SUBCATEGORY (SUBCATEGORY_NO,SUBCATEGORY_TITLE,SUBCATEGORY_VISIBILITY,SUBCATEGORY_CREATE_DATE,BLOG_NO) values (383,'롤','Y',to_date('19/08/05','RR/MM/DD'),382);
Insert into JAVER.BLOG_SUBCATEGORY (SUBCATEGORY_NO,SUBCATEGORY_TITLE,SUBCATEGORY_VISIBILITY,SUBCATEGORY_CREATE_DATE,BLOG_NO) values (394,'야구동영상','Y',to_date('19/08/05','RR/MM/DD'),393);
Insert into JAVER.BLOG_SUBCATEGORY (SUBCATEGORY_NO,SUBCATEGORY_TITLE,SUBCATEGORY_VISIBILITY,SUBCATEGORY_CREATE_DATE,BLOG_NO) values (398,'상위 카테고리','Y',to_date('19/08/05','RR/MM/DD'),397);
Insert into JAVER.BLOG_SUBCATEGORY (SUBCATEGORY_NO,SUBCATEGORY_TITLE,SUBCATEGORY_VISIBILITY,SUBCATEGORY_CREATE_DATE,BLOG_NO) values (428,'코딩','Y',to_date('19/08/08','RR/MM/DD'),343);
Insert into JAVER.BLOG_SUBCATEGORY (SUBCATEGORY_NO,SUBCATEGORY_TITLE,SUBCATEGORY_VISIBILITY,SUBCATEGORY_CREATE_DATE,BLOG_NO) values (483,'면접','Y',to_date('19/08/13','RR/MM/DD'),482);
REM INSERTING into JAVER.BLOG_THEMES
SET DEFINE OFF;
Insert into JAVER.BLOG_THEMES (THEME_NO,THEME_FILENAME,THEME_CREATEDATE,THEME_ORDER) values (52,'theme1.jpg',to_date('19/07/24','RR/MM/DD'),12);
Insert into JAVER.BLOG_THEMES (THEME_NO,THEME_FILENAME,THEME_CREATEDATE,THEME_ORDER) values (53,'theme2.jpg',to_date('19/07/24','RR/MM/DD'),13);
Insert into JAVER.BLOG_THEMES (THEME_NO,THEME_FILENAME,THEME_CREATEDATE,THEME_ORDER) values (54,'theme3.jpg',to_date('19/07/24','RR/MM/DD'),14);
Insert into JAVER.BLOG_THEMES (THEME_NO,THEME_FILENAME,THEME_CREATEDATE,THEME_ORDER) values (55,'theme4.jpg',to_date('19/07/24','RR/MM/DD'),15);
Insert into JAVER.BLOG_THEMES (THEME_NO,THEME_FILENAME,THEME_CREATEDATE,THEME_ORDER) values (56,'theme5.jpg',to_date('19/07/24','RR/MM/DD'),16);
Insert into JAVER.BLOG_THEMES (THEME_NO,THEME_FILENAME,THEME_CREATEDATE,THEME_ORDER) values (57,'theme6.jpg',to_date('19/07/24','RR/MM/DD'),17);
Insert into JAVER.BLOG_THEMES (THEME_NO,THEME_FILENAME,THEME_CREATEDATE,THEME_ORDER) values (58,'theme7.jpg',to_date('19/07/24','RR/MM/DD'),18);
Insert into JAVER.BLOG_THEMES (THEME_NO,THEME_FILENAME,THEME_CREATEDATE,THEME_ORDER) values (59,'theme8.jpg',to_date('19/07/24','RR/MM/DD'),19);
Insert into JAVER.BLOG_THEMES (THEME_NO,THEME_FILENAME,THEME_CREATEDATE,THEME_ORDER) values (60,'theme9.jpg',to_date('19/07/24','RR/MM/DD'),20);
Insert into JAVER.BLOG_THEMES (THEME_NO,THEME_FILENAME,THEME_CREATEDATE,THEME_ORDER) values (61,'theme10.jpg',to_date('19/07/24','RR/MM/DD'),21);
Insert into JAVER.BLOG_THEMES (THEME_NO,THEME_FILENAME,THEME_CREATEDATE,THEME_ORDER) values (62,'theme11.jpg',to_date('19/07/24','RR/MM/DD'),22);
Insert into JAVER.BLOG_THEMES (THEME_NO,THEME_FILENAME,THEME_CREATEDATE,THEME_ORDER) values (81,'theme12.jpg',to_date('19/07/25','RR/MM/DD'),41);
Insert into JAVER.BLOG_THEMES (THEME_NO,THEME_FILENAME,THEME_CREATEDATE,THEME_ORDER) values (82,'theme13.jpg',to_date('19/07/25','RR/MM/DD'),42);
REM INSERTING into JAVER.EXPENSE_TAG
SET DEFINE OFF;
REM INSERTING into JAVER.GOAL_TAG
SET DEFINE OFF;
REM INSERTING into JAVER.INCOME_TAG
SET DEFINE OFF;
REM INSERTING into JAVER.JISIKIN
SET DEFINE OFF;
Insert into JAVER.JISIKIN (JISIKIN_NO,JISIKIN_TITLE,JISIKIN_CONTENT,JISIKIN_DEADLINE_YN,JISIKIN_SECRET_YN,JISIKIN_CREATE_DATE,USER_ID,JISIKIN_MENTAL_POINT,JISIKIN_RECOMMEND,CATEGORY_NO,JISIKIN_VIEWCNT) values (2,'테스트 질문1입니다.','테테스트질문 내용반복중!테스트질문 내용반복중!테스트질문 내용반복중!스트질문 내용반복중!','N','N',to_date('19/07/30','RR/MM/DD'),'admin',100,0,1,0);
Insert into JAVER.JISIKIN (JISIKIN_NO,JISIKIN_TITLE,JISIKIN_CONTENT,JISIKIN_DEADLINE_YN,JISIKIN_SECRET_YN,JISIKIN_CREATE_DATE,USER_ID,JISIKIN_MENTAL_POINT,JISIKIN_RECOMMEND,CATEGORY_NO,JISIKIN_VIEWCNT) values (35,'adads','adasad','N',null,to_date('19/07/31','RR/MM/DD'),'bm',25,0,145,0);
Insert into JAVER.JISIKIN (JISIKIN_NO,JISIKIN_TITLE,JISIKIN_CONTENT,JISIKIN_DEADLINE_YN,JISIKIN_SECRET_YN,JISIKIN_CREATE_DATE,USER_ID,JISIKIN_MENTAL_POINT,JISIKIN_RECOMMEND,CATEGORY_NO,JISIKIN_VIEWCNT) values (36,'자 이제 시작이야','재헌이형 가슴살<img src="/link/resources/js/jisikin_se2/photo_uploader/upload/2019_07_31_173004.png">','N','N',to_date('19/07/31','RR/MM/DD'),'bm',10,0,145,2);
Insert into JAVER.JISIKIN (JISIKIN_NO,JISIKIN_TITLE,JISIKIN_CONTENT,JISIKIN_DEADLINE_YN,JISIKIN_SECRET_YN,JISIKIN_CREATE_DATE,USER_ID,JISIKIN_MENTAL_POINT,JISIKIN_RECOMMEND,CATEGORY_NO,JISIKIN_VIEWCNT) values (37,'자 이제 시작이야','재헌이형 가슴살<img src="/link/resources/js/jisikin_se2/photo_uploader/upload/2019_07_31_173004.png">','N','N',to_date('19/07/31','RR/MM/DD'),'bm',10,0,145,2);
Insert into JAVER.JISIKIN (JISIKIN_NO,JISIKIN_TITLE,JISIKIN_CONTENT,JISIKIN_DEADLINE_YN,JISIKIN_SECRET_YN,JISIKIN_CREATE_DATE,USER_ID,JISIKIN_MENTAL_POINT,JISIKIN_RECOMMEND,CATEGORY_NO,JISIKIN_VIEWCNT) values (38,'1212','12112','N','Y',to_date('19/07/31','RR/MM/DD'),'bm',12,0,140,0);
Insert into JAVER.JISIKIN (JISIKIN_NO,JISIKIN_TITLE,JISIKIN_CONTENT,JISIKIN_DEADLINE_YN,JISIKIN_SECRET_YN,JISIKIN_CREATE_DATE,USER_ID,JISIKIN_MENTAL_POINT,JISIKIN_RECOMMEND,CATEGORY_NO,JISIKIN_VIEWCNT) values (41,'되나?','<p>되겠지~</p><p><img src="/link/resources/js/jisikin_se2/photo_uploader/upload/2019_07_31_193435.png">&nbsp;</p><p>자알 만들었노</p>','N','Y',to_date('19/07/31','RR/MM/DD'),'bm',100,0,141,0);
Insert into JAVER.JISIKIN (JISIKIN_NO,JISIKIN_TITLE,JISIKIN_CONTENT,JISIKIN_DEADLINE_YN,JISIKIN_SECRET_YN,JISIKIN_CREATE_DATE,USER_ID,JISIKIN_MENTAL_POINT,JISIKIN_RECOMMEND,CATEGORY_NO,JISIKIN_VIEWCNT) values (42,'굿','..','N','N',to_date('19/07/31','RR/MM/DD'),'bm',1,0,142,0);
Insert into JAVER.JISIKIN (JISIKIN_NO,JISIKIN_TITLE,JISIKIN_CONTENT,JISIKIN_DEADLINE_YN,JISIKIN_SECRET_YN,JISIKIN_CREATE_DATE,USER_ID,JISIKIN_MENTAL_POINT,JISIKIN_RECOMMEND,CATEGORY_NO,JISIKIN_VIEWCNT) values (43,'ㄴㅁㅇ','ㄴㅁㅇㅇㅁㄴㅇㅇㅁㅇ','N','Y',to_date('19/08/01','RR/MM/DD'),'bm',25,0,136,0);
Insert into JAVER.JISIKIN (JISIKIN_NO,JISIKIN_TITLE,JISIKIN_CONTENT,JISIKIN_DEADLINE_YN,JISIKIN_SECRET_YN,JISIKIN_CREATE_DATE,USER_ID,JISIKIN_MENTAL_POINT,JISIKIN_RECOMMEND,CATEGORY_NO,JISIKIN_VIEWCNT) values (44,'지하철 타면 콧등에 땀이 많이 나요','지하철 타면 콧등에 땀이 많이 나요 ㅜㅜ 해결좀 해주세요&nbsp;','N','N',to_date('19/08/01','RR/MM/DD'),'bm',300,0,138,0);
Insert into JAVER.JISIKIN (JISIKIN_NO,JISIKIN_TITLE,JISIKIN_CONTENT,JISIKIN_DEADLINE_YN,JISIKIN_SECRET_YN,JISIKIN_CREATE_DATE,USER_ID,JISIKIN_MENTAL_POINT,JISIKIN_RECOMMEND,CATEGORY_NO,JISIKIN_VIEWCNT) values (45,'ㄴㅁㅇ','ㅁㄴㅇ','N','N',to_date('19/08/01','RR/MM/DD'),'bm',null,0,null,0);
Insert into JAVER.JISIKIN (JISIKIN_NO,JISIKIN_TITLE,JISIKIN_CONTENT,JISIKIN_DEADLINE_YN,JISIKIN_SECRET_YN,JISIKIN_CREATE_DATE,USER_ID,JISIKIN_MENTAL_POINT,JISIKIN_RECOMMEND,CATEGORY_NO,JISIKIN_VIEWCNT) values (46,'객체화','하였음','N','N',to_date('19/08/01','RR/MM/DD'),'bm',25,0,141,0);
Insert into JAVER.JISIKIN (JISIKIN_NO,JISIKIN_TITLE,JISIKIN_CONTENT,JISIKIN_DEADLINE_YN,JISIKIN_SECRET_YN,JISIKIN_CREATE_DATE,USER_ID,JISIKIN_MENTAL_POINT,JISIKIN_RECOMMEND,CATEGORY_NO,JISIKIN_VIEWCNT) values (47,'방금전 뜨니','ㅂㅈㄷㅂㅈㄷㅂ','N','N',to_date('19/08/01','RR/MM/DD'),'bm',null,0,132,2);
Insert into JAVER.JISIKIN (JISIKIN_NO,JISIKIN_TITLE,JISIKIN_CONTENT,JISIKIN_DEADLINE_YN,JISIKIN_SECRET_YN,JISIKIN_CREATE_DATE,USER_ID,JISIKIN_MENTAL_POINT,JISIKIN_RECOMMEND,CATEGORY_NO,JISIKIN_VIEWCNT) values (48,'이 질문을 상세하게 해주세용','<p>제곧내</p><p><img src="/link/resources/js/jisikin_se2/photo_uploader/upload/2019_08_02_095106.PNG">&nbsp;</p>','N','N',to_date('19/08/02','RR/MM/DD'),'hk',100,0,190,1);
Insert into JAVER.JISIKIN (JISIKIN_NO,JISIKIN_TITLE,JISIKIN_CONTENT,JISIKIN_DEADLINE_YN,JISIKIN_SECRET_YN,JISIKIN_CREATE_DATE,USER_ID,JISIKIN_MENTAL_POINT,JISIKIN_RECOMMEND,CATEGORY_NO,JISIKIN_VIEWCNT) values (49,'이 질문을 상세하게 해주세용','<p>제곧내</p><p><img src="/link/resources/js/jisikin_se2/photo_uploader/upload/2019_08_02_095106.PNG">&nbsp;</p>','N','N',to_date('19/08/02','RR/MM/DD'),'hk',100,0,190,0);
Insert into JAVER.JISIKIN (JISIKIN_NO,JISIKIN_TITLE,JISIKIN_CONTENT,JISIKIN_DEADLINE_YN,JISIKIN_SECRET_YN,JISIKIN_CREATE_DATE,USER_ID,JISIKIN_MENTAL_POINT,JISIKIN_RECOMMEND,CATEGORY_NO,JISIKIN_VIEWCNT) values (61,'오늘 인재는 우리랑 같이 밥을 먹나?','<p>먹겠지?]</p><p>&nbsp;</p><p>&nbsp;</p><p><img src="/link/resources/js/jisikin_se2/photo_uploader/upload/2019_08_05_182043.JPG">&nbsp;</p>','N','Y',to_date('19/08/05','RR/MM/DD'),'gnsl1102',25,2,209,0);
Insert into JAVER.JISIKIN (JISIKIN_NO,JISIKIN_TITLE,JISIKIN_CONTENT,JISIKIN_DEADLINE_YN,JISIKIN_SECRET_YN,JISIKIN_CREATE_DATE,USER_ID,JISIKIN_MENTAL_POINT,JISIKIN_RECOMMEND,CATEGORY_NO,JISIKIN_VIEWCNT) values (62,'오늘 인재는 우리랑 같이 밥을 먹나?','<p>먹겠지?]</p><p>&nbsp;</p><p>&nbsp;</p><p><img src="/link/resources/js/jisikin_se2/photo_uploader/upload/2019_08_05_182043.JPG">&nbsp;</p>','N','Y',to_date('19/08/05','RR/MM/DD'),'gnsl1102',25,1,202,0);
Insert into JAVER.JISIKIN (JISIKIN_NO,JISIKIN_TITLE,JISIKIN_CONTENT,JISIKIN_DEADLINE_YN,JISIKIN_SECRET_YN,JISIKIN_CREATE_DATE,USER_ID,JISIKIN_MENTAL_POINT,JISIKIN_RECOMMEND,CATEGORY_NO,JISIKIN_VIEWCNT) values (63,'지민이도 가나요?','가죠','N','N',to_date('19/08/05','RR/MM/DD'),'gnsl1102',11,2,135,2);
Insert into JAVER.JISIKIN (JISIKIN_NO,JISIKIN_TITLE,JISIKIN_CONTENT,JISIKIN_DEADLINE_YN,JISIKIN_SECRET_YN,JISIKIN_CREATE_DATE,USER_ID,JISIKIN_MENTAL_POINT,JISIKIN_RECOMMEND,CATEGORY_NO,JISIKIN_VIEWCNT) values (64,'재헌이형 만세','cmelcmel','N','Y',to_date('19/08/06','RR/MM/DD'),'gnsl1102',23,0,179,3);
Insert into JAVER.JISIKIN (JISIKIN_NO,JISIKIN_TITLE,JISIKIN_CONTENT,JISIKIN_DEADLINE_YN,JISIKIN_SECRET_YN,JISIKIN_CREATE_DATE,USER_ID,JISIKIN_MENTAL_POINT,JISIKIN_RECOMMEND,CATEGORY_NO,JISIKIN_VIEWCNT) values (65,'g하나더','ㅈㅈ','N','Y',to_date('19/08/06','RR/MM/DD'),'gnsl1102',1,0,197,0);
Insert into JAVER.JISIKIN (JISIKIN_NO,JISIKIN_TITLE,JISIKIN_CONTENT,JISIKIN_DEADLINE_YN,JISIKIN_SECRET_YN,JISIKIN_CREATE_DATE,USER_ID,JISIKIN_MENTAL_POINT,JISIKIN_RECOMMEND,CATEGORY_NO,JISIKIN_VIEWCNT) values (66,'오늘의 질문이에요','지식인은 언제 완성되죠?','N','Y',to_date('19/08/08','RR/MM/DD'),'hk',155,10,190,21);
Insert into JAVER.JISIKIN (JISIKIN_NO,JISIKIN_TITLE,JISIKIN_CONTENT,JISIKIN_DEADLINE_YN,JISIKIN_SECRET_YN,JISIKIN_CREATE_DATE,USER_ID,JISIKIN_MENTAL_POINT,JISIKIN_RECOMMEND,CATEGORY_NO,JISIKIN_VIEWCNT) values (67,'질문하나더합니다','잔기능좀 빨리 고쳐주세요','N','N',to_date('19/08/08','RR/MM/DD'),'hk',15,2,191,7);
Insert into JAVER.JISIKIN (JISIKIN_NO,JISIKIN_TITLE,JISIKIN_CONTENT,JISIKIN_DEADLINE_YN,JISIKIN_SECRET_YN,JISIKIN_CREATE_DATE,USER_ID,JISIKIN_MENTAL_POINT,JISIKIN_RECOMMEND,CATEGORY_NO,JISIKIN_VIEWCNT) values (68,'하나더 예시로','고고고','N','N',to_date('19/08/08','RR/MM/DD'),'gnsl1102',15,1,192,8);
Insert into JAVER.JISIKIN (JISIKIN_NO,JISIKIN_TITLE,JISIKIN_CONTENT,JISIKIN_DEADLINE_YN,JISIKIN_SECRET_YN,JISIKIN_CREATE_DATE,USER_ID,JISIKIN_MENTAL_POINT,JISIKIN_RECOMMEND,CATEGORY_NO,JISIKIN_VIEWCNT) values (69,'랜덤으로 뜨겠지?','떠야만해','N','N',to_date('19/08/08','RR/MM/DD'),'gnsl1102',1,1,276,11);
Insert into JAVER.JISIKIN (JISIKIN_NO,JISIKIN_TITLE,JISIKIN_CONTENT,JISIKIN_DEADLINE_YN,JISIKIN_SECRET_YN,JISIKIN_CREATE_DATE,USER_ID,JISIKIN_MENTAL_POINT,JISIKIN_RECOMMEND,CATEGORY_NO,JISIKIN_VIEWCNT) values (81,'질문해도 될까요?','질문 드립니다!','N','N',to_date('19/08/12','RR/MM/DD'),'copotter112',20,0,276,2);
Insert into JAVER.JISIKIN (JISIKIN_NO,JISIKIN_TITLE,JISIKIN_CONTENT,JISIKIN_DEADLINE_YN,JISIKIN_SECRET_YN,JISIKIN_CREATE_DATE,USER_ID,JISIKIN_MENTAL_POINT,JISIKIN_RECOMMEND,CATEGORY_NO,JISIKIN_VIEWCNT) values (82,'태그를 안달아도 질문할 수 있나요??','태그를 안달아도 질문할 수 있나요??','N','Y',to_date('19/08/12','RR/MM/DD'),'copotter112',-325,0,280,1);
Insert into JAVER.JISIKIN (JISIKIN_NO,JISIKIN_TITLE,JISIKIN_CONTENT,JISIKIN_DEADLINE_YN,JISIKIN_SECRET_YN,JISIKIN_CREATE_DATE,USER_ID,JISIKIN_MENTAL_POINT,JISIKIN_RECOMMEND,CATEGORY_NO,JISIKIN_VIEWCNT) values (83,'내공 300겁니다 답변해주세요!!!','프로젝트는 언제쯤 끝이 날까요?','N','Y',to_date('19/08/12','RR/MM/DD'),'hk',300,0,141,2);
Insert into JAVER.JISIKIN (JISIKIN_NO,JISIKIN_TITLE,JISIKIN_CONTENT,JISIKIN_DEADLINE_YN,JISIKIN_SECRET_YN,JISIKIN_CREATE_DATE,USER_ID,JISIKIN_MENTAL_POINT,JISIKIN_RECOMMEND,CATEGORY_NO,JISIKIN_VIEWCNT) values (84,'내공이 너무 적어요 ㅜㅜ','내공좀 더주세요,,','N','N',to_date('19/08/12','RR/MM/DD'),'bm',30,0,252,1);
Insert into JAVER.JISIKIN (JISIKIN_NO,JISIKIN_TITLE,JISIKIN_CONTENT,JISIKIN_DEADLINE_YN,JISIKIN_SECRET_YN,JISIKIN_CREATE_DATE,USER_ID,JISIKIN_MENTAL_POINT,JISIKIN_RECOMMEND,CATEGORY_NO,JISIKIN_VIEWCNT) values (85,'저 내공이 안빠져나가요 버그인가요?','왜 차감이 안되죠?','N','Y',to_date('19/08/12','RR/MM/DD'),'bm',40,0,256,1);
Insert into JAVER.JISIKIN (JISIKIN_NO,JISIKIN_TITLE,JISIKIN_CONTENT,JISIKIN_DEADLINE_YN,JISIKIN_SECRET_YN,JISIKIN_CREATE_DATE,USER_ID,JISIKIN_MENTAL_POINT,JISIKIN_RECOMMEND,CATEGORY_NO,JISIKIN_VIEWCNT) values (86,'내공 이제 빠져나가겠죠?','내공30점 냠냠','N','Y',to_date('19/08/12','RR/MM/DD'),'bm',25,0,256,1);
Insert into JAVER.JISIKIN (JISIKIN_NO,JISIKIN_TITLE,JISIKIN_CONTENT,JISIKIN_DEADLINE_YN,JISIKIN_SECRET_YN,JISIKIN_CREATE_DATE,USER_ID,JISIKIN_MENTAL_POINT,JISIKIN_RECOMMEND,CATEGORY_NO,JISIKIN_VIEWCNT) values (87,'내공 3000겁니다 답변바로해주세요','강희경씨 프로젝트는 언제쯤 끝이 날까요?',null,'Y',to_date('19/08/12','RR/MM/DD'),'hk',3000,8,193,138);
Insert into JAVER.JISIKIN (JISIKIN_NO,JISIKIN_TITLE,JISIKIN_CONTENT,JISIKIN_DEADLINE_YN,JISIKIN_SECRET_YN,JISIKIN_CREATE_DATE,USER_ID,JISIKIN_MENTAL_POINT,JISIKIN_RECOMMEND,CATEGORY_NO,JISIKIN_VIEWCNT) values (88,'질문이 오늘 것만 뿌려지나요>?','오늘것만 나오나요','N','Y',to_date('19/08/13','RR/MM/DD'),'gnsl1102',0,0,143,111);
REM INSERTING into JAVER.JISIKIN_ANSWER
SET DEFINE OFF;
Insert into JAVER.JISIKIN_ANSWER (ANSWER_NO,ANSWER_CREATE_DATE,ANSWER_SELECTED_YN,ANSWER_SECRET_YN,JISIKIN_NO,USER_ID,ANSWER_CONTENTS) values (4,to_date('19/08/02','RR/MM/DD'),'Y','N',2,'bm','답변은요');
Insert into JAVER.JISIKIN_ANSWER (ANSWER_NO,ANSWER_CREATE_DATE,ANSWER_SELECTED_YN,ANSWER_SECRET_YN,JISIKIN_NO,USER_ID,ANSWER_CONTENTS) values (9,to_date('19/08/02','RR/MM/DD'),'N','Y',48,'bm',null);
Insert into JAVER.JISIKIN_ANSWER (ANSWER_NO,ANSWER_CREATE_DATE,ANSWER_SELECTED_YN,ANSWER_SECRET_YN,JISIKIN_NO,USER_ID,ANSWER_CONTENTS) values (10,to_date('19/08/05','RR/MM/DD'),'N','N',47,'gnsl1102','asdasd');
Insert into JAVER.JISIKIN_ANSWER (ANSWER_NO,ANSWER_CREATE_DATE,ANSWER_SELECTED_YN,ANSWER_SECRET_YN,JISIKIN_NO,USER_ID,ANSWER_CONTENTS) values (11,to_date('19/08/05','RR/MM/DD'),'Y','N',44,'gnsl1102','데오드란트를 발라 이 새끼야');
Insert into JAVER.JISIKIN_ANSWER (ANSWER_NO,ANSWER_CREATE_DATE,ANSWER_SELECTED_YN,ANSWER_SECRET_YN,JISIKIN_NO,USER_ID,ANSWER_CONTENTS) values (12,to_date('19/08/05','RR/MM/DD'),'N','N',62,'gnsl1102','인재는 다영ㄴ히 갑니다');
Insert into JAVER.JISIKIN_ANSWER (ANSWER_NO,ANSWER_CREATE_DATE,ANSWER_SELECTED_YN,ANSWER_SECRET_YN,JISIKIN_NO,USER_ID,ANSWER_CONTENTS) values (13,to_date('19/08/06','RR/MM/DD'),'N','N',63,'gnsl1102','가지가지 당연히 가지');
Insert into JAVER.JISIKIN_ANSWER (ANSWER_NO,ANSWER_CREATE_DATE,ANSWER_SELECTED_YN,ANSWER_SECRET_YN,JISIKIN_NO,USER_ID,ANSWER_CONTENTS) values (14,to_date('19/08/06','RR/MM/DD'),'N','N',62,'gnsl1102','먹지먹지~');
Insert into JAVER.JISIKIN_ANSWER (ANSWER_NO,ANSWER_CREATE_DATE,ANSWER_SELECTED_YN,ANSWER_SECRET_YN,JISIKIN_NO,USER_ID,ANSWER_CONTENTS) values (15,to_date('19/08/06','RR/MM/DD'),'N','N',48,'gnsl1102','머라카노');
Insert into JAVER.JISIKIN_ANSWER (ANSWER_NO,ANSWER_CREATE_DATE,ANSWER_SELECTED_YN,ANSWER_SECRET_YN,JISIKIN_NO,USER_ID,ANSWER_CONTENTS) values (16,to_date('19/08/06','RR/MM/DD'),'Y','N',62,'admin','안갈듯 22');
Insert into JAVER.JISIKIN_ANSWER (ANSWER_NO,ANSWER_CREATE_DATE,ANSWER_SELECTED_YN,ANSWER_SECRET_YN,JISIKIN_NO,USER_ID,ANSWER_CONTENTS) values (17,to_date('19/08/06','RR/MM/DD'),'Y','N',43,'admin','뭐해?');
Insert into JAVER.JISIKIN_ANSWER (ANSWER_NO,ANSWER_CREATE_DATE,ANSWER_SELECTED_YN,ANSWER_SECRET_YN,JISIKIN_NO,USER_ID,ANSWER_CONTENTS) values (21,to_date('19/08/06','RR/MM/DD'),'Y','N',49,'lee','qqq');
Insert into JAVER.JISIKIN_ANSWER (ANSWER_NO,ANSWER_CREATE_DATE,ANSWER_SELECTED_YN,ANSWER_SECRET_YN,JISIKIN_NO,USER_ID,ANSWER_CONTENTS) values (19,to_date('19/08/06','RR/MM/DD'),'Y','N',63,'lee','qwe');
Insert into JAVER.JISIKIN_ANSWER (ANSWER_NO,ANSWER_CREATE_DATE,ANSWER_SELECTED_YN,ANSWER_SECRET_YN,JISIKIN_NO,USER_ID,ANSWER_CONTENTS) values (20,to_date('19/08/06','RR/MM/DD'),'Y','N',61,'lee','qwerqer');
Insert into JAVER.JISIKIN_ANSWER (ANSWER_NO,ANSWER_CREATE_DATE,ANSWER_SELECTED_YN,ANSWER_SECRET_YN,JISIKIN_NO,USER_ID,ANSWER_CONTENTS) values (22,to_date('19/08/06','RR/MM/DD'),'Y','N',41,'lee','rntt');
Insert into JAVER.JISIKIN_ANSWER (ANSWER_NO,ANSWER_CREATE_DATE,ANSWER_SELECTED_YN,ANSWER_SECRET_YN,JISIKIN_NO,USER_ID,ANSWER_CONTENTS) values (23,to_date('19/08/06','RR/MM/DD'),'N','N',47,'gnsl1102','wqeeqeq');
Insert into JAVER.JISIKIN_ANSWER (ANSWER_NO,ANSWER_CREATE_DATE,ANSWER_SELECTED_YN,ANSWER_SECRET_YN,JISIKIN_NO,USER_ID,ANSWER_CONTENTS) values (24,to_date('19/08/06','RR/MM/DD'),'N','N',42,'gnsl1102','qwweqqwe');
Insert into JAVER.JISIKIN_ANSWER (ANSWER_NO,ANSWER_CREATE_DATE,ANSWER_SELECTED_YN,ANSWER_SECRET_YN,JISIKIN_NO,USER_ID,ANSWER_CONTENTS) values (25,to_date('19/08/08','RR/MM/DD'),'N','N',66,'hk','빨리요');
Insert into JAVER.JISIKIN_ANSWER (ANSWER_NO,ANSWER_CREATE_DATE,ANSWER_SELECTED_YN,ANSWER_SECRET_YN,JISIKIN_NO,USER_ID,ANSWER_CONTENTS) values (26,to_date('19/08/08','RR/MM/DD'),'N','N',68,'gnsl1102','ㄱㄱ');
Insert into JAVER.JISIKIN_ANSWER (ANSWER_NO,ANSWER_CREATE_DATE,ANSWER_SELECTED_YN,ANSWER_SECRET_YN,JISIKIN_NO,USER_ID,ANSWER_CONTENTS) values (27,to_date('19/08/08','RR/MM/DD'),'N','N',69,'gnsl1102','ㅋㅋㅋㅋ');
Insert into JAVER.JISIKIN_ANSWER (ANSWER_NO,ANSWER_CREATE_DATE,ANSWER_SELECTED_YN,ANSWER_SECRET_YN,JISIKIN_NO,USER_ID,ANSWER_CONTENTS) values (28,to_date('19/08/08','RR/MM/DD'),'N','N',66,'gnsl1102','ghghghghghgh');
Insert into JAVER.JISIKIN_ANSWER (ANSWER_NO,ANSWER_CREATE_DATE,ANSWER_SELECTED_YN,ANSWER_SECRET_YN,JISIKIN_NO,USER_ID,ANSWER_CONTENTS) values (29,to_date('19/08/08','RR/MM/DD'),'N','N',66,'gnsl1102','ghghghghghgh');
Insert into JAVER.JISIKIN_ANSWER (ANSWER_NO,ANSWER_CREATE_DATE,ANSWER_SELECTED_YN,ANSWER_SECRET_YN,JISIKIN_NO,USER_ID,ANSWER_CONTENTS) values (30,to_date('19/08/08','RR/MM/DD'),'N','N',64,'bm','재헌이형 냄새');
Insert into JAVER.JISIKIN_ANSWER (ANSWER_NO,ANSWER_CREATE_DATE,ANSWER_SELECTED_YN,ANSWER_SECRET_YN,JISIKIN_NO,USER_ID,ANSWER_CONTENTS) values (31,to_date('19/08/08','RR/MM/DD'),'N','Y',36,'bm','나도 재헌이형 가슴살');
Insert into JAVER.JISIKIN_ANSWER (ANSWER_NO,ANSWER_CREATE_DATE,ANSWER_SELECTED_YN,ANSWER_SECRET_YN,JISIKIN_NO,USER_ID,ANSWER_CONTENTS) values (41,to_date('19/08/12','RR/MM/DD'),'Y','N',87,'hk','글쎄요 음료수만 먹네요..');
Insert into JAVER.JISIKIN_ANSWER (ANSWER_NO,ANSWER_CREATE_DATE,ANSWER_SELECTED_YN,ANSWER_SECRET_YN,JISIKIN_NO,USER_ID,ANSWER_CONTENTS) values (61,to_date('19/08/14','RR/MM/DD'),'N','N',88,'gnsl1102','아닙니다 전부 다나와요');
Insert into JAVER.JISIKIN_ANSWER (ANSWER_NO,ANSWER_CREATE_DATE,ANSWER_SELECTED_YN,ANSWER_SECRET_YN,JISIKIN_NO,USER_ID,ANSWER_CONTENTS) values (62,to_date('19/08/14','RR/MM/DD'),'N','N',88,'hk','다나올걸요');
REM INSERTING into JAVER.JISIKIN_CATEGORY
SET DEFINE OFF;
Insert into JAVER.JISIKIN_CATEGORY (CATEGORY_NO,CATEGORY_NAME,CATEGORY_PARENT_NO) values (1,'교육,학문',null);
Insert into JAVER.JISIKIN_CATEGORY (CATEGORY_NO,CATEGORY_NAME,CATEGORY_PARENT_NO) values (2,'컴퓨터통신',null);
Insert into JAVER.JISIKIN_CATEGORY (CATEGORY_NO,CATEGORY_NAME,CATEGORY_PARENT_NO) values (3,'게임',null);
Insert into JAVER.JISIKIN_CATEGORY (CATEGORY_NO,CATEGORY_NAME,CATEGORY_PARENT_NO) values (4,'엔터테인먼트,예술',null);
Insert into JAVER.JISIKIN_CATEGORY (CATEGORY_NO,CATEGORY_NAME,CATEGORY_PARENT_NO) values (5,'생활',null);
Insert into JAVER.JISIKIN_CATEGORY (CATEGORY_NO,CATEGORY_NAME,CATEGORY_PARENT_NO) values (6,'건강',null);
Insert into JAVER.JISIKIN_CATEGORY (CATEGORY_NO,CATEGORY_NAME,CATEGORY_PARENT_NO) values (7,'사회,정치',null);
Insert into JAVER.JISIKIN_CATEGORY (CATEGORY_NO,CATEGORY_NAME,CATEGORY_PARENT_NO) values (8,'경제',null);
Insert into JAVER.JISIKIN_CATEGORY (CATEGORY_NO,CATEGORY_NAME,CATEGORY_PARENT_NO) values (9,'여행',null);
Insert into JAVER.JISIKIN_CATEGORY (CATEGORY_NO,CATEGORY_NAME,CATEGORY_PARENT_NO) values (10,'스포츠,레저',null);
Insert into JAVER.JISIKIN_CATEGORY (CATEGORY_NO,CATEGORY_NAME,CATEGORY_PARENT_NO) values (11,'쇼핑',null);
Insert into JAVER.JISIKIN_CATEGORY (CATEGORY_NO,CATEGORY_NAME,CATEGORY_PARENT_NO) values (12,'쥬니버Q',null);
Insert into JAVER.JISIKIN_CATEGORY (CATEGORY_NO,CATEGORY_NAME,CATEGORY_PARENT_NO) values (13,'지역',null);
Insert into JAVER.JISIKIN_CATEGORY (CATEGORY_NO,CATEGORY_NAME,CATEGORY_PARENT_NO) values (14,'고민Q',null);
Insert into JAVER.JISIKIN_CATEGORY (CATEGORY_NO,CATEGORY_NAME,CATEGORY_PARENT_NO) values (15,'오픈사전',null);
Insert into JAVER.JISIKIN_CATEGORY (CATEGORY_NO,CATEGORY_NAME,CATEGORY_PARENT_NO) values (133,'초등교육',1);
Insert into JAVER.JISIKIN_CATEGORY (CATEGORY_NO,CATEGORY_NAME,CATEGORY_PARENT_NO) values (134,'중등교육',1);
Insert into JAVER.JISIKIN_CATEGORY (CATEGORY_NO,CATEGORY_NAME,CATEGORY_PARENT_NO) values (160,'하드웨어',2);
Insert into JAVER.JISIKIN_CATEGORY (CATEGORY_NO,CATEGORY_NAME,CATEGORY_PARENT_NO) values (161,'소프트웨어',2);
Insert into JAVER.JISIKIN_CATEGORY (CATEGORY_NO,CATEGORY_NAME,CATEGORY_PARENT_NO) values (162,'운영체제',2);
Insert into JAVER.JISIKIN_CATEGORY (CATEGORY_NO,CATEGORY_NAME,CATEGORY_PARENT_NO) values (163,'프로그래밍',2);
Insert into JAVER.JISIKIN_CATEGORY (CATEGORY_NO,CATEGORY_NAME,CATEGORY_PARENT_NO) values (164,'웹사이트제작',2);
Insert into JAVER.JISIKIN_CATEGORY (CATEGORY_NO,CATEGORY_NAME,CATEGORY_PARENT_NO) values (165,'인터넷',2);
Insert into JAVER.JISIKIN_CATEGORY (CATEGORY_NO,CATEGORY_NAME,CATEGORY_PARENT_NO) values (166,'전화통신',2);
Insert into JAVER.JISIKIN_CATEGORY (CATEGORY_NO,CATEGORY_NAME,CATEGORY_PARENT_NO) values (167,'방송통신',2);
Insert into JAVER.JISIKIN_CATEGORY (CATEGORY_NO,CATEGORY_NAME,CATEGORY_PARENT_NO) values (168,'스마트폰',2);
Insert into JAVER.JISIKIN_CATEGORY (CATEGORY_NO,CATEGORY_NAME,CATEGORY_PARENT_NO) values (169,'롤플렝이게임',3);
Insert into JAVER.JISIKIN_CATEGORY (CATEGORY_NO,CATEGORY_NAME,CATEGORY_PARENT_NO) values (170,'시뮬레이션게임',3);
Insert into JAVER.JISIKIN_CATEGORY (CATEGORY_NO,CATEGORY_NAME,CATEGORY_PARENT_NO) values (171,'FPS, 슈팅게임',3);
Insert into JAVER.JISIKIN_CATEGORY (CATEGORY_NO,CATEGORY_NAME,CATEGORY_PARENT_NO) values (132,'영유아교육',1);
Insert into JAVER.JISIKIN_CATEGORY (CATEGORY_NO,CATEGORY_NAME,CATEGORY_PARENT_NO) values (135,'고등교육',1);
Insert into JAVER.JISIKIN_CATEGORY (CATEGORY_NO,CATEGORY_NAME,CATEGORY_PARENT_NO) values (136,'대학교육',1);
Insert into JAVER.JISIKIN_CATEGORY (CATEGORY_NO,CATEGORY_NAME,CATEGORY_PARENT_NO) values (137,'어학,외국어',1);
Insert into JAVER.JISIKIN_CATEGORY (CATEGORY_NO,CATEGORY_NAME,CATEGORY_PARENT_NO) values (138,'문학',1);
Insert into JAVER.JISIKIN_CATEGORY (CATEGORY_NO,CATEGORY_NAME,CATEGORY_PARENT_NO) values (139,'수학',1);
Insert into JAVER.JISIKIN_CATEGORY (CATEGORY_NO,CATEGORY_NAME,CATEGORY_PARENT_NO) values (140,'과학',1);
Insert into JAVER.JISIKIN_CATEGORY (CATEGORY_NO,CATEGORY_NAME,CATEGORY_PARENT_NO) values (141,'공학',1);
Insert into JAVER.JISIKIN_CATEGORY (CATEGORY_NO,CATEGORY_NAME,CATEGORY_PARENT_NO) values (142,'심리학',1);
Insert into JAVER.JISIKIN_CATEGORY (CATEGORY_NO,CATEGORY_NAME,CATEGORY_PARENT_NO) values (143,'통계학',1);
Insert into JAVER.JISIKIN_CATEGORY (CATEGORY_NO,CATEGORY_NAME,CATEGORY_PARENT_NO) values (144,'건축학',1);
Insert into JAVER.JISIKIN_CATEGORY (CATEGORY_NO,CATEGORY_NAME,CATEGORY_PARENT_NO) values (145,'교육 정책',1);
Insert into JAVER.JISIKIN_CATEGORY (CATEGORY_NO,CATEGORY_NAME,CATEGORY_PARENT_NO) values (146,'화학',1);
Insert into JAVER.JISIKIN_CATEGORY (CATEGORY_NO,CATEGORY_NAME,CATEGORY_PARENT_NO) values (172,'액션, 어드벤처',3);
Insert into JAVER.JISIKIN_CATEGORY (CATEGORY_NO,CATEGORY_NAME,CATEGORY_PARENT_NO) values (173,'레이싱게임',3);
Insert into JAVER.JISIKIN_CATEGORY (CATEGORY_NO,CATEGORY_NAME,CATEGORY_PARENT_NO) values (174,'스포츠게임',3);
Insert into JAVER.JISIKIN_CATEGORY (CATEGORY_NO,CATEGORY_NAME,CATEGORY_PARENT_NO) values (175,'모바일게임',3);
Insert into JAVER.JISIKIN_CATEGORY (CATEGORY_NO,CATEGORY_NAME,CATEGORY_PARENT_NO) values (176,'비디오게임',3);
Insert into JAVER.JISIKIN_CATEGORY (CATEGORY_NO,CATEGORY_NAME,CATEGORY_PARENT_NO) values (177,'게임제작,기획',3);
Insert into JAVER.JISIKIN_CATEGORY (CATEGORY_NO,CATEGORY_NAME,CATEGORY_PARENT_NO) values (178,'보드, 퍼즐',3);
Insert into JAVER.JISIKIN_CATEGORY (CATEGORY_NO,CATEGORY_NAME,CATEGORY_PARENT_NO) values (179,'TV, 라디오 방송',4);
Insert into JAVER.JISIKIN_CATEGORY (CATEGORY_NO,CATEGORY_NAME,CATEGORY_PARENT_NO) values (180,'음악',4);
Insert into JAVER.JISIKIN_CATEGORY (CATEGORY_NO,CATEGORY_NAME,CATEGORY_PARENT_NO) values (181,'영화',4);
Insert into JAVER.JISIKIN_CATEGORY (CATEGORY_NO,CATEGORY_NAME,CATEGORY_PARENT_NO) values (182,'애니메이션',4);
Insert into JAVER.JISIKIN_CATEGORY (CATEGORY_NO,CATEGORY_NAME,CATEGORY_PARENT_NO) values (183,'만화',4);
Insert into JAVER.JISIKIN_CATEGORY (CATEGORY_NO,CATEGORY_NAME,CATEGORY_PARENT_NO) values (184,'비디오, DVD',4);
Insert into JAVER.JISIKIN_CATEGORY (CATEGORY_NO,CATEGORY_NAME,CATEGORY_PARENT_NO) values (185,'문학',4);
Insert into JAVER.JISIKIN_CATEGORY (CATEGORY_NO,CATEGORY_NAME,CATEGORY_PARENT_NO) values (186,'연극',4);
Insert into JAVER.JISIKIN_CATEGORY (CATEGORY_NO,CATEGORY_NAME,CATEGORY_PARENT_NO) values (187,'뮤지컬',4);
Insert into JAVER.JISIKIN_CATEGORY (CATEGORY_NO,CATEGORY_NAME,CATEGORY_PARENT_NO) values (188,'무용, 춤',4);
Insert into JAVER.JISIKIN_CATEGORY (CATEGORY_NO,CATEGORY_NAME,CATEGORY_PARENT_NO) values (189,'사진',4);
Insert into JAVER.JISIKIN_CATEGORY (CATEGORY_NO,CATEGORY_NAME,CATEGORY_PARENT_NO) values (190,'가족',5);
Insert into JAVER.JISIKIN_CATEGORY (CATEGORY_NO,CATEGORY_NAME,CATEGORY_PARENT_NO) values (191,'음식',5);
Insert into JAVER.JISIKIN_CATEGORY (CATEGORY_NO,CATEGORY_NAME,CATEGORY_PARENT_NO) values (192,'반려동물',5);
Insert into JAVER.JISIKIN_CATEGORY (CATEGORY_NO,CATEGORY_NAME,CATEGORY_PARENT_NO) values (193,'취미',5);
Insert into JAVER.JISIKIN_CATEGORY (CATEGORY_NO,CATEGORY_NAME,CATEGORY_PARENT_NO) values (194,'미용',5);
Insert into JAVER.JISIKIN_CATEGORY (CATEGORY_NO,CATEGORY_NAME,CATEGORY_PARENT_NO) values (195,'패션스타일',5);
Insert into JAVER.JISIKIN_CATEGORY (CATEGORY_NO,CATEGORY_NAME,CATEGORY_PARENT_NO) values (196,'반려동물',5);
Insert into JAVER.JISIKIN_CATEGORY (CATEGORY_NO,CATEGORY_NAME,CATEGORY_PARENT_NO) values (197,'오락',5);
Insert into JAVER.JISIKIN_CATEGORY (CATEGORY_NO,CATEGORY_NAME,CATEGORY_PARENT_NO) values (198,'인테리어',5);
Insert into JAVER.JISIKIN_CATEGORY (CATEGORY_NO,CATEGORY_NAME,CATEGORY_PARENT_NO) values (199,'주거살림',5);
Insert into JAVER.JISIKIN_CATEGORY (CATEGORY_NO,CATEGORY_NAME,CATEGORY_PARENT_NO) values (200,'자동차',5);
Insert into JAVER.JISIKIN_CATEGORY (CATEGORY_NO,CATEGORY_NAME,CATEGORY_PARENT_NO) values (201,'날씨',5);
Insert into JAVER.JISIKIN_CATEGORY (CATEGORY_NO,CATEGORY_NAME,CATEGORY_PARENT_NO) values (202,'건강상담',6);
Insert into JAVER.JISIKIN_CATEGORY (CATEGORY_NO,CATEGORY_NAME,CATEGORY_PARENT_NO) values (203,'치의학, 치과',6);
Insert into JAVER.JISIKIN_CATEGORY (CATEGORY_NO,CATEGORY_NAME,CATEGORY_PARENT_NO) values (204,'한의학',6);
Insert into JAVER.JISIKIN_CATEGORY (CATEGORY_NO,CATEGORY_NAME,CATEGORY_PARENT_NO) values (205,'약학',6);
Insert into JAVER.JISIKIN_CATEGORY (CATEGORY_NO,CATEGORY_NAME,CATEGORY_PARENT_NO) values (206,'대체의학',6);
Insert into JAVER.JISIKIN_CATEGORY (CATEGORY_NO,CATEGORY_NAME,CATEGORY_PARENT_NO) values (207,'식생활',6);
Insert into JAVER.JISIKIN_CATEGORY (CATEGORY_NO,CATEGORY_NAME,CATEGORY_PARENT_NO) values (208,'영약학',6);
Insert into JAVER.JISIKIN_CATEGORY (CATEGORY_NO,CATEGORY_NAME,CATEGORY_PARENT_NO) values (209,'인체건강상식',6);
Insert into JAVER.JISIKIN_CATEGORY (CATEGORY_NO,CATEGORY_NAME,CATEGORY_PARENT_NO) values (210,'의료보건제도',6);
Insert into JAVER.JISIKIN_CATEGORY (CATEGORY_NO,CATEGORY_NAME,CATEGORY_PARENT_NO) values (211,'민원, 행정',7);
Insert into JAVER.JISIKIN_CATEGORY (CATEGORY_NO,CATEGORY_NAME,CATEGORY_PARENT_NO) values (212,'법, 법률',7);
Insert into JAVER.JISIKIN_CATEGORY (CATEGORY_NO,CATEGORY_NAME,CATEGORY_PARENT_NO) values (213,'병역',7);
Insert into JAVER.JISIKIN_CATEGORY (CATEGORY_NO,CATEGORY_NAME,CATEGORY_PARENT_NO) values (214,'국방',7);
Insert into JAVER.JISIKIN_CATEGORY (CATEGORY_NO,CATEGORY_NAME,CATEGORY_PARENT_NO) values (215,'외교',7);
Insert into JAVER.JISIKIN_CATEGORY (CATEGORY_NO,CATEGORY_NAME,CATEGORY_PARENT_NO) values (216,'통일',7);
Insert into JAVER.JISIKIN_CATEGORY (CATEGORY_NO,CATEGORY_NAME,CATEGORY_PARENT_NO) values (217,'선거',7);
Insert into JAVER.JISIKIN_CATEGORY (CATEGORY_NO,CATEGORY_NAME,CATEGORY_PARENT_NO) values (218,'고용, 노동',7);
Insert into JAVER.JISIKIN_CATEGORY (CATEGORY_NO,CATEGORY_NAME,CATEGORY_PARENT_NO) values (219,'종교',7);
Insert into JAVER.JISIKIN_CATEGORY (CATEGORY_NO,CATEGORY_NAME,CATEGORY_PARENT_NO) values (220,'복지',7);
Insert into JAVER.JISIKIN_CATEGORY (CATEGORY_NO,CATEGORY_NAME,CATEGORY_PARENT_NO) values (221,'환경',7);
Insert into JAVER.JISIKIN_CATEGORY (CATEGORY_NO,CATEGORY_NAME,CATEGORY_PARENT_NO) values (222,'재난재해',7);
Insert into JAVER.JISIKIN_CATEGORY (CATEGORY_NO,CATEGORY_NAME,CATEGORY_PARENT_NO) values (223,'금융',8);
Insert into JAVER.JISIKIN_CATEGORY (CATEGORY_NO,CATEGORY_NAME,CATEGORY_PARENT_NO) values (224,'부동산',8);
Insert into JAVER.JISIKIN_CATEGORY (CATEGORY_NO,CATEGORY_NAME,CATEGORY_PARENT_NO) values (225,'세금, 세무',8);
Insert into JAVER.JISIKIN_CATEGORY (CATEGORY_NO,CATEGORY_NAME,CATEGORY_PARENT_NO) values (226,'경영',8);
Insert into JAVER.JISIKIN_CATEGORY (CATEGORY_NO,CATEGORY_NAME,CATEGORY_PARENT_NO) values (227,'무역',8);
Insert into JAVER.JISIKIN_CATEGORY (CATEGORY_NO,CATEGORY_NAME,CATEGORY_PARENT_NO) values (228,'직업, 취업',8);
Insert into JAVER.JISIKIN_CATEGORY (CATEGORY_NO,CATEGORY_NAME,CATEGORY_PARENT_NO) values (229,'창업',8);
Insert into JAVER.JISIKIN_CATEGORY (CATEGORY_NO,CATEGORY_NAME,CATEGORY_PARENT_NO) values (230,'경제 정책, 제도',8);
Insert into JAVER.JISIKIN_CATEGORY (CATEGORY_NO,CATEGORY_NAME,CATEGORY_PARENT_NO) values (231,'경제 동향, 이론',8);
Insert into JAVER.JISIKIN_CATEGORY (CATEGORY_NO,CATEGORY_NAME,CATEGORY_PARENT_NO) values (232,'경제기관, 단체',8);
Insert into JAVER.JISIKIN_CATEGORY (CATEGORY_NO,CATEGORY_NAME,CATEGORY_PARENT_NO) values (233,'국내여행',9);
Insert into JAVER.JISIKIN_CATEGORY (CATEGORY_NO,CATEGORY_NAME,CATEGORY_PARENT_NO) values (234,'해외여행',9);
Insert into JAVER.JISIKIN_CATEGORY (CATEGORY_NO,CATEGORY_NAME,CATEGORY_PARENT_NO) values (235,'구기스포츠',10);
Insert into JAVER.JISIKIN_CATEGORY (CATEGORY_NO,CATEGORY_NAME,CATEGORY_PARENT_NO) values (236,'육상, 수상 스포츠',10);
Insert into JAVER.JISIKIN_CATEGORY (CATEGORY_NO,CATEGORY_NAME,CATEGORY_PARENT_NO) values (237,'겨울스포츠',10);
Insert into JAVER.JISIKIN_CATEGORY (CATEGORY_NO,CATEGORY_NAME,CATEGORY_PARENT_NO) values (238,'종합스포츠',10);
Insert into JAVER.JISIKIN_CATEGORY (CATEGORY_NO,CATEGORY_NAME,CATEGORY_PARENT_NO) values (239,'무예투기',10);
Insert into JAVER.JISIKIN_CATEGORY (CATEGORY_NO,CATEGORY_NAME,CATEGORY_PARENT_NO) values (240,'레저',10);
Insert into JAVER.JISIKIN_CATEGORY (CATEGORY_NO,CATEGORY_NAME,CATEGORY_PARENT_NO) values (241,'스포츠기타',10);
Insert into JAVER.JISIKIN_CATEGORY (CATEGORY_NO,CATEGORY_NAME,CATEGORY_PARENT_NO) values (242,'가전제품',11);
Insert into JAVER.JISIKIN_CATEGORY (CATEGORY_NO,CATEGORY_NAME,CATEGORY_PARENT_NO) values (243,'컴퓨터',11);
Insert into JAVER.JISIKIN_CATEGORY (CATEGORY_NO,CATEGORY_NAME,CATEGORY_PARENT_NO) values (244,'미용',11);
Insert into JAVER.JISIKIN_CATEGORY (CATEGORY_NO,CATEGORY_NAME,CATEGORY_PARENT_NO) values (245,'패션',11);
Insert into JAVER.JISIKIN_CATEGORY (CATEGORY_NO,CATEGORY_NAME,CATEGORY_PARENT_NO) values (246,'가구, 식품, 살림',11);
Insert into JAVER.JISIKIN_CATEGORY (CATEGORY_NO,CATEGORY_NAME,CATEGORY_PARENT_NO) values (247,'취미, 오락',11);
Insert into JAVER.JISIKIN_CATEGORY (CATEGORY_NO,CATEGORY_NAME,CATEGORY_PARENT_NO) values (248,'자동차용품',11);
Insert into JAVER.JISIKIN_CATEGORY (CATEGORY_NO,CATEGORY_NAME,CATEGORY_PARENT_NO) values (249,'건강의료용품',11);
Insert into JAVER.JISIKIN_CATEGORY (CATEGORY_NO,CATEGORY_NAME,CATEGORY_PARENT_NO) values (250,'스포츠, 레저용품',11);
Insert into JAVER.JISIKIN_CATEGORY (CATEGORY_NO,CATEGORY_NAME,CATEGORY_PARENT_NO) values (251,'예약, 예매',11);
Insert into JAVER.JISIKIN_CATEGORY (CATEGORY_NO,CATEGORY_NAME,CATEGORY_PARENT_NO) values (252,'교육',12);
Insert into JAVER.JISIKIN_CATEGORY (CATEGORY_NO,CATEGORY_NAME,CATEGORY_PARENT_NO) values (253,'컴퓨터통신',12);
Insert into JAVER.JISIKIN_CATEGORY (CATEGORY_NO,CATEGORY_NAME,CATEGORY_PARENT_NO) values (254,'게임',12);
Insert into JAVER.JISIKIN_CATEGORY (CATEGORY_NO,CATEGORY_NAME,CATEGORY_PARENT_NO) values (255,'엔터테인먼트, 예술',12);
Insert into JAVER.JISIKIN_CATEGORY (CATEGORY_NO,CATEGORY_NAME,CATEGORY_PARENT_NO) values (256,'생활',12);
Insert into JAVER.JISIKIN_CATEGORY (CATEGORY_NO,CATEGORY_NAME,CATEGORY_PARENT_NO) values (257,'여행',12);
Insert into JAVER.JISIKIN_CATEGORY (CATEGORY_NO,CATEGORY_NAME,CATEGORY_PARENT_NO) values (258,'스포츠',12);
Insert into JAVER.JISIKIN_CATEGORY (CATEGORY_NO,CATEGORY_NAME,CATEGORY_PARENT_NO) values (259,'서울특별시',13);
Insert into JAVER.JISIKIN_CATEGORY (CATEGORY_NO,CATEGORY_NAME,CATEGORY_PARENT_NO) values (260,'부산광역시',13);
Insert into JAVER.JISIKIN_CATEGORY (CATEGORY_NO,CATEGORY_NAME,CATEGORY_PARENT_NO) values (261,'대구광역시',13);
Insert into JAVER.JISIKIN_CATEGORY (CATEGORY_NO,CATEGORY_NAME,CATEGORY_PARENT_NO) values (262,'인천광역시',13);
Insert into JAVER.JISIKIN_CATEGORY (CATEGORY_NO,CATEGORY_NAME,CATEGORY_PARENT_NO) values (263,'광주광역시',13);
Insert into JAVER.JISIKIN_CATEGORY (CATEGORY_NO,CATEGORY_NAME,CATEGORY_PARENT_NO) values (264,'대전광역시',13);
Insert into JAVER.JISIKIN_CATEGORY (CATEGORY_NO,CATEGORY_NAME,CATEGORY_PARENT_NO) values (265,'울산광역시',13);
Insert into JAVER.JISIKIN_CATEGORY (CATEGORY_NO,CATEGORY_NAME,CATEGORY_PARENT_NO) values (266,'강원도',13);
Insert into JAVER.JISIKIN_CATEGORY (CATEGORY_NO,CATEGORY_NAME,CATEGORY_PARENT_NO) values (267,'경기도',13);
Insert into JAVER.JISIKIN_CATEGORY (CATEGORY_NO,CATEGORY_NAME,CATEGORY_PARENT_NO) values (268,'경상남도',13);
Insert into JAVER.JISIKIN_CATEGORY (CATEGORY_NO,CATEGORY_NAME,CATEGORY_PARENT_NO) values (269,'경상북도',13);
Insert into JAVER.JISIKIN_CATEGORY (CATEGORY_NO,CATEGORY_NAME,CATEGORY_PARENT_NO) values (270,'전라남도',13);
Insert into JAVER.JISIKIN_CATEGORY (CATEGORY_NO,CATEGORY_NAME,CATEGORY_PARENT_NO) values (271,'전라북도',13);
Insert into JAVER.JISIKIN_CATEGORY (CATEGORY_NO,CATEGORY_NAME,CATEGORY_PARENT_NO) values (272,'제주특별자치도',13);
Insert into JAVER.JISIKIN_CATEGORY (CATEGORY_NO,CATEGORY_NAME,CATEGORY_PARENT_NO) values (273,'충청남도',13);
Insert into JAVER.JISIKIN_CATEGORY (CATEGORY_NO,CATEGORY_NAME,CATEGORY_PARENT_NO) values (274,'충청북도',13);
Insert into JAVER.JISIKIN_CATEGORY (CATEGORY_NO,CATEGORY_NAME,CATEGORY_PARENT_NO) values (275,'세종특별자치시',13);
Insert into JAVER.JISIKIN_CATEGORY (CATEGORY_NO,CATEGORY_NAME,CATEGORY_PARENT_NO) values (276,'아동',14);
Insert into JAVER.JISIKIN_CATEGORY (CATEGORY_NO,CATEGORY_NAME,CATEGORY_PARENT_NO) values (277,'미성년',14);
Insert into JAVER.JISIKIN_CATEGORY (CATEGORY_NO,CATEGORY_NAME,CATEGORY_PARENT_NO) values (278,'상담',14);
Insert into JAVER.JISIKIN_CATEGORY (CATEGORY_NO,CATEGORY_NAME,CATEGORY_PARENT_NO) values (279,'성인상담',14);
Insert into JAVER.JISIKIN_CATEGORY (CATEGORY_NO,CATEGORY_NAME,CATEGORY_PARENT_NO) values (280,'오픈백과',15);
Insert into JAVER.JISIKIN_CATEGORY (CATEGORY_NO,CATEGORY_NAME,CATEGORY_PARENT_NO) values (281,'노하우',15);
REM INSERTING into JAVER.JISIKIN_COMMENT
SET DEFINE OFF;
REM INSERTING into JAVER.JISIKIN_TAG
SET DEFINE OFF;
Insert into JAVER.JISIKIN_TAG (TAG_NO,TAG_NAME,JISIKIN_NO) values (2,'qweq',35);
Insert into JAVER.JISIKIN_TAG (TAG_NO,TAG_NAME,JISIKIN_NO) values (3,'재헌이형',36);
Insert into JAVER.JISIKIN_TAG (TAG_NO,TAG_NAME,JISIKIN_NO) values (4,'가슴살',36);
Insert into JAVER.JISIKIN_TAG (TAG_NO,TAG_NAME,JISIKIN_NO) values (5,'재헌이형',37);
Insert into JAVER.JISIKIN_TAG (TAG_NO,TAG_NAME,JISIKIN_NO) values (6,'가슴살',37);
Insert into JAVER.JISIKIN_TAG (TAG_NO,TAG_NAME,JISIKIN_NO) values (7,'123',38);
Insert into JAVER.JISIKIN_TAG (TAG_NO,TAG_NAME,JISIKIN_NO) values (21,'블로그',41);
Insert into JAVER.JISIKIN_TAG (TAG_NO,TAG_NAME,JISIKIN_NO) values (22,'테스트',41);
Insert into JAVER.JISIKIN_TAG (TAG_NO,TAG_NAME,JISIKIN_NO) values (23,'1',42);
Insert into JAVER.JISIKIN_TAG (TAG_NO,TAG_NAME,JISIKIN_NO) values (24,'오늘질문',43);
Insert into JAVER.JISIKIN_TAG (TAG_NO,TAG_NAME,JISIKIN_NO) values (25,'하이',44);
Insert into JAVER.JISIKIN_TAG (TAG_NO,TAG_NAME,JISIKIN_NO) values (26,'ㅎㅎ',44);
Insert into JAVER.JISIKIN_TAG (TAG_NO,TAG_NAME,JISIKIN_NO) values (27,'콧등',44);
Insert into JAVER.JISIKIN_TAG (TAG_NO,TAG_NAME,JISIKIN_NO) values (28,'콧등',44);
Insert into JAVER.JISIKIN_TAG (TAG_NO,TAG_NAME,JISIKIN_NO) values (29,'땀',44);
Insert into JAVER.JISIKIN_TAG (TAG_NO,TAG_NAME,JISIKIN_NO) values (30,'ㅁㄴㅇ',45);
Insert into JAVER.JISIKIN_TAG (TAG_NO,TAG_NAME,JISIKIN_NO) values (31,'ㅁㄴㅇ',45);
Insert into JAVER.JISIKIN_TAG (TAG_NO,TAG_NAME,JISIKIN_NO) values (32,'ㅁㄴㅇ',45);
Insert into JAVER.JISIKIN_TAG (TAG_NO,TAG_NAME,JISIKIN_NO) values (33,'ㄴㅁ',45);
Insert into JAVER.JISIKIN_TAG (TAG_NO,TAG_NAME,JISIKIN_NO) values (34,'ㄴㅁㄴㅁㄴㅁ',45);
Insert into JAVER.JISIKIN_TAG (TAG_NO,TAG_NAME,JISIKIN_NO) values (35,'ㅈㅂ',45);
Insert into JAVER.JISIKIN_TAG (TAG_NO,TAG_NAME,JISIKIN_NO) values (36,'객체',46);
Insert into JAVER.JISIKIN_TAG (TAG_NO,TAG_NAME,JISIKIN_NO) values (37,'ㄷㄷ',47);
Insert into JAVER.JISIKIN_TAG (TAG_NO,TAG_NAME,JISIKIN_NO) values (38,'누구어릴때지',48);
Insert into JAVER.JISIKIN_TAG (TAG_NO,TAG_NAME,JISIKIN_NO) values (40,'누구어릴때',49);
Insert into JAVER.JISIKIN_TAG (TAG_NO,TAG_NAME,JISIKIN_NO) values (41,'인재',61);
Insert into JAVER.JISIKIN_TAG (TAG_NO,TAG_NAME,JISIKIN_NO) values (43,'인재',62);
Insert into JAVER.JISIKIN_TAG (TAG_NO,TAG_NAME,JISIKIN_NO) values (44,'지민이',63);
Insert into JAVER.JISIKIN_TAG (TAG_NO,TAG_NAME,JISIKIN_NO) values (45,'cmel',64);
Insert into JAVER.JISIKIN_TAG (TAG_NO,TAG_NAME,JISIKIN_NO) values (46,'cmel',65);
Insert into JAVER.JISIKIN_TAG (TAG_NO,TAG_NAME,JISIKIN_NO) values (47,'언제쯤',66);
Insert into JAVER.JISIKIN_TAG (TAG_NO,TAG_NAME,JISIKIN_NO) values (48,'제곧내',67);
Insert into JAVER.JISIKIN_TAG (TAG_NO,TAG_NAME,JISIKIN_NO) values (49,'제곧내',68);
Insert into JAVER.JISIKIN_TAG (TAG_NO,TAG_NAME,JISIKIN_NO) values (50,'ㅂㅂ',69);
Insert into JAVER.JISIKIN_TAG (TAG_NO,TAG_NAME,JISIKIN_NO) values (61,'질문',81);
Insert into JAVER.JISIKIN_TAG (TAG_NO,TAG_NAME,JISIKIN_NO) values (62,'태그필수',82);
Insert into JAVER.JISIKIN_TAG (TAG_NO,TAG_NAME,JISIKIN_NO) values (63,'와자자자자자',82);
Insert into JAVER.JISIKIN_TAG (TAG_NO,TAG_NAME,JISIKIN_NO) values (64,'프로젝트',83);
Insert into JAVER.JISIKIN_TAG (TAG_NO,TAG_NAME,JISIKIN_NO) values (65,'지겹다',83);
Insert into JAVER.JISIKIN_TAG (TAG_NO,TAG_NAME,JISIKIN_NO) values (66,'내공',84);
Insert into JAVER.JISIKIN_TAG (TAG_NO,TAG_NAME,JISIKIN_NO) values (67,'내공냠냠',84);
Insert into JAVER.JISIKIN_TAG (TAG_NO,TAG_NAME,JISIKIN_NO) values (68,'내공',85);
Insert into JAVER.JISIKIN_TAG (TAG_NO,TAG_NAME,JISIKIN_NO) values (69,'내공',86);
Insert into JAVER.JISIKIN_TAG (TAG_NO,TAG_NAME,JISIKIN_NO) values (70,'강희경',87);
Insert into JAVER.JISIKIN_TAG (TAG_NO,TAG_NAME,JISIKIN_NO) values (71,'프로젝트',87);
Insert into JAVER.JISIKIN_TAG (TAG_NO,TAG_NAME,JISIKIN_NO) values (72,'오늘',88);
REM INSERTING into JAVER.JOIN_ITEMS
SET DEFINE OFF;
REM INSERTING into JAVER.NBBANG_ITEMS
SET DEFINE OFF;
REM INSERTING into JAVER.NOTICES
SET DEFINE OFF;
REM INSERTING into JAVER.SEARCH_WORD
SET DEFINE OFF;
Insert into JAVER.SEARCH_WORD (WORD_NO,WORD_NAME,WORD_COUNT,WORD_CREATE_DATE) values (1,'검색어1',3,to_date('19/08/09','RR/MM/DD'));
Insert into JAVER.SEARCH_WORD (WORD_NO,WORD_NAME,WORD_COUNT,WORD_CREATE_DATE) values (3,'검색쿠',9,to_date('19/08/09','RR/MM/DD'));
Insert into JAVER.SEARCH_WORD (WORD_NO,WORD_NAME,WORD_COUNT,WORD_CREATE_DATE) values (4,'재헌이형',2,to_date('19/08/09','RR/MM/DD'));
Insert into JAVER.SEARCH_WORD (WORD_NO,WORD_NAME,WORD_COUNT,WORD_CREATE_DATE) values (5,'희켱',2,to_date('19/08/09','RR/MM/DD'));
Insert into JAVER.SEARCH_WORD (WORD_NO,WORD_NAME,WORD_COUNT,WORD_CREATE_DATE) values (6,'이해훈',1,to_date('19/08/09','RR/MM/DD'));
Insert into JAVER.SEARCH_WORD (WORD_NO,WORD_NAME,WORD_COUNT,WORD_CREATE_DATE) values (7,'검색어2',1,to_date('19/08/09','RR/MM/DD'));
Insert into JAVER.SEARCH_WORD (WORD_NO,WORD_NAME,WORD_COUNT,WORD_CREATE_DATE) values (8,'검색어3',1,to_date('19/08/09','RR/MM/DD'));
Insert into JAVER.SEARCH_WORD (WORD_NO,WORD_NAME,WORD_COUNT,WORD_CREATE_DATE) values (9,'검색어4',1,to_date('19/08/09','RR/MM/DD'));
Insert into JAVER.SEARCH_WORD (WORD_NO,WORD_NAME,WORD_COUNT,WORD_CREATE_DATE) values (10,'검색어5',1,to_date('19/08/09','RR/MM/DD'));
Insert into JAVER.SEARCH_WORD (WORD_NO,WORD_NAME,WORD_COUNT,WORD_CREATE_DATE) values (11,'검색어6',1,to_date('19/08/09','RR/MM/DD'));
Insert into JAVER.SEARCH_WORD (WORD_NO,WORD_NAME,WORD_COUNT,WORD_CREATE_DATE) values (12,'검색어7',1,to_date('19/08/09','RR/MM/DD'));
Insert into JAVER.SEARCH_WORD (WORD_NO,WORD_NAME,WORD_COUNT,WORD_CREATE_DATE) values (13,'검색어8',23,to_date('19/08/09','RR/MM/DD'));
Insert into JAVER.SEARCH_WORD (WORD_NO,WORD_NAME,WORD_COUNT,WORD_CREATE_DATE) values (14,'이응수 강사님',1,to_date('19/08/09','RR/MM/DD'));
Insert into JAVER.SEARCH_WORD (WORD_NO,WORD_NAME,WORD_COUNT,WORD_CREATE_DATE) values (15,'이응수',1,to_date('19/08/09','RR/MM/DD'));
Insert into JAVER.SEARCH_WORD (WORD_NO,WORD_NAME,WORD_COUNT,WORD_CREATE_DATE) values (16,'이미',3,to_date('19/08/09','RR/MM/DD'));
Insert into JAVER.SEARCH_WORD (WORD_NO,WORD_NAME,WORD_COUNT,WORD_CREATE_DATE) values (18,'검색어9',33,to_date('19/08/09','RR/MM/DD'));
Insert into JAVER.SEARCH_WORD (WORD_NO,WORD_NAME,WORD_COUNT,WORD_CREATE_DATE) values (19,'재헌쨩',1,to_date('19/08/09','RR/MM/DD'));
Insert into JAVER.SEARCH_WORD (WORD_NO,WORD_NAME,WORD_COUNT,WORD_CREATE_DATE) values (20,'재헌이형다이스키',2,to_date('19/08/09','RR/MM/DD'));
Insert into JAVER.SEARCH_WORD (WORD_NO,WORD_NAME,WORD_COUNT,WORD_CREATE_DATE) values (21,'재헌쨩정말로',2,to_date('19/08/09','RR/MM/DD'));
Insert into JAVER.SEARCH_WORD (WORD_NO,WORD_NAME,WORD_COUNT,WORD_CREATE_DATE) values (22,'근본',1,to_date('19/08/09','RR/MM/DD'));
Insert into JAVER.SEARCH_WORD (WORD_NO,WORD_NAME,WORD_COUNT,WORD_CREATE_DATE) values (23,'무근본',1,to_date('19/08/09','RR/MM/DD'));
Insert into JAVER.SEARCH_WORD (WORD_NO,WORD_NAME,WORD_COUNT,WORD_CREATE_DATE) values (25,'검색',28,to_date('19/08/09','RR/MM/DD'));
Insert into JAVER.SEARCH_WORD (WORD_NO,WORD_NAME,WORD_COUNT,WORD_CREATE_DATE) values (26,'띠용',3,to_date('19/08/09','RR/MM/DD'));
Insert into JAVER.SEARCH_WORD (WORD_NO,WORD_NAME,WORD_COUNT,WORD_CREATE_DATE) values (27,'되라',1,to_date('19/08/09','RR/MM/DD'));
Insert into JAVER.SEARCH_WORD (WORD_NO,WORD_NAME,WORD_COUNT,WORD_CREATE_DATE) values (28,'검',5,to_date('19/08/09','RR/MM/DD'));
Insert into JAVER.SEARCH_WORD (WORD_NO,WORD_NAME,WORD_COUNT,WORD_CREATE_DATE) values (29,'ㄱ',6,to_date('19/08/09','RR/MM/DD'));
Insert into JAVER.SEARCH_WORD (WORD_NO,WORD_NAME,WORD_COUNT,WORD_CREATE_DATE) values (30,'드릴게요',8,to_date('19/08/09','RR/MM/DD'));
Insert into JAVER.SEARCH_WORD (WORD_NO,WORD_NAME,WORD_COUNT,WORD_CREATE_DATE) values (31,'가',12,to_date('19/08/09','RR/MM/DD'));
Insert into JAVER.SEARCH_WORD (WORD_NO,WORD_NAME,WORD_COUNT,WORD_CREATE_DATE) values (32,'ㅂ',7,to_date('19/08/09','RR/MM/DD'));
Insert into JAVER.SEARCH_WORD (WORD_NO,WORD_NAME,WORD_COUNT,WORD_CREATE_DATE) values (33,'안병민',6,to_date('19/08/09','RR/MM/DD'));
Insert into JAVER.SEARCH_WORD (WORD_NO,WORD_NAME,WORD_COUNT,WORD_CREATE_DATE) values (37,'이재헌',42,to_date('19/08/09','RR/MM/DD'));
Insert into JAVER.SEARCH_WORD (WORD_NO,WORD_NAME,WORD_COUNT,WORD_CREATE_DATE) values (38,'헐',1,to_date('19/08/09','RR/MM/DD'));
Insert into JAVER.SEARCH_WORD (WORD_NO,WORD_NAME,WORD_COUNT,WORD_CREATE_DATE) values (39,'유행가',1,to_date('19/08/09','RR/MM/DD'));
Insert into JAVER.SEARCH_WORD (WORD_NO,WORD_NAME,WORD_COUNT,WORD_CREATE_DATE) values (40,'어느 누가 쉽다고 했나~',1,to_date('19/08/09','RR/MM/DD'));
Insert into JAVER.SEARCH_WORD (WORD_NO,WORD_NAME,WORD_COUNT,WORD_CREATE_DATE) values (41,'강희경',33,to_date('19/08/09','RR/MM/DD'));
Insert into JAVER.SEARCH_WORD (WORD_NO,WORD_NAME,WORD_COUNT,WORD_CREATE_DATE) values (42,'강희',1,to_date('19/08/09','RR/MM/DD'));
Insert into JAVER.SEARCH_WORD (WORD_NO,WORD_NAME,WORD_COUNT,WORD_CREATE_DATE) values (43,'강희경바보',2,to_date('19/08/09','RR/MM/DD'));
Insert into JAVER.SEARCH_WORD (WORD_NO,WORD_NAME,WORD_COUNT,WORD_CREATE_DATE) values (44,'중앙HTA',13,to_date('19/08/09','RR/MM/DD'));
Insert into JAVER.SEARCH_WORD (WORD_NO,WORD_NAME,WORD_COUNT,WORD_CREATE_DATE) values (45,'강희경 폭행',1,to_date('19/08/09','RR/MM/DD'));
Insert into JAVER.SEARCH_WORD (WORD_NO,WORD_NAME,WORD_COUNT,WORD_CREATE_DATE) values (46,'강희경 협박',1,to_date('19/08/09','RR/MM/DD'));
Insert into JAVER.SEARCH_WORD (WORD_NO,WORD_NAME,WORD_COUNT,WORD_CREATE_DATE) values (48,'바자',1,to_date('19/08/09','RR/MM/DD'));
Insert into JAVER.SEARCH_WORD (WORD_NO,WORD_NAME,WORD_COUNT,WORD_CREATE_DATE) values (61,'요',40,to_date('19/08/12','RR/MM/DD'));
Insert into JAVER.SEARCH_WORD (WORD_NO,WORD_NAME,WORD_COUNT,WORD_CREATE_DATE) values (62,'가자',2,to_date('19/08/12','RR/MM/DD'));
Insert into JAVER.SEARCH_WORD (WORD_NO,WORD_NAME,WORD_COUNT,WORD_CREATE_DATE) values (63,'테스트',9,to_date('19/08/12','RR/MM/DD'));
Insert into JAVER.SEARCH_WORD (WORD_NO,WORD_NAME,WORD_COUNT,WORD_CREATE_DATE) values (64,'',2,to_date('19/08/13','RR/MM/DD'));
Insert into JAVER.SEARCH_WORD (WORD_NO,WORD_NAME,WORD_COUNT,WORD_CREATE_DATE) values (65,'ㅁㄴㅇ',3,to_date('19/08/13','RR/MM/DD'));
Insert into JAVER.SEARCH_WORD (WORD_NO,WORD_NAME,WORD_COUNT,WORD_CREATE_DATE) values (66,'',45,to_date('19/08/13','RR/MM/DD'));
Insert into JAVER.SEARCH_WORD (WORD_NO,WORD_NAME,WORD_COUNT,WORD_CREATE_DATE) values (67,'',3,to_date('19/08/13','RR/MM/DD'));
Insert into JAVER.SEARCH_WORD (WORD_NO,WORD_NAME,WORD_COUNT,WORD_CREATE_DATE) values (68,'톰',2,to_date('19/08/13','RR/MM/DD'));
Insert into JAVER.SEARCH_WORD (WORD_NO,WORD_NAME,WORD_COUNT,WORD_CREATE_DATE) values (69,'뚫',1,to_date('19/08/13','RR/MM/DD'));
Insert into JAVER.SEARCH_WORD (WORD_NO,WORD_NAME,WORD_COUNT,WORD_CREATE_DATE) values (70,'',2,to_date('19/08/13','RR/MM/DD'));
Insert into JAVER.SEARCH_WORD (WORD_NO,WORD_NAME,WORD_COUNT,WORD_CREATE_DATE) values (71,'가지구',1,to_date('19/08/13','RR/MM/DD'));
Insert into JAVER.SEARCH_WORD (WORD_NO,WORD_NAME,WORD_COUNT,WORD_CREATE_DATE) values (72,'빨강',1,to_date('19/08/13','RR/MM/DD'));
Insert into JAVER.SEARCH_WORD (WORD_NO,WORD_NAME,WORD_COUNT,WORD_CREATE_DATE) values (73,'우리나라',1,to_date('19/08/13','RR/MM/DD'));
Insert into JAVER.SEARCH_WORD (WORD_NO,WORD_NAME,WORD_COUNT,WORD_CREATE_DATE) values (74,'우리',1,to_date('19/08/13','RR/MM/DD'));
Insert into JAVER.SEARCH_WORD (WORD_NO,WORD_NAME,WORD_COUNT,WORD_CREATE_DATE) values (75,'광',1,to_date('19/08/13','RR/MM/DD'));
Insert into JAVER.SEARCH_WORD (WORD_NO,WORD_NAME,WORD_COUNT,WORD_CREATE_DATE) values (76,'광복',1,to_date('19/08/13','RR/MM/DD'));
Insert into JAVER.SEARCH_WORD (WORD_NO,WORD_NAME,WORD_COUNT,WORD_CREATE_DATE) values (77,'나라',1,to_date('19/08/13','RR/MM/DD'));
Insert into JAVER.SEARCH_WORD (WORD_NO,WORD_NAME,WORD_COUNT,WORD_CREATE_DATE) values (78,'월레스',14,to_date('19/08/13','RR/MM/DD'));
Insert into JAVER.SEARCH_WORD (WORD_NO,WORD_NAME,WORD_COUNT,WORD_CREATE_DATE) values (79,'월레스와',4,to_date('19/08/13','RR/MM/DD'));
Insert into JAVER.SEARCH_WORD (WORD_NO,WORD_NAME,WORD_COUNT,WORD_CREATE_DATE) values (80,'런던',8,to_date('19/08/13','RR/MM/DD'));
Insert into JAVER.SEARCH_WORD (WORD_NO,WORD_NAME,WORD_COUNT,WORD_CREATE_DATE) values (81,'하하',1,to_date('19/08/13','RR/MM/DD'));
Insert into JAVER.SEARCH_WORD (WORD_NO,WORD_NAME,WORD_COUNT,WORD_CREATE_DATE) values (82,'자바킹',1,to_date('19/08/13','RR/MM/DD'));
Insert into JAVER.SEARCH_WORD (WORD_NO,WORD_NAME,WORD_COUNT,WORD_CREATE_DATE) values (83,'우정',3,to_date('19/08/13','RR/MM/DD'));
Insert into JAVER.SEARCH_WORD (WORD_NO,WORD_NAME,WORD_COUNT,WORD_CREATE_DATE) values (84,'남성',1,to_date('19/08/13','RR/MM/DD'));
Insert into JAVER.SEARCH_WORD (WORD_NO,WORD_NAME,WORD_COUNT,WORD_CREATE_DATE) values (85,'라오스',4,to_date('19/08/13','RR/MM/DD'));
Insert into JAVER.SEARCH_WORD (WORD_NO,WORD_NAME,WORD_COUNT,WORD_CREATE_DATE) values (86,'월',5,to_date('19/08/13','RR/MM/DD'));
Insert into JAVER.SEARCH_WORD (WORD_NO,WORD_NAME,WORD_COUNT,WORD_CREATE_DATE) values (87,'k',1,to_date('19/08/13','RR/MM/DD'));
Insert into JAVER.SEARCH_WORD (WORD_NO,WORD_NAME,WORD_COUNT,WORD_CREATE_DATE) values (88,'',1,to_date('19/08/13','RR/MM/DD'));
Insert into JAVER.SEARCH_WORD (WORD_NO,WORD_NAME,WORD_COUNT,WORD_CREATE_DATE) values (89,'요한',1,to_date('19/08/13','RR/MM/DD'));
Insert into JAVER.SEARCH_WORD (WORD_NO,WORD_NAME,WORD_COUNT,WORD_CREATE_DATE) values (90,'가지',2,to_date('19/08/13','RR/MM/DD'));
Insert into JAVER.SEARCH_WORD (WORD_NO,WORD_NAME,WORD_COUNT,WORD_CREATE_DATE) values (91,'가죠',1,to_date('19/08/13','RR/MM/DD'));
Insert into JAVER.SEARCH_WORD (WORD_NO,WORD_NAME,WORD_COUNT,WORD_CREATE_DATE) values (92,'가나요',1,to_date('19/08/13','RR/MM/DD'));
Insert into JAVER.SEARCH_WORD (WORD_NO,WORD_NAME,WORD_COUNT,WORD_CREATE_DATE) values (93,'갈까요',29,to_date('19/08/13','RR/MM/DD'));
Insert into JAVER.SEARCH_WORD (WORD_NO,WORD_NAME,WORD_COUNT,WORD_CREATE_DATE) values (94,'tst',1,to_date('19/08/13','RR/MM/DD'));
Insert into JAVER.SEARCH_WORD (WORD_NO,WORD_NAME,WORD_COUNT,WORD_CREATE_DATE) values (95,'test',1,to_date('19/08/13','RR/MM/DD'));
Insert into JAVER.SEARCH_WORD (WORD_NO,WORD_NAME,WORD_COUNT,WORD_CREATE_DATE) values (96,'dddd',2,to_date('19/08/13','RR/MM/DD'));
Insert into JAVER.SEARCH_WORD (WORD_NO,WORD_NAME,WORD_COUNT,WORD_CREATE_DATE) values (97,'go',1,to_date('19/08/13','RR/MM/DD'));
Insert into JAVER.SEARCH_WORD (WORD_NO,WORD_NAME,WORD_COUNT,WORD_CREATE_DATE) values (98,'Go',1,to_date('19/08/13','RR/MM/DD'));
Insert into JAVER.SEARCH_WORD (WORD_NO,WORD_NAME,WORD_COUNT,WORD_CREATE_DATE) values (99,'GO',33,to_date('19/08/13','RR/MM/DD'));
Insert into JAVER.SEARCH_WORD (WORD_NO,WORD_NAME,WORD_COUNT,WORD_CREATE_DATE) values (100,'요 교육',1,to_date('19/08/13','RR/MM/DD'));
Insert into JAVER.SEARCH_WORD (WORD_NO,WORD_NAME,WORD_COUNT,WORD_CREATE_DATE) values (101,'G',1,to_date('19/08/13','RR/MM/DD'));
Insert into JAVER.SEARCH_WORD (WORD_NO,WORD_NAME,WORD_COUNT,WORD_CREATE_DATE) values (102,'처',1,to_date('19/08/13','RR/MM/DD'));
Insert into JAVER.SEARCH_WORD (WORD_NO,WORD_NAME,WORD_COUNT,WORD_CREATE_DATE) values (103,'델루나',1,to_date('19/08/13','RR/MM/DD'));
Insert into JAVER.SEARCH_WORD (WORD_NO,WORD_NAME,WORD_COUNT,WORD_CREATE_DATE) values (104,'와우',1,to_date('19/08/13','RR/MM/DD'));
Insert into JAVER.SEARCH_WORD (WORD_NO,WORD_NAME,WORD_COUNT,WORD_CREATE_DATE) values (105,'와',5,to_date('19/08/13','RR/MM/DD'));
Insert into JAVER.SEARCH_WORD (WORD_NO,WORD_NAME,WORD_COUNT,WORD_CREATE_DATE) values (106,'dd',1,to_date('19/08/13','RR/MM/DD'));
REM INSERTING into JAVER.SERIES_CARTS
SET DEFINE OFF;
Insert into JAVER.SERIES_CARTS (CART_NO,EPISODE_NO,USER_ID,CART_CREATE_DATE) values (62,31,'series1',to_date('19/08/13','RR/MM/DD'));
Insert into JAVER.SERIES_CARTS (CART_NO,EPISODE_NO,USER_ID,CART_CREATE_DATE) values (60,33,'series1',to_date('19/08/13','RR/MM/DD'));
Insert into JAVER.SERIES_CARTS (CART_NO,EPISODE_NO,USER_ID,CART_CREATE_DATE) values (61,32,'series1',to_date('19/08/13','RR/MM/DD'));
REM INSERTING into JAVER.SERIES_CATEGORIES
SET DEFINE OFF;
Insert into JAVER.SERIES_CATEGORIES (CATEGORY_NO,CATEGORY_NAME) values (31,'한국드라마');
Insert into JAVER.SERIES_CATEGORIES (CATEGORY_NO,CATEGORY_NAME) values (32,'영미권드라마');
Insert into JAVER.SERIES_CATEGORIES (CATEGORY_NO,CATEGORY_NAME) values (33,'중화권드라마');
Insert into JAVER.SERIES_CATEGORIES (CATEGORY_NO,CATEGORY_NAME) values (34,'일본드라마');
Insert into JAVER.SERIES_CATEGORIES (CATEGORY_NO,CATEGORY_NAME) values (35,'예능');
Insert into JAVER.SERIES_CATEGORIES (CATEGORY_NO,CATEGORY_NAME) values (36,'애니메이션');
Insert into JAVER.SERIES_CATEGORIES (CATEGORY_NO,CATEGORY_NAME) values (37,'교양/다큐멘터리');
Insert into JAVER.SERIES_CATEGORIES (CATEGORY_NO,CATEGORY_NAME) values (38,'KIDS');
REM INSERTING into JAVER.SERIES_EPISODES
SET DEFINE OFF;
Insert into JAVER.SERIES_EPISODES (EPISODE_NO,VOD_NO,EPISODE_TITLE,EPISODE_DATE,EPISODE_SUMMARY,EPISODE_CREATE_DATE,EPISODE_PRICE,EPISODE_CONTENTS) values (1,2,'1회',to_date('19/07/22','RR/MM/DD'),'천봉 고등학교에 새로운 전학생, 최준우. 전 학교에 대한 트라우마로 딱히 학교생활에 관심 없는 준우가 2-3반에 오게 된다. 전학 온 첫 날, 반장인 휘영은 젠틀하게 준우를 맞이하지만, 담임인 한결보다 휘영에게 더욱 복종하는 듯한 묘한 분위기에 위화감을 느낀다. 그러던 중, 불미스러운 사건에 준우는 개입되고 마는데…',to_date('19/07/31','RR/MM/DD'),1650,'example.mp4');
Insert into JAVER.SERIES_EPISODES (EPISODE_NO,VOD_NO,EPISODE_TITLE,EPISODE_DATE,EPISODE_SUMMARY,EPISODE_CREATE_DATE,EPISODE_PRICE,EPISODE_CONTENTS) values (2,2,'2회',to_date('19/07/22','RR/MM/DD'),'시계 도난사건의 용의자가 된 준우. 누구도 의심하지 않고 강제전학 온 준우가 범인이라고 생각한다. 그 모습에 준우는 또 떠나려 하지만, 도망치려는 자신의 모습에 한편으로는 화가 나고... 휘영은 그런 준우를 더욱더 궁지로 몰아간다. 한편, 왠지 모르게 준우에게 자꾸 마음이 쓰이는 수빈은 수행평가를 핑계로 준우를 붙잡고, 수빈의 예쁜 마음에 준우는 흔들리는데...',to_date('19/07/31','RR/MM/DD'),1650,'example.mp4');
Insert into JAVER.SERIES_EPISODES (EPISODE_NO,VOD_NO,EPISODE_TITLE,EPISODE_DATE,EPISODE_SUMMARY,EPISODE_CREATE_DATE,EPISODE_PRICE,EPISODE_CONTENTS) values (3,3,'1회',to_date('19/07/19','RR/MM/DD'),'어느 교도소에 일일의무관으로 온 시영(이세영)은 의무관 킬러로 악명높은 의사출신 재소자 6238(지성)과 만나게 된다. 한편 냉철한 검사 손석기(이규형)는 6238, 차요한의 출소를 기다리는데... 당신의 고통에 공감하는 휴먼메디컬!',to_date('19/07/31','RR/MM/DD'),1650,'example.mp4');
Insert into JAVER.SERIES_EPISODES (EPISODE_NO,VOD_NO,EPISODE_TITLE,EPISODE_DATE,EPISODE_SUMMARY,EPISODE_CREATE_DATE,EPISODE_PRICE,EPISODE_CONTENTS) values (4,3,'2회',to_date('19/07/20','RR/MM/DD'),'요한(지성)은 시영(이세영)을 내세워 한 재소자의 희귀병을 진단하려 하는데 유준(황희)은 희박한 확률 때문에 요한의 진단에 이의를 제기한다. 그리고 요한의 죄명을 알게 된 시영은 충격에 빠진다.',to_date('19/07/31','RR/MM/DD'),1650,'example.mp4');
Insert into JAVER.SERIES_EPISODES (EPISODE_NO,VOD_NO,EPISODE_TITLE,EPISODE_DATE,EPISODE_SUMMARY,EPISODE_CREATE_DATE,EPISODE_PRICE,EPISODE_CONTENTS) values (7,4,'1회',to_date('19/07/20','RR/MM/DD'),'만나서는 안 되는 두 여자 은동주(한지혜), 사비나(오지은)의 운명적인 첫 만남! 그들의 쫓고 쫓기는 진실게임의 서막이 올라간다.',to_date('19/07/31','RR/MM/DD'),1650,'example.mp4');
Insert into JAVER.SERIES_EPISODES (EPISODE_NO,VOD_NO,EPISODE_TITLE,EPISODE_DATE,EPISODE_SUMMARY,EPISODE_CREATE_DATE,EPISODE_PRICE,EPISODE_CONTENTS) values (8,4,'2회',to_date('19/07/20','RR/MM/DD'),'만나서는 안 되는 두 여자 은동주(한지혜), 사비나(오지은)의 운명적인 첫 만남! 그들의 쫓고 쫓기는 진실게임의 서막이 올라간다.',to_date('19/07/31','RR/MM/DD'),1650,'example.mp4');
Insert into JAVER.SERIES_EPISODES (EPISODE_NO,VOD_NO,EPISODE_TITLE,EPISODE_DATE,EPISODE_SUMMARY,EPISODE_CREATE_DATE,EPISODE_PRICE,EPISODE_CONTENTS) values (9,5,'특별회',to_date('19/07/07','RR/MM/DD'),'미스터기간제 : 장도연의 타로뷰',to_date('19/07/31','RR/MM/DD'),0,'example.mp4');
Insert into JAVER.SERIES_EPISODES (EPISODE_NO,VOD_NO,EPISODE_TITLE,EPISODE_DATE,EPISODE_SUMMARY,EPISODE_CREATE_DATE,EPISODE_PRICE,EPISODE_CONTENTS) values (10,5,'1회',to_date('19/07/17','RR/MM/DD'),'대한민국 상위 0.1% 명문고, 의문의 살인사건. 한 남학생이 스토킹하던 여학생을 칼로 찔러 죽였다?! 잘 나가는 속물 변호사 기무혁은 로펌 대표 부탁으로 이 사건을 맡게 된다. 자신이 여학생의 남자친구였다고 주장하는 피고인 남학생! 하지만 피고인과는 전혀 다른 증언을 하는 같은 학교 학생들...',to_date('19/07/31','RR/MM/DD'),1650,'example.mp4');
Insert into JAVER.SERIES_EPISODES (EPISODE_NO,VOD_NO,EPISODE_TITLE,EPISODE_DATE,EPISODE_SUMMARY,EPISODE_CREATE_DATE,EPISODE_PRICE,EPISODE_CONTENTS) values (11,5,'2회',to_date('19/07/18','RR/MM/DD'),'"오늘부터 발 뻗고 자겠다? 걔 죽어서". 겉과 속이 완벽하게 다른, 섬한 천명고 4인방의 등장! 천명고 톱클라스답게 어딘가 심상치 않은 기운이 가득한데... 한편 기무혁은 살인사건의 진실을 파헤치기 위해 천명고 교사 기강제로 위장 잠입을 본격 시도한다. 그곳에서 만난 열혈 교사 하소현과 천명고 4인방, 범진, 기훈, 태라, 예리. 학교에 흐르는 스산한 기류, 이들의 운명은 과연?...',to_date('19/07/31','RR/MM/DD'),1650,'example.mp4');
Insert into JAVER.SERIES_EPISODES (EPISODE_NO,VOD_NO,EPISODE_TITLE,EPISODE_DATE,EPISODE_SUMMARY,EPISODE_CREATE_DATE,EPISODE_PRICE,EPISODE_CONTENTS) values (12,5,'3회',to_date('19/07/24','RR/MM/DD'),'"저건 뭐야? 이 미친 자들의 파티는?". 늦은 밤, 학교에서 벌어진 강제와 범진의 심상치 않은 첫 만남! 수상한 점이 한두 군데가 아닌 천명고 곳곳을 유심히 살피며 살인사건의 진실을 좇아가는 강제. 한편 소현은 아이들에게 괴롭힘을 당하는 병호를 돕기 위해 애쓰는데... 서로 다른 목표를 쫓다 우연히 행정실장 태석의 충격 발언 현장을 동시에 목격한 강제와 소현!...',to_date('19/07/31','RR/MM/DD'),1650,'example.mp4');
Insert into JAVER.SERIES_EPISODES (EPISODE_NO,VOD_NO,EPISODE_TITLE,EPISODE_DATE,EPISODE_SUMMARY,EPISODE_CREATE_DATE,EPISODE_PRICE,EPISODE_CONTENTS) values (15,7,'1회',to_date('19/07/13','RR/MM/DD'),'달이 뜨면 수상한 영업이 시작된다! 명동 한복판에서 특별한 손님들을 대상으로 천년 째 영업 중인 호텔 델루나. 이곳에 아름답지만 괴팍한, 델루나 사장 장만월이 살고 있다. 장만월은 엘리트 호텔리어 구찬성을 새로운 지배인으로 점찍고, 찬성에게 특별한 생일 선물을 선사하는데...',to_date('19/07/31','RR/MM/DD'),1650,'example.mp4');
Insert into JAVER.SERIES_EPISODES (EPISODE_NO,VOD_NO,EPISODE_TITLE,EPISODE_DATE,EPISODE_SUMMARY,EPISODE_CREATE_DATE,EPISODE_PRICE,EPISODE_CONTENTS) values (16,7,'2회',to_date('19/07/14','RR/MM/DD'),'귀신들의 세계에 눈을 떠버린 구찬성! 초특급 호텔에 스카우트되었지만 소리만 내도, 눈만 마주쳐도 쫓아오는 귀신들 때문에 괴롭다. 장만월 사장과 담판 짓고자 델루나로 찾아간 찬성은 얼떨결에 비밀스러운 첫 임무를 맡게 되는데... 그 임무는 바로 호랑이를 잡아라?!...',to_date('19/07/31','RR/MM/DD'),1650,'example.mp4');
Insert into JAVER.SERIES_EPISODES (EPISODE_NO,VOD_NO,EPISODE_TITLE,EPISODE_DATE,EPISODE_SUMMARY,EPISODE_CREATE_DATE,EPISODE_PRICE,EPISODE_CONTENTS) values (17,7,'3회',to_date('19/07/20','RR/MM/DD'),'"당신도, 이 호텔도 알고 싶어졌습니다.". 꿈속에서 만월과 닮은 한 여자를 보게 된 찬성. 찬성은 델루나에 얽힌 사연과 장만월의 과거가 궁금하지만, 호텔 직원들은 쉬쉬하는 분위기다. 한편, 자신이 지배인 후보 3순위였다는 사실에 실망한 구찬성 앞에 육교에서 추락사한 여고생 귀신이 나타나는데!...',to_date('19/07/31','RR/MM/DD'),1650,'example.mp4');
Insert into JAVER.SERIES_EPISODES (EPISODE_NO,VOD_NO,EPISODE_TITLE,EPISODE_DATE,EPISODE_SUMMARY,EPISODE_CREATE_DATE,EPISODE_PRICE,EPISODE_CONTENTS) values (18,7,'4회',to_date('19/07/21','RR/MM/DD'),'"구찬성, 나 돌봐봐." 만월은 갈수록 마음에 쏙 드는 찬성에게 자신을 잘 돌보라고 선언한다! 찬성에게 마음을 연 만월의 마음처럼 말라 있던 월령수에 새파란 잎이 돋아나고, 그러한 변화에 크게 동요하는 만월. 모든 건 새로 온 인간 지배인 구찬성 때문이라고 생각한 만월과 델루나 직원들은 구 지배인을 내보낼 계획을 세우는데... 마침내, 닫혀있던 13호실의 문이 열린다!...',to_date('19/07/31','RR/MM/DD'),1650,'example.mp4');
Insert into JAVER.SERIES_EPISODES (EPISODE_NO,VOD_NO,EPISODE_TITLE,EPISODE_DATE,EPISODE_SUMMARY,EPISODE_CREATE_DATE,EPISODE_PRICE,EPISODE_CONTENTS) values (19,9,'특별회',to_date('19/07/14','RR/MM/DD'),'국내 최고의 게임 크리에이터로 인기가 높은 대도서관이 <신입사관 구해령>의 시대적 배경, 캐릭터에 영향을 준 사관은 무엇인지, 조선시대에도 연애소설이 있었는지 등 드라마에서 미처 담지 못한 이야기들을 전해준다.',to_date('19/07/31','RR/MM/DD'),0,'example.mp4');
Insert into JAVER.SERIES_EPISODES (EPISODE_NO,VOD_NO,EPISODE_TITLE,EPISODE_DATE,EPISODE_SUMMARY,EPISODE_CREATE_DATE,EPISODE_PRICE,EPISODE_CONTENTS) values (21,9,'1,2회',to_date('19/07/17','RR/MM/DD'),'조선의 연애소설가로 몰래 활동 하고 있는 필명 매화의, 왕자 이림(차은우). 얌전한 규수로 살기보단 이 세상에 관심이 많은 노처녀 해령(신세경). 둘은 우연한 계기로 마주하게 된다.',to_date('19/07/31','RR/MM/DD'),1650,'example.mp4');
Insert into JAVER.SERIES_EPISODES (EPISODE_NO,VOD_NO,EPISODE_TITLE,EPISODE_DATE,EPISODE_SUMMARY,EPISODE_CREATE_DATE,EPISODE_PRICE,EPISODE_CONTENTS) values (22,9,'3,4회',to_date('19/07/18','RR/MM/DD'),'이림(차은우)은 매화 행세하는 해령(신세경)을 발견하고, 금서를 압수하라는 왕명에 낭독회장은 아수라장이 된다. 한편, 좌의정 익평(최덕문)과 현왕 이태(김민상)에겐 금서도감과 관련한 어떤 비밀이 있다. 해령의 혼인날이 다가오고, 왕세자 이진(박기웅)은 외척인 익평의 세력을 저지하기 위해 큰 결단을 내리는데..',to_date('19/07/31','RR/MM/DD'),1650,'example.mp4');
Insert into JAVER.SERIES_EPISODES (EPISODE_NO,VOD_NO,EPISODE_TITLE,EPISODE_DATE,EPISODE_SUMMARY,EPISODE_CREATE_DATE,EPISODE_PRICE,EPISODE_CONTENTS) values (23,9,'특별회',to_date('19/07/21','RR/MM/DD'),'국내 최고의 게임 크리에이터로 인기가 높은 대도서관이 ‘신입사관 구해령’ 1~4부의 스토리 요약과 드라마 입덕 포인트는 물론, 이후 방송의 관전 포인트를 짚어보는 시간을 갖는다. 첫 방송을 놓친 시청자에게는 본방 사수할 재미를 이미 시청한 사람들에게는 복습의 재미를 더해줄 것이다.',to_date('19/07/31','RR/MM/DD'),0,'example.mp4');
Insert into JAVER.SERIES_EPISODES (EPISODE_NO,VOD_NO,EPISODE_TITLE,EPISODE_DATE,EPISODE_SUMMARY,EPISODE_CREATE_DATE,EPISODE_PRICE,EPISODE_CONTENTS) values (24,9,'5,6회',to_date('19/07/24','RR/MM/DD'),'혼례식을 박차고 과장에 당도한 해령(신세경)은 시제에 당황한다. 해령은 이 위기를 어떻게 탈출할까. 온양행궁 나들이를 떠난 이림(차은우)은 그 여인을 찾고 싶다. 그리고.. 기이한 비석을 발견한다.',to_date('19/07/31','RR/MM/DD'),1650,'example.mp4');
Insert into JAVER.SERIES_EPISODES (EPISODE_NO,VOD_NO,EPISODE_TITLE,EPISODE_DATE,EPISODE_SUMMARY,EPISODE_CREATE_DATE,EPISODE_PRICE,EPISODE_CONTENTS) values (25,16,'1회',to_date('18/12/24','RR/MM/DD'),'달달한 스무살 로맨스의 시작!',to_date('19/07/31','RR/MM/DD'),800,'example.mp4');
Insert into JAVER.SERIES_EPISODES (EPISODE_NO,VOD_NO,EPISODE_TITLE,EPISODE_DATE,EPISODE_SUMMARY,EPISODE_CREATE_DATE,EPISODE_PRICE,EPISODE_CONTENTS) values (26,16,'2회',to_date('18/12/24','RR/MM/DD'),'디저트처럼 달콤한 스무살 로맨스',to_date('19/07/31','RR/MM/DD'),800,'example.mp4');
Insert into JAVER.SERIES_EPISODES (EPISODE_NO,VOD_NO,EPISODE_TITLE,EPISODE_DATE,EPISODE_SUMMARY,EPISODE_CREATE_DATE,EPISODE_PRICE,EPISODE_CONTENTS) values (27,17,'2회',to_date('18/12/01','RR/MM/DD'),'해녀 3대의 삶의 이야기. 할머니-어머니-딸로 이어지는 해녀 3대의 이야기를 통해 유네스코 인류 무형 문화유산인 제주 해녀들의 일상과 역사, 문화를 담고 드라마 속 전 대사를 제주어로 처리함으로써 소멸 위기에 놓인 제주어를 일상화하는 데에 기여한다.',to_date('19/07/31','RR/MM/DD'),1000,'example.mp4');
Insert into JAVER.SERIES_EPISODES (EPISODE_NO,VOD_NO,EPISODE_TITLE,EPISODE_DATE,EPISODE_SUMMARY,EPISODE_CREATE_DATE,EPISODE_PRICE,EPISODE_CONTENTS) values (28,17,'2회',to_date('18/12/02','RR/MM/DD'),'해녀 3대의 삶의 이야기. 할머니-어머니-딸로 이어지는 해녀 3대의 이야기를 통해 유네스코 인류 무형 문화유산인 제주 해녀들의 일상과 역사, 문화를 담고 드라마 속 전 대사를 제주어로 처리함으로써 소멸 위기에 놓인 제주어를 일상화하는 데에 기여한다.',to_date('19/07/31','RR/MM/DD'),1000,'example.mp4');
Insert into JAVER.SERIES_EPISODES (EPISODE_NO,VOD_NO,EPISODE_TITLE,EPISODE_DATE,EPISODE_SUMMARY,EPISODE_CREATE_DATE,EPISODE_PRICE,EPISODE_CONTENTS) values (29,17,'3회',to_date('18/12/08','RR/MM/DD'),'해녀 3대의 삶의 이야기. 할머니-어머니-딸로 이어지는 해녀 3대의 이야기를 통해 유네스코 인류 무형 문화유산인 제주 해녀들의 일상과 역사, 문화를 담고 드라마 속 전 대사를 제주어로 처리함으로써 소멸 위기에 놓인 제주어를 일상화하는 데에 기여한다.',to_date('19/07/31','RR/MM/DD'),1000,'example.mp4');
Insert into JAVER.SERIES_EPISODES (EPISODE_NO,VOD_NO,EPISODE_TITLE,EPISODE_DATE,EPISODE_SUMMARY,EPISODE_CREATE_DATE,EPISODE_PRICE,EPISODE_CONTENTS) values (30,17,'4회',to_date('18/12/15','RR/MM/DD'),'해녀 3대의 삶의 이야기. 할머니-어머니-딸로 이어지는 해녀 3대의 이야기를 통해 유네스코 인류 무형 문화유산인 제주 해녀들의 일상과 역사, 문화를 담고 드라마 속 전 대사를 제주어로 처리함으로써 소멸 위기에 놓인 제주어를 일상화하는 데에 기여한다.',to_date('19/07/31','RR/MM/DD'),1000,'example.mp4');
Insert into JAVER.SERIES_EPISODES (EPISODE_NO,VOD_NO,EPISODE_TITLE,EPISODE_DATE,EPISODE_SUMMARY,EPISODE_CREATE_DATE,EPISODE_PRICE,EPISODE_CONTENTS) values (31,20,'1회',to_date('10/07/25','RR/MM/DD'),'아프간에서 부상을 입고 송환된 군의관 왓슨은 친구의 소개로 셜록 홈즈의 룸메이트가 된다. 세상에 하나뿐인 자문 탐정 셜록은 예리한 관찰력으로 처음 만난 왓슨의 이모저모를 알아맞혀 왓슨을 놀라게 한다.',to_date('19/07/31','RR/MM/DD'),1100,'example.mp4');
Insert into JAVER.SERIES_EPISODES (EPISODE_NO,VOD_NO,EPISODE_TITLE,EPISODE_DATE,EPISODE_SUMMARY,EPISODE_CREATE_DATE,EPISODE_PRICE,EPISODE_CONTENTS) values (32,20,'2회',to_date('10/08/01','RR/MM/DD'),'은행 간부인 셜록의 대학동창이 자신이 근무하는 은행에 괴한이 침입했다며 조사를 의뢰한다. 은행의 초상화에 낙서를 해놓고 도망친 범인을 추적하던 셜록은, 그 낙서가 암호이며 이 사건에 국제밀매조직이 연루돼 있다는 사실을 알아낸다. 존과 셜록은 이 일을 경찰에 알리지만 경찰은 콧방귀만 뀌고, 그 사이 암호와 관련된 것으로 보이는 살인사건이 연이어 발생하는데...',to_date('19/07/31','RR/MM/DD'),1100,'example.mp4');
Insert into JAVER.SERIES_EPISODES (EPISODE_NO,VOD_NO,EPISODE_TITLE,EPISODE_DATE,EPISODE_SUMMARY,EPISODE_CREATE_DATE,EPISODE_PRICE,EPISODE_CONTENTS) values (33,20,'3회',to_date('10/08/08','RR/MM/DD'),'따분해 어쩔 줄 모르는 셜록의 정신을 번쩍 깨워줄 잔혹한 게임이 시작됐다! 한 미치광이가 인질의 목숨을 담보로 셜록에게 수수께끼를 낸다. 20년이나 지난 익사 사건, 피에 젖은 채 버려진 자동차, 분실됐다 발견된 명화.. 인질을 살리려면 이 미궁에 빠진 이 사건들을 주어진 시간 안에 해결해야 한다. 범인의 정체는 누구이며, 왜 이런 게임을 제안한 걸까?',to_date('19/07/31','RR/MM/DD'),1100,'example.mp4');
Insert into JAVER.SERIES_EPISODES (EPISODE_NO,VOD_NO,EPISODE_TITLE,EPISODE_DATE,EPISODE_SUMMARY,EPISODE_CREATE_DATE,EPISODE_PRICE,EPISODE_CONTENTS) values (34,21,'1회',to_date('12/01/01','RR/MM/DD'),'셜록과 왓슨은 버킹엄 궁으로 불려가 한 왕족과 관련된 민망한 사진들을 찾아달라는 의뢰를 받는다. 셜록은 하루면 해결할 수 있다고 큰소리치지만 아이린 애들러란 호적수를 만나 굴욕만 당한다. 여자를 우습게 아는 셜록을 굴복시켜 그의 마음속에 ‘그 여자’로 남게 된 아이린 애들러! 비밀정보가 가득한 휴대폰을 사이에 놓고 두 사람 사이에 불꽃 튀는 머리싸움이 시작된다.',to_date('19/07/31','RR/MM/DD'),1200,'example.mp4');
Insert into JAVER.SERIES_EPISODES (EPISODE_NO,VOD_NO,EPISODE_TITLE,EPISODE_DATE,EPISODE_SUMMARY,EPISODE_CREATE_DATE,EPISODE_PRICE,EPISODE_CONTENTS) values (35,21,'2회',to_date('12/01/08','RR/MM/DD'),'수사할 사건은 없고 담배마저 피울 수 없어 금단증상을 보이는 셜록의 집에 마침내 의뢰인이 찾아온다. 어릴 적 아버지를 잃은 의뢰인은 아버지를 죽게 만든 것이 지옥에서 온 괴물개라며 괴로워하고 셜록과 존은 괴물개가 출몰했다는 다트무어 황무지에 간다. 그런데 황무지에 다녀온 셜록은 극도로 예민해져 존과 말다툼까지 벌이는데 과연 셜록은 그 곳에서 무엇을 본 것일까?',to_date('19/07/31','RR/MM/DD'),1200,'example.mp4');
Insert into JAVER.SERIES_EPISODES (EPISODE_NO,VOD_NO,EPISODE_TITLE,EPISODE_DATE,EPISODE_SUMMARY,EPISODE_CREATE_DATE,EPISODE_PRICE,EPISODE_CONTENTS) values (36,21,'3회',to_date('12/01/15','RR/MM/DD'),'터너의 그림 ‘라이헨바흐 폭포’ 도난사건을 해결한 셜록은 ‘라이헨바흐의 영웅’이란 별명을 얻으며 인기 탐정이 된다. 밀려드는 사건 의뢰에 바쁜 나날을 보내던 그에게 어느 날, 숙적 모리아티가 돌아왔다는 소식이 전해진다. 대담한 범죄로 세상을 떠들썩하게 만든 모리아티는 셜록에게 두 사람 사이의 마지막 문제를 풀 때가 왔다며 도전장을 던진다.',to_date('19/07/31','RR/MM/DD'),1200,'example.mp4');
Insert into JAVER.SERIES_EPISODES (EPISODE_NO,VOD_NO,EPISODE_TITLE,EPISODE_DATE,EPISODE_SUMMARY,EPISODE_CREATE_DATE,EPISODE_PRICE,EPISODE_CONTENTS) values (37,22,'1회',to_date('14/01/05','RR/MM/DD'),'‘셜록, 한 번만 기적을 다시 보여줘. 죽은 체 그만하라고!’ 전 시리즈에서 추락사로 모습을 감춘 셜록. 이번 시즌은 끔찍했던 2년 전 라이헨바흐 폭포 사건 이후 평범한 일생 생활을 보내고 있는 존 왓슨 박사와 함께 시작한다. 스릴과 모험이 가득 찬 지난 2년과는 다른 새로운 날들, 새 연인과 안정된 삶을 살아가는 왓슨. 하지만 런던의 거리는 여전히 테러리스트들의 위협으로 가득 차 있다. 한편, 자연스럽게 자신을 사망으로 위장하고 살았던 셜록 홈즈가 드디어 누구보다도 셜록이 돌아오길 간절히 바라던 왓슨 앞에 나타난다. 하지만 셜록은 왓슨이 알던 2년 전의 그가 아니다. 만약, 당신이 떠나기 이전, 2년 전의 셜록을 기대한다면, 상상 그 이상의 셜록과 마주하게 될 것이다.',to_date('19/07/31','RR/MM/DD'),1300,'example.mp4');
Insert into JAVER.SERIES_EPISODES (EPISODE_NO,VOD_NO,EPISODE_TITLE,EPISODE_DATE,EPISODE_SUMMARY,EPISODE_CREATE_DATE,EPISODE_PRICE,EPISODE_CONTENTS) values (38,22,'2회',to_date('14/01/12','RR/MM/DD'),'셜록은 일생일대의 임무를 맡았다. 바로 왓슨 부부 결혼식에서 신랑 들러리 연설을 부탁 받은 것. 하지만 탐정 셜록의 일상에 평범함이란 없다. 행복해야 할 신혼부부의 결혼식에 치명적인 살인 위협이 서서히 다가오는데…',to_date('19/07/31','RR/MM/DD'),1300,'example.mp4');
Insert into JAVER.SERIES_EPISODES (EPISODE_NO,VOD_NO,EPISODE_TITLE,EPISODE_DATE,EPISODE_SUMMARY,EPISODE_CREATE_DATE,EPISODE_PRICE,EPISODE_CONTENTS) values (39,22,'3회',to_date('14/01/19','RR/MM/DD'),'편지 도난 사건에 착수한 셜록. 그러나 그것은 평범한 도난 사건이 아니었다. 셜록은 수사 과정에서 그의 숙적이자 협박의 대가, 찰스 어거스터스 마그누센과 마주하게 되는데.... 서부의 모든 주요 인사들의 사적인 비밀을 쥐고 있는 찰스. 과연 셜록은 서부의 거물 찰스에게 맞서 어떤 추리를 펼칠 것인가?',to_date('19/07/31','RR/MM/DD'),1300,'example.mp4');
Insert into JAVER.SERIES_EPISODES (EPISODE_NO,VOD_NO,EPISODE_TITLE,EPISODE_DATE,EPISODE_SUMMARY,EPISODE_CREATE_DATE,EPISODE_PRICE,EPISODE_CONTENTS) values (40,23,'1회',to_date('17/01/02','RR/MM/DD'),'셜록은 모리아티가 사후(死後)에 벌이는 만행을 맞닥뜨리게 된다. 어느 날, 미스터리한 사건이 일어나 런던 경찰국을 한바탕 뒤집어놓지만 정작 셜록은 전(前) 총리인 마가렛 대처의 사진을 훼손시키는 정체불명의 사람에게 관심을 가진다. 정신이상자가 벌이는 단순한 해프닝인 것인가, 아니면 알 수 없는 베일에 싸인 어두운 음모인 것인가. 메리 왓슨의 비밀스러운 과거와 이어지는 의문의 연결고리가 드러나는데...',to_date('19/07/31','RR/MM/DD'),1400,'example.mp4');
Insert into JAVER.SERIES_EPISODES (EPISODE_NO,VOD_NO,EPISODE_TITLE,EPISODE_DATE,EPISODE_SUMMARY,EPISODE_CREATE_DATE,EPISODE_PRICE,EPISODE_CONTENTS) values (41,23,'2회',to_date('17/01/09','RR/MM/DD'),'셜록은 자신의 탐정 인생 최대의 숙적을 마주한다. 어두운 음모와 비밀로 가득한 컬버튼 스미스의 등장은 셜록을 옥죄어오고, 절친이자 동반자와도 같았던 존 왓슨과 멀어진 셜록은 지옥 같은 시간을 보내게 된다. 연이어 힘겨운 국면을 맞이한 셜록은 과연 어둠의 구렁에서 빠져나와 제 삶을 되찾을 수 있을 것인가.',to_date('19/07/31','RR/MM/DD'),1400,'example.mp4');
Insert into JAVER.SERIES_EPISODES (EPISODE_NO,VOD_NO,EPISODE_TITLE,EPISODE_DATE,EPISODE_SUMMARY,EPISODE_CREATE_DATE,EPISODE_PRICE,EPISODE_CONTENTS) values (42,23,'3회',to_date('17/01/16','RR/MM/DD'),'호젓하게 취미생활을 즐기던 마이크로프트에게 뜻밖의 방문객이 찾아온다. 갑작스럽게 되살아난 과거의 기억! 불안함을 느낀 마이크로프트는 셜록에게 도움을 청하고, 셜록 일행은 봉인돼 있던 비밀을 풀기 위해 낯선 곳으로 모험을 떠나는데...',to_date('19/07/31','RR/MM/DD'),1400,'example.mp4');
Insert into JAVER.SERIES_EPISODES (EPISODE_NO,VOD_NO,EPISODE_TITLE,EPISODE_DATE,EPISODE_SUMMARY,EPISODE_CREATE_DATE,EPISODE_PRICE,EPISODE_CONTENTS) values (43,24,'1회',to_date('19/07/12','RR/MM/DD'),'백수 장이난은 엄마의 성화에 못 이겨 면접을 보러 가지만 번번이 실패한다. 그러다 고교 동창 쉬하오위가 한턱내는 자리에 갔다가 망신을 당하고 자신의 처지를 한탄한다. 
한편, 쉬하오위에게 이별을 통보받은 천신웨는 혹시나 하는 마음에 쉬하오위가 귀국하는 날 공항까지 찾아갔다가 량딩페이와 나란히 들어오는 모습을 보게 되고, 이별만 재확인한다.
실연의 아픔에 다리 위에 앉아 술을 마시고 있던 천신웨. 장이난은 천신웨가 자살하려는 줄 알고 구하려다가 그만 실수로 천신웨를 밀쳐 물에 빠뜨리게 되는데....',to_date('19/07/31','RR/MM/DD'),1300,'example.mp4');
Insert into JAVER.SERIES_EPISODES (EPISODE_NO,VOD_NO,EPISODE_TITLE,EPISODE_DATE,EPISODE_SUMMARY,EPISODE_CREATE_DATE,EPISODE_PRICE,EPISODE_CONTENTS) values (44,24,'2회',to_date('19/07/12','RR/MM/DD'),'장이난은 선위안 그룹 신입 사원 공채에 지원하겠다고 각오를 다지며 입사 시험 준비를 하고, 가족들은 말도 안 된다며 모두 이난을 비웃는다.
진 전무는 신입 사원 공채에 회장님의 자녀가 지원했다는 소식을 접하고 정체를 수소문하는 한편 가오 팀장에게 지시해 인공지능 프로그램이 사람을 식별할 수 있도록 코드를 수정한다.
뜻밖에 서류 심사에 합격한 장이난은 필기시험을 볼 기회를 얻는다. 시험장에서 만난 천신웨에게 반갑게 인사하지만 천신웨는 아는 척하지 말라며 단호하게 선을 긋는다.',to_date('19/07/31','RR/MM/DD'),1300,'example.mp4');
Insert into JAVER.SERIES_EPISODES (EPISODE_NO,VOD_NO,EPISODE_TITLE,EPISODE_DATE,EPISODE_SUMMARY,EPISODE_CREATE_DATE,EPISODE_PRICE,EPISODE_CONTENTS) values (45,24,'3회',to_date('19/07/13','RR/MM/DD'),'쉬하오위는 량딩페이의 친구들을 만나는 자리에 갔다가 열등감만 느낀다. 자신을 대리 기사처럼 대하는 량딩페이와 다투고 돌아오던 길, 언제나 자기를 위해주던 천신웨를 떠올린다.
장이난은 아무래도 자신의 필기시험 합격에 의문이 들어 영문을 알아보기 위해 천신웨를 찾아간다. 그곳에 나타난 쉬하오위를 보고 천신웨와 쉬하오위가 사귀었던 사이라는 걸 알게 된다.
얼떨결에 선위안 그룹에 면접까지 보게 된 장이난. 면접 단계마다 자신만의 기지를 발휘하며 면접관들의 마음을 빼앗는데....',to_date('19/07/31','RR/MM/DD'),1300,'example.mp4');
Insert into JAVER.SERIES_EPISODES (EPISODE_NO,VOD_NO,EPISODE_TITLE,EPISODE_DATE,EPISODE_SUMMARY,EPISODE_CREATE_DATE,EPISODE_PRICE,EPISODE_CONTENTS) values (46,24,'4회',to_date('19/07/14','RR/MM/DD'),'결국 면접관들에게 최고점을 받으며 선위안 그룹에 합격하게 된 장이난. 믿을 수 없는 현실에 장이난의 집은 축제 분위기가 된다.
그러나 자신의 합격이 믿기지 않았던 장이난은 선위안 그룹을 찾아가 채용 담당 총 책임자인 진 전무를 만나 착오가 있었던 게 아니냐며 묻는다.
진 전무는 시스템 오류가 있었던 사실을 알고 있었지만, 회사 내 자신의 입지를 생각해 아무 문제 없는 척한다. 그리고 장이난이 회사에 꼭 필요한 인재인 것처럼 설득하고 장이난은 곧이곧대로 믿으며 재차 각오를 다진다.',to_date('19/07/31','RR/MM/DD'),1300,'example.mp4');
Insert into JAVER.SERIES_EPISODES (EPISODE_NO,VOD_NO,EPISODE_TITLE,EPISODE_DATE,EPISODE_SUMMARY,EPISODE_CREATE_DATE,EPISODE_PRICE,EPISODE_CONTENTS) values (47,24,'5회',to_date('19/07/19','RR/MM/DD'),'천신웨는 장이난과 함께 보낸 그날 밤의 기억을 되짚어 보다가 자기가 먼저 장이난을 유혹했다는 사실을 깨닫고 창피해한다.
신입 사원 연수 첫날, 장이난은 외진 곳에 있는 시골 마을에서 제품을 판매하라는 까다로운 연수 과제를 받는다. 난감한 제품을 마주하고 쉬샤오란과 함께 고민하던 중, 묘수를 떠올리고 동네 아저씨들에게 접근한다.
연수원을 산책하던 천신웨는 우연히 쉬하오위와 량딩페이가 키스하는 모습을 목격하고 그제야 이별했음을 실감해 마음 아파하는데....',to_date('19/07/31','RR/MM/DD'),1300,'example.mp4');
Insert into JAVER.SERIES_EPISODES (EPISODE_NO,VOD_NO,EPISODE_TITLE,EPISODE_DATE,EPISODE_SUMMARY,EPISODE_CREATE_DATE,EPISODE_PRICE,EPISODE_CONTENTS) values (48,24,'6회',to_date('19/07/20','RR/MM/DD'),'신입 사원 연수 2일 차, 장이난은 천신웨와 가까워지기 위해 본인이 발견한 보물찾기 상품 쪽지를 천신웨가 찾은 것처럼 꾸미고 우연인 것처럼 만나 함께 시간을 보낸다.
한편 연수원에는 신입 사원 중에 회장님 아들이 있다는 소문이 퍼지고 다들 정체를 궁금해한다. 진 전무도 누구인지 직접 확인하려고 연수원까지 찾아온다.
쉬하오위는 입사 동기가 된 장이난이 내내 못마땅하고 장이난은 천신웨에게 상처를 준 쉬하오위가 못마땅하다. 결국 두 사람은 사사건건 부딪치는데....',to_date('19/07/31','RR/MM/DD'),1300,'example.mp4');
Insert into JAVER.SERIES_EPISODES (EPISODE_NO,VOD_NO,EPISODE_TITLE,EPISODE_DATE,EPISODE_SUMMARY,EPISODE_CREATE_DATE,EPISODE_PRICE,EPISODE_CONTENTS) values (49,24,'7회',to_date('19/07/21','RR/MM/DD'),'신입 사원 패션쇼 준비가 시작됐지만, 장이난 조는 모델이 발을 다치게 되면서 곤경에 처한다. 장이난은 마침 나타난 천신웨에게 모델을 부탁한다.
패션쇼가 시작되고 무대 위에 천신웨가 나타나자 신입 사원 모두가 열화와 같은 박수를 보내고, 량딩페이는 자신보다 더 주목받는 천신웨를 못마땅해한다.
한편, 뉴욕 지사에 발령 났던 쑹 이사는 귀국 후 채용된 신입 사원 명단을 살핀다. 그리고 삼류대를 나와 입사 필기시험 만점에, 종합 평가 1위까지 차지한 장이난을 눈여겨본다.',to_date('19/07/31','RR/MM/DD'),1300,'example.mp4');
Insert into JAVER.SERIES_EPISODES (EPISODE_NO,VOD_NO,EPISODE_TITLE,EPISODE_DATE,EPISODE_SUMMARY,EPISODE_CREATE_DATE,EPISODE_PRICE,EPISODE_CONTENTS) values (50,28,'1회',to_date('17/01/01','RR/MM/DD'),'정초부터 홋카이도 아사히카와로 출장을 떠나 일에 쫓기던 고로. 그러다 이내 결심을 한 듯, 쉴 새 없이 울리는 핸드폰을 호텔 방에 두고 거리로 나선다. 혼자 차분히 식사할 곳을 찾던 고로는 한 가게에 들어가고, 그곳에서 영계 요리를 비롯하여 공복을 달래줄 다양한 요리를 만나게 된다. 다음 날, 거래처를 방문하여 또 한 가지 일을 마친 고로는 좁은 골목에 있는 낡은 밥집에 들어선다. 어떤 것을 먹을지 고민하던 고로는 명물이라는 "된장국 밥 포함"이라는 메뉴에 눈길이 가는데…',to_date('19/07/31','RR/MM/DD'),1200,'example.mp4');
Insert into JAVER.SERIES_EPISODES (EPISODE_NO,VOD_NO,EPISODE_TITLE,EPISODE_DATE,EPISODE_SUMMARY,EPISODE_CREATE_DATE,EPISODE_PRICE,EPISODE_CONTENTS) values (52,27,'1회',to_date('18/12/31','RR/MM/DD'),'2018년 마지막 날, 도내 모처에 나타난 이노가시라 고로. 작년, 나리타산에서의 연말 추억을 생각하며 감회에 젖어 있던 중, 거래 상대인 마에다가 찾아와 올해 마지막 일이 시작된다. 12월31일, 교토로 출장을 간 고로는 이유 없이 장어가 먹고 싶어진다. 하지만, 장어를 먹을 수 있는 음식점이 발견되지 않고, 거래처 미팅을 끝내고 거리를 헤매다 한 주택가에서 특별한 이름을 가진 생선의 "돌솥밥"을 주문한다. 그리고 다음 날 31일, 나고야로 간 고로는 그리움이 느껴지는 찻집에서 나고야의 아침식사로 유명한 팥 토스트를 먹는다. 이후, 거래처 상대 오쿠무라로부터 나고야의 지역 음식 대만 라멘을 추천받았지만, 마음은 장어 덮밥으로 기울고 있었다. 결국, 고로는 나고야에서 무엇을 먹을 것인가?',to_date('19/07/31','RR/MM/DD'),1300,'example.mp4');
Insert into JAVER.SERIES_EPISODES (EPISODE_NO,VOD_NO,EPISODE_TITLE,EPISODE_DATE,EPISODE_SUMMARY,EPISODE_CREATE_DATE,EPISODE_PRICE,EPISODE_CONTENTS) values (53,29,'1회',to_date('19/07/20','RR/MM/DD'),'적극적이고 애교 많은 동생 하루카에게 갖고 싶은 것, 좋아하는 것을 모두 빼앗겨 온 미유. 현재는 연애에 자신을 잃고, 일에만 매진하며 살고 있다. 그렇게 홀로 맞이한 또 한 번의 크리스마스. 미유는 길에서 우연히 고등학교 때 좋아했던 료스케를 만난다',to_date('19/07/31','RR/MM/DD'),1200,'example.mp4');
Insert into JAVER.SERIES_EPISODES (EPISODE_NO,VOD_NO,EPISODE_TITLE,EPISODE_DATE,EPISODE_SUMMARY,EPISODE_CREATE_DATE,EPISODE_PRICE,EPISODE_CONTENTS) values (54,29,'2회',to_date('19/07/21','RR/MM/DD'),'첫사랑인 료스케를 좋아하는 마음이 점점 커져가는 미유. 하지만 동생 하루카의 료스케에 대한 적극적인 애정공세에 밀려 사랑을 포기하고 유학을 떠나려한다.',to_date('19/07/31','RR/MM/DD'),1200,'example.mp4');
Insert into JAVER.SERIES_EPISODES (EPISODE_NO,VOD_NO,EPISODE_TITLE,EPISODE_DATE,EPISODE_SUMMARY,EPISODE_CREATE_DATE,EPISODE_PRICE,EPISODE_CONTENTS) values (55,31,'1회',to_date('19/07/18','RR/MM/DD'),'구두 회사에서 일하는 커리어우먼 미타라이 요는 29세 생일을 맞는다. 일은 순조롭고 보람도 느끼고 있지만 연애 면에선 뭔가 부족하다. 그런 요에게 고교 동급생인 이시다 렌은 자신을 가장 잘 이해해 주는 절친한 친구다. 생일 축하 식사를 함께한 요와 렌은 31살 전까지 먼저 결혼하는 사람이 30만 엔을 받기로 하는 내기를 한다.',to_date('19/07/31','RR/MM/DD'),700,'example.mp4');
Insert into JAVER.SERIES_EPISODES (EPISODE_NO,VOD_NO,EPISODE_TITLE,EPISODE_DATE,EPISODE_SUMMARY,EPISODE_CREATE_DATE,EPISODE_PRICE,EPISODE_CONTENTS) values (56,31,'2회',to_date('19/07/19','RR/MM/DD'),'매칭 어플로 결혼할 남자를 만나 보기 시작한 요. 만난 상대들은 나쁘지는 않지만 어딘지 고개가 갸웃거려지는 남자들뿐이다. 친구가 가르쳐 준 연애운을 올려 준다는 신사에 렌과 함께 간 요는 결혼식장도 구경하고 웨딩드레스도 입어 보면서 즐거운 한때를 보낸다. 그런데 요는 렌이 회사 후배 코노 마키로부터, 적극적인 대시를 받고 있다는 걸 알게 되는데…',to_date('19/07/31','RR/MM/DD'),700,'example.mp4');
Insert into JAVER.SERIES_EPISODES (EPISODE_NO,VOD_NO,EPISODE_TITLE,EPISODE_DATE,EPISODE_SUMMARY,EPISODE_CREATE_DATE,EPISODE_PRICE,EPISODE_CONTENTS) values (57,34,'1회',to_date('19/07/23','RR/MM/DD'),'추억과 낭만의 DJ 덕 TIME~★〈덕화 TV〉시즌2',to_date('19/07/31','RR/MM/DD'),1400,'example.mp4');
Insert into JAVER.SERIES_EPISODES (EPISODE_NO,VOD_NO,EPISODE_TITLE,EPISODE_DATE,EPISODE_SUMMARY,EPISODE_CREATE_DATE,EPISODE_PRICE,EPISODE_CONTENTS) values (58,35,'1회',to_date('19/07/16','RR/MM/DD'),'도심과 떨어진 은밀한 고택 한 채... 이곳에 수상한 괴짜 철학자 4인방이 모였다! 독설의 아이콘에서 철학관 관장으로 돌아온, 이승철! 철학 좀 아는 개그맨! 먹성철학의 대가 김준현! 여배우에서 우아한(?) 괴짜 철학자로 거듭난 임수향! 세상에 이치가 궁금한 질문왕! 새싹 철학자 정일훈! 개똥철학을 탐구하는 괴짜 철학자들의 수양 생활, <개똥이네 철학관> 드디어 개업!',to_date('19/07/31','RR/MM/DD'),700,'example.mp4');
Insert into JAVER.SERIES_EPISODES (EPISODE_NO,VOD_NO,EPISODE_TITLE,EPISODE_DATE,EPISODE_SUMMARY,EPISODE_CREATE_DATE,EPISODE_PRICE,EPISODE_CONTENTS) values (59,35,'2회',to_date('19/07/23','RR/MM/DD'),'열심히 살기위해 대충 산다? 전인권, 조정치, 뮤지의 대충 철학!',to_date('19/07/31','RR/MM/DD'),700,'example.mp4');
Insert into JAVER.SERIES_EPISODES (EPISODE_NO,VOD_NO,EPISODE_TITLE,EPISODE_DATE,EPISODE_SUMMARY,EPISODE_CREATE_DATE,EPISODE_PRICE,EPISODE_CONTENTS) values (60,36,'1회',to_date('19/07/16','RR/MM/DD'),'김수미와 함께하는 살벌한 인생수업! "최고의 한방"',to_date('19/07/31','RR/MM/DD'),1400,'example.mp4');
Insert into JAVER.SERIES_EPISODES (EPISODE_NO,VOD_NO,EPISODE_TITLE,EPISODE_DATE,EPISODE_SUMMARY,EPISODE_CREATE_DATE,EPISODE_PRICE,EPISODE_CONTENTS) values (61,36,'2회',to_date('19/07/23','RR/MM/DD'),'김수미와 함께하는 살벌한 인생수업! "최고의 한방"',to_date('19/07/31','RR/MM/DD'),1400,'example.mp4');
Insert into JAVER.SERIES_EPISODES (EPISODE_NO,VOD_NO,EPISODE_TITLE,EPISODE_DATE,EPISODE_SUMMARY,EPISODE_CREATE_DATE,EPISODE_PRICE,EPISODE_CONTENTS) values (62,44,'1회',to_date('14/07/14','RR/MM/DD'),'홍차 회사, 브랜들이 라우와 함께 방문한다는 말에 집사 세바스찬은 정성스럽게 회담 준비를 시작한다. 그리고 피니안, 메이린, 발드로이는 오늘도 역시 별 도움이 되지 못하는데...',to_date('19/07/31','RR/MM/DD'),800,'example.mp4');
Insert into JAVER.SERIES_EPISODES (EPISODE_NO,VOD_NO,EPISODE_TITLE,EPISODE_DATE,EPISODE_SUMMARY,EPISODE_CREATE_DATE,EPISODE_PRICE,EPISODE_CONTENTS) values (63,44,'2회',to_date('14/07/21','RR/MM/DD'),'아이들 실종 사건에 이동 서커스단, 노아의 방주가 관련돼 있을지도 모른다는 편지를 받고 시엘은 런던으로 향한다. 그리고 유능한 집사와 함께 서커스 쇼에 가게 되는데.',to_date('19/07/31','RR/MM/DD'),800,'example.mp4');
Insert into JAVER.SERIES_EPISODES (EPISODE_NO,VOD_NO,EPISODE_TITLE,EPISODE_DATE,EPISODE_SUMMARY,EPISODE_CREATE_DATE,EPISODE_PRICE,EPISODE_CONTENTS) values (64,44,'3회',to_date('14/07/28','RR/MM/DD'),'아이들의 유괴 사건을 조사하기 위해 노아의 방주 서커스에 입단 테스트까지 보게 된 시엘. 시엘은 세바스찬의 도움으로 시험을 통과하는 듯 싶었는데...',to_date('19/07/31','RR/MM/DD'),800,'example.mp4');
Insert into JAVER.SERIES_EPISODES (EPISODE_NO,VOD_NO,EPISODE_TITLE,EPISODE_DATE,EPISODE_SUMMARY,EPISODE_CREATE_DATE,EPISODE_PRICE,EPISODE_CONTENTS) values (65,44,'4회',to_date('14/08/05','RR/MM/DD'),'생각보다 고된 서커스 생활에 시엘은 적응하지 못하고 세바스찬에게 짜증을 부린다. 세바스찬은 이런 시엘을 챙겨주면서도 서커스 단원으로서 발군의 연습실력을 보여주는데. 한편, 조커를 비롯한 서커스 주요 출연진들은 모두가 잠든 밤, 도시로 나간다.',to_date('19/07/31','RR/MM/DD'),800,'example.mp4');
Insert into JAVER.SERIES_EPISODES (EPISODE_NO,VOD_NO,EPISODE_TITLE,EPISODE_DATE,EPISODE_SUMMARY,EPISODE_CREATE_DATE,EPISODE_PRICE,EPISODE_CONTENTS) values (66,44,'5회',to_date('14/08/11','RR/MM/DD'),'1군 멤버들이 텐트를 비우는 공연 시간을 이용해 시엘은 잠입 조사를 시작한다. 한편, 세바스찬은 다리를 다친 웬디의 대타로 서커스에 출연하게 되는데...',to_date('19/07/31','RR/MM/DD'),800,'example.mp4');
Insert into JAVER.SERIES_EPISODES (EPISODE_NO,VOD_NO,EPISODE_TITLE,EPISODE_DATE,EPISODE_SUMMARY,EPISODE_CREATE_DATE,EPISODE_PRICE,EPISODE_CONTENTS) values (67,45,'1회',to_date('14/08/18','RR/MM/DD'),'세바스찬과 만나기 전, 그리고 자신의 손으로 소중한 사람을 없애야만 했던 기억들의 악몽에 시달리는 시엘. 한편, 세바스찬은 비스트의 약해진 마음에 파고들어 모든 진상을 파악한다.',to_date('19/07/31','RR/MM/DD'),1400,'example.mp4');
Insert into JAVER.SERIES_EPISODES (EPISODE_NO,VOD_NO,EPISODE_TITLE,EPISODE_DATE,EPISODE_SUMMARY,EPISODE_CREATE_DATE,EPISODE_PRICE,EPISODE_CONTENTS) values (68,45,'2회',to_date('14/08/25','RR/MM/DD'),'조커는 아버님에게 서커스 단원으로 침입했었던 소년과 청년에 대해 말한다. 그런데 이 말을 듣자 아버님, 켈빈 남작은 크게 기뻐하며 조커에게 파티를 준비하라 하는데...',to_date('19/07/31','RR/MM/DD'),1400,'example.mp4');
Insert into JAVER.SERIES_EPISODES (EPISODE_NO,VOD_NO,EPISODE_TITLE,EPISODE_DATE,EPISODE_SUMMARY,EPISODE_CREATE_DATE,EPISODE_PRICE,EPISODE_CONTENTS) values (69,45,'3회',to_date('14/09/01','RR/MM/DD'),'아름다운 달과 같은 팬텀하이브 가의 일족을 본 켈빈은 필사적으로 그들과 가까워질 수 있도록 노력한다. 그런데 그의 욕망은 점차 이상한 방향을 향하기 시작하는데... 한편, 오랜 근신에서 풀려난 그렐은 데스사이즈를 들고 세바스찬이 있는 곳으로 향한다.',to_date('19/07/31','RR/MM/DD'),1400,'example.mp4');
Insert into JAVER.SERIES_EPISODES (EPISODE_NO,VOD_NO,EPISODE_TITLE,EPISODE_DATE,EPISODE_SUMMARY,EPISODE_CREATE_DATE,EPISODE_PRICE,EPISODE_CONTENTS) values (70,45,'4회',to_date('14/09/08','RR/MM/DD'),'팬텀하이브 백작가에 숨어들어온 서커스 멤버들은 전투에 특화되어 있는 저택의 시종들에게 무참히 진압당한다. 결국 대거와 비스트도 타깃 수색을 포기하고 저택을 나가려하지만… 한편, 시엘과 세바스찬이 있는 곳에는 또 다른 방문객이 등장한다.',to_date('19/07/31','RR/MM/DD'),1400,'example.mp4');
Insert into JAVER.SERIES_EPISODES (EPISODE_NO,VOD_NO,EPISODE_TITLE,EPISODE_DATE,EPISODE_SUMMARY,EPISODE_CREATE_DATE,EPISODE_PRICE,EPISODE_CONTENTS) values (71,45,'5회',to_date('14/09/15','RR/MM/DD'),'저택과 함께 켈빈 남작과 조커를 불태워버린 세바스찬과 시엘은 조용히 밖으로 걸어나온다. 조커를 찾아 뒤늦게 도착한 돌은 시엘의 말을 듣고 격분하는데.',to_date('19/07/31','RR/MM/DD'),1400,'example.mp4');
Insert into JAVER.SERIES_EPISODES (EPISODE_NO,VOD_NO,EPISODE_TITLE,EPISODE_DATE,EPISODE_SUMMARY,EPISODE_CREATE_DATE,EPISODE_PRICE,EPISODE_CONTENTS) values (72,48,'1회',to_date('14/03/19','RR/MM/DD'),'2014년 2학기, 선생님들 사이의 소통과 협력을 통해 전국으로 급속도로 확산된 거꾸로교실의 열기를 추적하며, 공교육 혁신의 가능성과 방향을 읽어본다.',to_date('19/07/31','RR/MM/DD'),1100,'example.mp4');
Insert into JAVER.SERIES_EPISODES (EPISODE_NO,VOD_NO,EPISODE_TITLE,EPISODE_DATE,EPISODE_SUMMARY,EPISODE_CREATE_DATE,EPISODE_PRICE,EPISODE_CONTENTS) values (73,48,'2회',to_date('14/03/20','RR/MM/DD'),'고교입시에서 뒤처진 하위권 학생들이 모인 경기 오산 매홀고에서 거꾸로 교실을 시도하기 시작하며 일어난 변화를 조명한다.',to_date('19/07/31','RR/MM/DD'),1100,'example.mp4');
Insert into JAVER.SERIES_EPISODES (EPISODE_NO,VOD_NO,EPISODE_TITLE,EPISODE_DATE,EPISODE_SUMMARY,EPISODE_CREATE_DATE,EPISODE_PRICE,EPISODE_CONTENTS) values (74,48,'3회',to_date('14/03/27','RR/MM/DD'),'획일화된 수업이 사라진 교실에 상상을 뛰어넘는 새로운 수업방법이 급증하고, 나아가 학생들 스스로 찾고 만들어내기 위해 함께 머리를 맞대는 모습을 조명한다.',to_date('19/07/31','RR/MM/DD'),1100,'example.mp4');
Insert into JAVER.SERIES_EPISODES (EPISODE_NO,VOD_NO,EPISODE_TITLE,EPISODE_DATE,EPISODE_SUMMARY,EPISODE_CREATE_DATE,EPISODE_PRICE,EPISODE_CONTENTS) values (75,48,'4회',to_date('14/04/03','RR/MM/DD'),'거꾸로 교실이 궤도에 들어서며 한때 낙오됐던 아이들의 잠재력이 되살아나고, 학업 뿐 아니라 성격과 태도에도 큰 변화를 보이는 사례들을 만난다.',to_date('19/07/31','RR/MM/DD'),1100,'example.mp4');
Insert into JAVER.SERIES_EPISODES (EPISODE_NO,VOD_NO,EPISODE_TITLE,EPISODE_DATE,EPISODE_SUMMARY,EPISODE_CREATE_DATE,EPISODE_PRICE,EPISODE_CONTENTS) values (76,49,'1회',to_date('18/03/06','RR/MM/DD'),'TV최초 1대 多 토론
세상을 향해 돌직구를 날리고 싶은 12명의 청년들과
그들의 선택을 받은 단 1명의 고수가 맞붙는 tvN 토론대첩_도장깨기!
▶도전장?! 언제든지 환영한다! 토론독사 최진기
▶오늘만큼은 강의 듣던 학생이 아니다!
▶하수에겐 사부가 있다!
▶총 4라운드로 펼쳐지는 <진기도장> 현판을 건 토론대첩!
연륜으로 중무장한 고수냐? 혹독한 훈련을 거친 하수냐?
한 치 앞을 예상할 수 없는 tvN 토론대첩 ? 도장깨기',to_date('19/07/31','RR/MM/DD'),1100,'example.mp4');
Insert into JAVER.SERIES_EPISODES (EPISODE_NO,VOD_NO,EPISODE_TITLE,EPISODE_DATE,EPISODE_SUMMARY,EPISODE_CREATE_DATE,EPISODE_PRICE,EPISODE_CONTENTS) values (77,49,'2회',to_date('18/03/13','RR/MM/DD'),'군대 없애면 되겠네요? 두 번째 고수 이준석 등장!',to_date('19/07/31','RR/MM/DD'),1100,'example.mp4');
Insert into JAVER.SERIES_EPISODES (EPISODE_NO,VOD_NO,EPISODE_TITLE,EPISODE_DATE,EPISODE_SUMMARY,EPISODE_CREATE_DATE,EPISODE_PRICE,EPISODE_CONTENTS) values (78,49,'3회',to_date('18/03/20','RR/MM/DD'),'고수 曰, "엄마라고 생각하세요~??!!!"
취업은? 돈은? 결혼은? 너 이 험한 세상에서 어떻게 살려고 그래!
정말 너무나도 "현실 속" 엄마 같은 전여옥 고수가 등장한다!
마치 오늘 아침에 엄마에게 들은 것만 같은 잔소리 폭격으로 무장한 고수와
한 달 넘게 집중 훈련을 받은 하수들이 벌이는 난상토론 전/격/공/개
tvN 토론대첩_도장깨기 지금 시작합니다!',to_date('19/07/31','RR/MM/DD'),1100,'example.mp4');
Insert into JAVER.SERIES_EPISODES (EPISODE_NO,VOD_NO,EPISODE_TITLE,EPISODE_DATE,EPISODE_SUMMARY,EPISODE_CREATE_DATE,EPISODE_PRICE,EPISODE_CONTENTS) values (79,49,'4회',to_date('18/03/27','RR/MM/DD'),'고수 진중권, 20대 하수 상대로 편파판정 문제제기?',to_date('19/07/31','RR/MM/DD'),1100,'example.mp4');
Insert into JAVER.SERIES_EPISODES (EPISODE_NO,VOD_NO,EPISODE_TITLE,EPISODE_DATE,EPISODE_SUMMARY,EPISODE_CREATE_DATE,EPISODE_PRICE,EPISODE_CONTENTS) values (80,56,'1회',to_date('13/12/23','RR/MM/DD'),'어부인 돌돌과 성훈에게 붙잡힌 자두 공주!
시장에서 구경거리가 된 자두공주를 윤석왕자가 구해준다.
둘의 사랑은 깊어만 가는데.. 방해꾼 은희공주의 등장!
자두공주와 윤석왕자의 운명은 어떻게 될 것인가!',to_date('19/07/31','RR/MM/DD'),800,'example.mp4');
Insert into JAVER.SERIES_EPISODES (EPISODE_NO,VOD_NO,EPISODE_TITLE,EPISODE_DATE,EPISODE_SUMMARY,EPISODE_CREATE_DATE,EPISODE_PRICE,EPISODE_CONTENTS) values (81,57,'1회',to_date('96/01/01','RR/MM/DD'),'크레커에 치즈를 얹어 먹는것을 가장 좋아하는 월레스는 치즈가 떨어진 것을 발견하고 달나라로 갈 계획을 세운다. 마침내 로케트를 만들어 치즈로 된 달에 착륙하지만 달에는 정체를 알 수 없는 경비병이 있는데...',to_date('19/07/31','RR/MM/DD'),500,'example.mp4');
Insert into JAVER.SERIES_EPISODES (EPISODE_NO,VOD_NO,EPISODE_TITLE,EPISODE_DATE,EPISODE_SUMMARY,EPISODE_CREATE_DATE,EPISODE_PRICE,EPISODE_CONTENTS) values (82,57,'2회',to_date('96/01/01','RR/MM/DD'),'충실한개 그로밋의 생일, 발명가인 월레스는 생일 선물로 `전자바지`를 선물한다. 첨단공법으로 만들어진 전자바지는 무슨일이든지 척척해내는 만능바지이다. 그러나 선물제작에 많은 돈을 쓴 월레스는 이를 충당하기 위해 하숙을 놓게 된다. 광고를 보고 세를 들어 온 펭귄 맥그로우, 그는 처음엔 친절한 척 월레스의 환심을 사지만....',to_date('19/07/31','RR/MM/DD'),500,'example.mp4');
Insert into JAVER.SERIES_EPISODES (EPISODE_NO,VOD_NO,EPISODE_TITLE,EPISODE_DATE,EPISODE_SUMMARY,EPISODE_CREATE_DATE,EPISODE_PRICE,EPISODE_CONTENTS) values (83,57,'3회',to_date('96/01/01','RR/MM/DD'),'신문마다 양털이 부족한 사태로 떠들석 하고, 한편으론 양들의 실종 사건이 벌어진다. 부업으로 창문닦이 서비스를 하고 있던 월레스와 그로 밋은 웬돌린이란 여인이 경영하는 털실가게의 쇼윈도우를 닦아 달라는 의뢰를 받는다. 웬돌린에게 한눈에 반한 웰레스, 하지만 웬돌린은 뭔가를 숨기고 있는듯하고...',to_date('19/07/31','RR/MM/DD'),500,'example.mp4');
REM INSERTING into JAVER.SERIES_LIKES
SET DEFINE OFF;
Insert into JAVER.SERIES_LIKES (LIKE_NO,VOD_NO,USER_ID,LIKE_CREATE_DATE) values (1,3,'series1',to_date('19/07/31','RR/MM/DD'));
Insert into JAVER.SERIES_LIKES (LIKE_NO,VOD_NO,USER_ID,LIKE_CREATE_DATE) values (3,7,'series1',to_date('19/07/31','RR/MM/DD'));
Insert into JAVER.SERIES_LIKES (LIKE_NO,VOD_NO,USER_ID,LIKE_CREATE_DATE) values (4,50,'series1',to_date('19/07/31','RR/MM/DD'));
Insert into JAVER.SERIES_LIKES (LIKE_NO,VOD_NO,USER_ID,LIKE_CREATE_DATE) values (5,2,'series2',to_date('19/07/31','RR/MM/DD'));
Insert into JAVER.SERIES_LIKES (LIKE_NO,VOD_NO,USER_ID,LIKE_CREATE_DATE) values (6,3,'series2',to_date('19/07/31','RR/MM/DD'));
Insert into JAVER.SERIES_LIKES (LIKE_NO,VOD_NO,USER_ID,LIKE_CREATE_DATE) values (7,4,'series2',to_date('19/07/31','RR/MM/DD'));
Insert into JAVER.SERIES_LIKES (LIKE_NO,VOD_NO,USER_ID,LIKE_CREATE_DATE) values (8,5,'series2',to_date('19/07/31','RR/MM/DD'));
Insert into JAVER.SERIES_LIKES (LIKE_NO,VOD_NO,USER_ID,LIKE_CREATE_DATE) values (9,7,'series2',to_date('19/07/31','RR/MM/DD'));
Insert into JAVER.SERIES_LIKES (LIKE_NO,VOD_NO,USER_ID,LIKE_CREATE_DATE) values (10,3,'series3',to_date('19/07/31','RR/MM/DD'));
Insert into JAVER.SERIES_LIKES (LIKE_NO,VOD_NO,USER_ID,LIKE_CREATE_DATE) values (11,7,'series3',to_date('19/07/31','RR/MM/DD'));
Insert into JAVER.SERIES_LIKES (LIKE_NO,VOD_NO,USER_ID,LIKE_CREATE_DATE) values (12,20,'series3',to_date('19/07/31','RR/MM/DD'));
Insert into JAVER.SERIES_LIKES (LIKE_NO,VOD_NO,USER_ID,LIKE_CREATE_DATE) values (13,21,'series3',to_date('19/07/31','RR/MM/DD'));
Insert into JAVER.SERIES_LIKES (LIKE_NO,VOD_NO,USER_ID,LIKE_CREATE_DATE) values (14,22,'series3',to_date('19/07/31','RR/MM/DD'));
Insert into JAVER.SERIES_LIKES (LIKE_NO,VOD_NO,USER_ID,LIKE_CREATE_DATE) values (15,23,'series3',to_date('19/07/31','RR/MM/DD'));
Insert into JAVER.SERIES_LIKES (LIKE_NO,VOD_NO,USER_ID,LIKE_CREATE_DATE) values (16,3,'series4',to_date('19/08/18','RR/MM/DD'));
Insert into JAVER.SERIES_LIKES (LIKE_NO,VOD_NO,USER_ID,LIKE_CREATE_DATE) values (17,7,'series4',to_date('19/08/18','RR/MM/DD'));
Insert into JAVER.SERIES_LIKES (LIKE_NO,VOD_NO,USER_ID,LIKE_CREATE_DATE) values (18,20,'series4',to_date('19/08/18','RR/MM/DD'));
Insert into JAVER.SERIES_LIKES (LIKE_NO,VOD_NO,USER_ID,LIKE_CREATE_DATE) values (19,50,'series4',to_date('19/08/18','RR/MM/DD'));
Insert into JAVER.SERIES_LIKES (LIKE_NO,VOD_NO,USER_ID,LIKE_CREATE_DATE) values (23,9,'series1',to_date('19/08/18','RR/MM/DD'));
Insert into JAVER.SERIES_LIKES (LIKE_NO,VOD_NO,USER_ID,LIKE_CREATE_DATE) values (24,9,'series2',to_date('19/08/18','RR/MM/DD'));
Insert into JAVER.SERIES_LIKES (LIKE_NO,VOD_NO,USER_ID,LIKE_CREATE_DATE) values (25,9,'series3',to_date('19/08/18','RR/MM/DD'));
Insert into JAVER.SERIES_LIKES (LIKE_NO,VOD_NO,USER_ID,LIKE_CREATE_DATE) values (26,9,'series4',to_date('19/08/18','RR/MM/DD'));
Insert into JAVER.SERIES_LIKES (LIKE_NO,VOD_NO,USER_ID,LIKE_CREATE_DATE) values (27,9,'series5',to_date('19/08/18','RR/MM/DD'));
Insert into JAVER.SERIES_LIKES (LIKE_NO,VOD_NO,USER_ID,LIKE_CREATE_DATE) values (28,10,'series5',to_date('19/08/18','RR/MM/DD'));
Insert into JAVER.SERIES_LIKES (LIKE_NO,VOD_NO,USER_ID,LIKE_CREATE_DATE) values (29,10,'series3',to_date('19/08/18','RR/MM/DD'));
Insert into JAVER.SERIES_LIKES (LIKE_NO,VOD_NO,USER_ID,LIKE_CREATE_DATE) values (30,10,'series1',to_date('19/08/18','RR/MM/DD'));
Insert into JAVER.SERIES_LIKES (LIKE_NO,VOD_NO,USER_ID,LIKE_CREATE_DATE) values (31,11,'series1',to_date('19/08/18','RR/MM/DD'));
Insert into JAVER.SERIES_LIKES (LIKE_NO,VOD_NO,USER_ID,LIKE_CREATE_DATE) values (32,11,'series2',to_date('19/08/18','RR/MM/DD'));
Insert into JAVER.SERIES_LIKES (LIKE_NO,VOD_NO,USER_ID,LIKE_CREATE_DATE) values (33,12,'series2',to_date('19/08/18','RR/MM/DD'));
Insert into JAVER.SERIES_LIKES (LIKE_NO,VOD_NO,USER_ID,LIKE_CREATE_DATE) values (34,15,'series2',to_date('19/08/18','RR/MM/DD'));
Insert into JAVER.SERIES_LIKES (LIKE_NO,VOD_NO,USER_ID,LIKE_CREATE_DATE) values (35,15,'series1',to_date('19/08/18','RR/MM/DD'));
Insert into JAVER.SERIES_LIKES (LIKE_NO,VOD_NO,USER_ID,LIKE_CREATE_DATE) values (36,15,'series3',to_date('19/08/18','RR/MM/DD'));
Insert into JAVER.SERIES_LIKES (LIKE_NO,VOD_NO,USER_ID,LIKE_CREATE_DATE) values (37,15,'series4',to_date('19/08/18','RR/MM/DD'));
Insert into JAVER.SERIES_LIKES (LIKE_NO,VOD_NO,USER_ID,LIKE_CREATE_DATE) values (38,15,'series5',to_date('19/08/18','RR/MM/DD'));
Insert into JAVER.SERIES_LIKES (LIKE_NO,VOD_NO,USER_ID,LIKE_CREATE_DATE) values (39,16,'series5',to_date('19/08/18','RR/MM/DD'));
Insert into JAVER.SERIES_LIKES (LIKE_NO,VOD_NO,USER_ID,LIKE_CREATE_DATE) values (40,16,'series4',to_date('19/08/18','RR/MM/DD'));
Insert into JAVER.SERIES_LIKES (LIKE_NO,VOD_NO,USER_ID,LIKE_CREATE_DATE) values (41,16,'series3',to_date('19/08/18','RR/MM/DD'));
Insert into JAVER.SERIES_LIKES (LIKE_NO,VOD_NO,USER_ID,LIKE_CREATE_DATE) values (42,16,'series2',to_date('19/08/18','RR/MM/DD'));
Insert into JAVER.SERIES_LIKES (LIKE_NO,VOD_NO,USER_ID,LIKE_CREATE_DATE) values (43,16,'series1',to_date('19/08/18','RR/MM/DD'));
Insert into JAVER.SERIES_LIKES (LIKE_NO,VOD_NO,USER_ID,LIKE_CREATE_DATE) values (89,60,'series1',to_date('19/08/08','RR/MM/DD'));
REM INSERTING into JAVER.SERIES_NOTICES
SET DEFINE OFF;
Insert into JAVER.SERIES_NOTICES (NOTICE_NO,NOTICE_TITLE,NOTICE_CONTENTS,NOTICE_CREATE_DATE) values (1,'테스트1 제목입니다','테스트1 내용입니다',to_date('19/07/26','RR/MM/DD'));
Insert into JAVER.SERIES_NOTICES (NOTICE_NO,NOTICE_TITLE,NOTICE_CONTENTS,NOTICE_CREATE_DATE) values (21,'테스트2 제목입니다','테스트2 내용입니다',to_date('19/07/30','RR/MM/DD'));
Insert into JAVER.SERIES_NOTICES (NOTICE_NO,NOTICE_TITLE,NOTICE_CONTENTS,NOTICE_CREATE_DATE) values (22,'테스트3 제목입니다.','테스트3 내용입니다.',to_date('19/07/30','RR/MM/DD'));
Insert into JAVER.SERIES_NOTICES (NOTICE_NO,NOTICE_TITLE,NOTICE_CONTENTS,NOTICE_CREATE_DATE) values (23,'테스트5 제목입니다.','테스트5 내용입니다.',to_date('19/07/30','RR/MM/DD'));
Insert into JAVER.SERIES_NOTICES (NOTICE_NO,NOTICE_TITLE,NOTICE_CONTENTS,NOTICE_CREATE_DATE) values (24,'테스트4 제목입니다.','테스트4 내용입니다.',to_date('19/07/30','RR/MM/DD'));
Insert into JAVER.SERIES_NOTICES (NOTICE_NO,NOTICE_TITLE,NOTICE_CONTENTS,NOTICE_CREATE_DATE) values (25,'테스트6 제목입니다.','테스트6 내용입니다.',to_date('19/07/30','RR/MM/DD'));
Insert into JAVER.SERIES_NOTICES (NOTICE_NO,NOTICE_TITLE,NOTICE_CONTENTS,NOTICE_CREATE_DATE) values (26,'테스트7 제목입니다.','테스트7 내용입니다.',to_date('19/07/30','RR/MM/DD'));
Insert into JAVER.SERIES_NOTICES (NOTICE_NO,NOTICE_TITLE,NOTICE_CONTENTS,NOTICE_CREATE_DATE) values (27,'테스트8 제목입니다.','테스트8 내용입니다.',to_date('19/07/30','RR/MM/DD'));
Insert into JAVER.SERIES_NOTICES (NOTICE_NO,NOTICE_TITLE,NOTICE_CONTENTS,NOTICE_CREATE_DATE) values (28,'테스트9 제목입니다.','테스트9 내용입니다.',to_date('19/07/30','RR/MM/DD'));
Insert into JAVER.SERIES_NOTICES (NOTICE_NO,NOTICE_TITLE,NOTICE_CONTENTS,NOTICE_CREATE_DATE) values (29,'테스트10 제목입니다.','테스트10 내용입니다.',to_date('19/07/30','RR/MM/DD'));
Insert into JAVER.SERIES_NOTICES (NOTICE_NO,NOTICE_TITLE,NOTICE_CONTENTS,NOTICE_CREATE_DATE) values (30,'테스트11 제목입니다.','테스트11 내용입니다.',to_date('19/07/30','RR/MM/DD'));
Insert into JAVER.SERIES_NOTICES (NOTICE_NO,NOTICE_TITLE,NOTICE_CONTENTS,NOTICE_CREATE_DATE) values (31,'테스트13 제목입니다.','테스트13 내용입니다.',to_date('19/07/30','RR/MM/DD'));
Insert into JAVER.SERIES_NOTICES (NOTICE_NO,NOTICE_TITLE,NOTICE_CONTENTS,NOTICE_CREATE_DATE) values (32,'테스트12 제목입니다.','테스트12 내용입니다.',to_date('19/07/30','RR/MM/DD'));
Insert into JAVER.SERIES_NOTICES (NOTICE_NO,NOTICE_TITLE,NOTICE_CONTENTS,NOTICE_CREATE_DATE) values (33,'테스트14 제목입니다.','테스트14 내용입니다.',to_date('19/07/30','RR/MM/DD'));
Insert into JAVER.SERIES_NOTICES (NOTICE_NO,NOTICE_TITLE,NOTICE_CONTENTS,NOTICE_CREATE_DATE) values (34,'테스트15 제목입니다.','테스트15 내용입니다.',to_date('19/07/30','RR/MM/DD'));
Insert into JAVER.SERIES_NOTICES (NOTICE_NO,NOTICE_TITLE,NOTICE_CONTENTS,NOTICE_CREATE_DATE) values (35,'[공지] 선물하기 서비스 종료 안내','<p style="font-family: 나눔고딕, nanumgothic, 돋움, Dotum, Helvetica, &quot;Apple SD Gothic Neo&quot;, sans-serif;"><span style="font-size: 9pt;">안녕하세요.&nbsp;</span><span style="font-size: 9pt;">네이버 시리즈입니다.</span>&nbsp;</p><p style="font-family: 나눔고딕, nanumgothic, 돋움, Dotum, Helvetica, &quot;Apple SD Gothic Neo&quot;, sans-serif;">&nbsp;</p><p style="font-family: 나눔고딕, nanumgothic, 돋움, Dotum, Helvetica, &quot;Apple SD Gothic Neo&quot;, sans-serif;">영화/방송 선물하기 기능이 2019년 8월 22일을 기점으로 서비스 종료될 예정입니다.</p><p style="font-family: 나눔고딕, nanumgothic, 돋움, Dotum, Helvetica, &quot;Apple SD Gothic Neo&quot;, sans-serif;">미수락한 선물 수락 및 기존 선물내역 확인은&nbsp;<span style="color: rgb(0, 158, 37);"><a href="https://pay.naver.com/mygift/s" style="text-decoration-line: none;">네이버페이 &gt; 선물함</a></span>에서&nbsp;가능합니다.</p><p style="font-family: 나눔고딕, nanumgothic, 돋움, Dotum, Helvetica, &quot;Apple SD Gothic Neo&quot;, sans-serif;">&nbsp;</p><p style="font-family: 나눔고딕, nanumgothic, 돋움, Dotum, Helvetica, &quot;Apple SD Gothic Neo&quot;, sans-serif;">관련한 문의사항이 있으신 경우 고객센터를 통해 문의 부탁드립니다.</p><p style="font-family: 나눔고딕, nanumgothic, 돋움, Dotum, Helvetica, &quot;Apple SD Gothic Neo&quot;, sans-serif;">감사합니다.</p>',to_date('19/07/30','RR/MM/DD'));
Insert into JAVER.SERIES_NOTICES (NOTICE_NO,NOTICE_TITLE,NOTICE_CONTENTS,NOTICE_CREATE_DATE) values (36,'[공지] iOS OS 10 미만 버전 업데이트 지원종료 안내','<div style="font-family: 돋움, Dotum, AppleGothic, sans-serif; color: rgb(51, 51, 51);">안녕하세요,</div><div style="font-family: 돋움, Dotum, AppleGothic, sans-serif; color: rgb(51, 51, 51);">네이버 시리즈온 입니다.</div><div style="font-family: 돋움, Dotum, AppleGothic, sans-serif; color: rgb(51, 51, 51);"><br></div><div style="font-family: 돋움, Dotum, AppleGothic, sans-serif; color: rgb(51, 51, 51);">이후 업데이트될 시리즈온 앱 3.0.6 버전부터는</div><div style="font-family: 돋움, Dotum, AppleGothic, sans-serif; color: rgb(51, 51, 51);">iOS OS 10 미만 버전에 대한 업데이트 지원이 종료됩니다.&nbsp;</div><div style="font-family: 돋움, Dotum, AppleGothic, sans-serif; color: rgb(51, 51, 51);"><br></div><div style="font-family: 돋움, Dotum, AppleGothic, sans-serif; color: rgb(51, 51, 51);">지원 종료 대상 iOS OS 버전에서 사용하고 계신 시리즈온 앱의 경우</div><div style="font-family: 돋움, Dotum, AppleGothic, sans-serif; color: rgb(51, 51, 51);">기존과 같이 사용은 가능하나, 이후 후속 버전으로의 앱 업데이트는 진행하실 수 없습니다.</div><div style="font-family: 돋움, Dotum, AppleGothic, sans-serif; color: rgb(51, 51, 51);">?</div><div style="font-family: 돋움, Dotum, AppleGothic, sans-serif; color: rgb(51, 51, 51);">시리즈온 앱 뿐만 아니라 다른 여러 앱의 원활한 이용을 위하여</div><div style="font-family: 돋움, Dotum, AppleGothic, sans-serif; color: rgb(51, 51, 51);">사용하시는 기기의 OS버전 체크하신 후 iOS OS 버전 업데이트를 권장드립니다.</div><div style="font-family: 돋움, Dotum, AppleGothic, sans-serif; color: rgb(51, 51, 51);"><br></div><div style="font-family: 돋움, Dotum, AppleGothic, sans-serif; color: rgb(51, 51, 51);">업데이트를 원하지 않을 경우에는&nbsp;<span style="font-size: 9pt;">PC 웹을 통해 서비스 이용이 가능하오니 PC웹 사용을 부탁드립니다.&nbsp;&nbsp;</span></div><div style="font-family: 돋움, Dotum, AppleGothic, sans-serif; color: rgb(51, 51, 51);"><br></div><div style="font-family: 돋움, Dotum, AppleGothic, sans-serif; color: rgb(51, 51, 51);"><a href="https://series.naver.com/" style="text-decoration-line: none;">https://series.naver.com</a></div><div style="font-family: 돋움, Dotum, AppleGothic, sans-serif; color: rgb(51, 51, 51);">?</div><div style="font-family: 돋움, Dotum, AppleGothic, sans-serif; color: rgb(51, 51, 51);">감사합니다.</div>',to_date('19/07/30','RR/MM/DD'));
Insert into JAVER.SERIES_NOTICES (NOTICE_NO,NOTICE_TITLE,NOTICE_CONTENTS,NOTICE_CREATE_DATE) values (38,'[영화/방송] 7월의 마지막 날 전 상품 할인!','<p style="color: rgb(85, 85, 85); font-family: 돋움, Dotum, AppleGothic, sans-serif;"><span style="font-family: 나눔고딕, 돋움; font-size: 10pt;">안녕하세요,</span></p><p style="color: rgb(85, 85, 85); font-family: 돋움, Dotum, AppleGothic, sans-serif;"><span style="font-family: 나눔고딕, 돋움; font-size: 10pt;">네이버&nbsp;</span><strong><font color="#000000"><span style="font-family: 나눔고딕, 돋움; font-size: 10pt;">시리즈(SERIES)</span></font></strong><span style="font-family: 나눔고딕, 돋움; font-size: 10pt;">&nbsp;영화/방송 입니다.</span></p><p style="color: rgb(85, 85, 85); font-family: 돋움, Dotum, AppleGothic, sans-serif;">&nbsp;</p><p style="color: rgb(85, 85, 85); font-family: 돋움, Dotum, AppleGothic, sans-serif;"><span style="font-family: 나눔고딕, 돋움; font-size: 10pt;"><strong>7월 31일 하루 동안 구매자 전원 300원</strong>&nbsp;할인을 해드립니다!</span></p><p style="color: rgb(85, 85, 85); font-family: 돋움, Dotum, AppleGothic, sans-serif;">&nbsp;</p><p style="color: rgb(85, 85, 85); font-family: 돋움, Dotum, AppleGothic, sans-serif;"><span style="font-family: 나눔고딕, 돋움; font-size: 10pt;"><strong style="font-size: 9pt;"><span style="font-size: 10pt;"><br></span></strong></span></p><p style="color: rgb(85, 85, 85); font-family: 돋움, Dotum, AppleGothic, sans-serif;"><span style="font-family: 나눔고딕, 돋움; font-size: 10pt;"><strong style="font-size: 9pt;"><span style="font-size: 10pt;">할인 기간</span></strong><span style="font-size: 10pt;">&nbsp;</span><span style="font-size: 10pt;">: 7월 31일 00시 00분 ~ 7월 31일 23시 59분</span></span></p><p style="color: rgb(85, 85, 85); font-family: 돋움, Dotum, AppleGothic, sans-serif;">&nbsp;</p><p style="color: rgb(85, 85, 85); font-family: 돋움, Dotum, AppleGothic, sans-serif;"><strong><span style="font-family: 나눔고딕, 돋움; font-size: 10pt;">혜택 대상</span></strong><span style="font-family: 나눔고딕, 돋움; font-size: 10pt;">&nbsp;</span><span style="font-family: 나눔고딕, 돋움; font-size: 10pt;">: 영화 또는 방송 구매자</span></p><p style="color: rgb(85, 85, 85); font-family: 돋움, Dotum, AppleGothic, sans-serif;">&nbsp;</p><p style="color: rgb(85, 85, 85); font-family: 돋움, Dotum, AppleGothic, sans-serif;"><font face="나눔고딕, 돋움"><span style="font-size: 10pt;">항상 저희 서비스를 이용해주셔서 감사드리며,</span></font></p><p style="color: rgb(85, 85, 85); font-family: 돋움, Dotum, AppleGothic, sans-serif;"><font face="나눔고딕, 돋움"><span style="font-size: 10pt;">행복한 하루 보내세요. :D♥</span></font></p>',to_date('19/07/30','RR/MM/DD'));
Insert into JAVER.SERIES_NOTICES (NOTICE_NO,NOTICE_TITLE,NOTICE_CONTENTS,NOTICE_CREATE_DATE) values (40,'[점검안내] 8월 1일 페이 작업 및 사용제한 관련 안내','<div style="font-family: 돋움, Dotum, AppleGothic, sans-serif; color: rgb(51, 51, 51);"><span style="color: rgb(0, 0, 0);">안녕하세요.</span></div><div style="font-family: 돋움, Dotum, AppleGothic, sans-serif; color: rgb(51, 51, 51);"><span style="color: rgb(0, 0, 0);">네이버페이에서 아래와 같은&nbsp;<font color="#000000"><font color="#000000">시스템 작업이 진행됨에 따라</font></font></span></div><div style="font-family: 돋움, Dotum, AppleGothic, sans-serif; color: rgb(51, 51, 51);"><span style="color: rgb(0, 0, 0);"><font color="#000000"><font color="#000000">작업 시간 동안 일부 은행의 네이버페이 계좌 관련 서비스가 중단되어 공지 드립니다.</font></font></span><div><font color="#000000"><b>■ 서비스 중단 일시:</b></font></div></div><div style="font-family: 돋움, Dotum, AppleGothic, sans-serif; color: rgb(51, 51, 51);"><font color="#000000"><b>&nbsp; &nbsp;</b></font><b style="color: rgb(0, 0, 0);">2019년 8월 01일 23시 30분 ~ 24시</b></div><div style="font-family: 돋움, Dotum, AppleGothic, sans-serif; color: rgb(51, 51, 51);"><b style="color: rgb(0, 0, 0);">■ 서비스 중단 영향:&nbsp;</b></div><div style="font-family: 돋움, Dotum, AppleGothic, sans-serif; color: rgb(51, 51, 51);"><font color="#000000"><b>&nbsp; &nbsp;- 결제 서비스</b></font></div><div style="font-family: 돋움, Dotum, AppleGothic, sans-serif; color: rgb(51, 51, 51);"><font color="#000000">&nbsp;&nbsp;</font></div><div style="font-family: 돋움, Dotum, AppleGothic, sans-serif; color: rgb(51, 51, 51);"><font color="#000000">※ 서비스 재개는 시스템 점검 상황에 따라 변경될 수 있습니다.</font></div><div style="font-family: 돋움, Dotum, AppleGothic, sans-serif; color: rgb(51, 51, 51);"><strong><u>※ 충전해 두신 페이포인트 사용은 가능하오니 컨텐츠 구매시 참고하여 이용해 주시길 바랍니다.</u></strong></div><div style="font-family: 돋움, Dotum, AppleGothic, sans-serif; color: rgb(51, 51, 51);"><font color="#000000"><br></font></div><div style="font-family: 돋움, Dotum, AppleGothic, sans-serif; color: rgb(51, 51, 51);"><font color="#000000">서비스 이용에 불편을 드려 죄송합니다.</font></div><div style="font-family: 돋움, Dotum, AppleGothic, sans-serif; color: rgb(51, 51, 51);"><font color="#000000">감사합니다.</font></div>',to_date('19/07/30','RR/MM/DD'));
Insert into JAVER.SERIES_NOTICES (NOTICE_NO,NOTICE_TITLE,NOTICE_CONTENTS,NOTICE_CREATE_DATE) values (41,'[공지] 분사 및 약관변경 관련 안내드립니다.','<p style="margin: 0cm 0cm 0pt; color: rgb(85, 85, 85); font-family: 돋움, Dotum, AppleGothic, sans-serif; line-height: normal;"><font size="2"><font face="맑은 고딕">안녕하세요.<span lang="EN-US">&nbsp;N스토어</span>입니다<span lang="EN-US">.</span></font></font></p><p style="color: rgb(85, 85, 85); font-family: 돋움, Dotum, AppleGothic, sans-serif;"><font face="굴림" size="3"><font face="굴림" size="3"><font face="맑은 고딕" size="2"><br></font></font></font></p><p style="color: rgb(85, 85, 85); font-family: 돋움, Dotum, AppleGothic, sans-serif;"><font face="굴림" size="3"><font face="굴림" size="3"><font face="맑은 고딕" size="2">유료컨텐츠 경쟁력 강화와 전문성 제고를 위해<span lang="EN-US">, 방송</span>사업은&nbsp;</font></font><font face="굴림" size="3"></font></font>&nbsp;</p><p style="margin: 0cm 0cm 0pt; color: rgb(85, 85, 85); font-family: 돋움, Dotum, AppleGothic, sans-serif; line-height: normal;"><font size="2"><font face="맑은 고딕"><span lang="EN-US">2018</span>년<span lang="EN-US">&nbsp;11</span>월<span lang="EN-US">&nbsp;1</span>일부터 네이버에서<span lang="EN-US">&nbsp;''N</span>스토어 주식회사<span lang="EN-US">''</span>로 이관됩니다<span lang="EN-US">.</span></font></font></p><p style="margin: 0cm 0cm 0pt; color: rgb(85, 85, 85); font-family: 돋움, Dotum, AppleGothic, sans-serif; line-height: normal;"><font size="2"><font face="맑은 고딕"><span lang="EN-US"><br></span></font></font></p><font size="2" style="color: rgb(85, 85, 85); font-family: 돋움, Dotum, AppleGothic, sans-serif;"><p style="margin: 0cm 0cm 0pt; line-height: normal;"><font face="맑은 고딕"><span lang="EN-US"><font face="맑은 고딕" size="2"><font face="맑은 고딕">11월 1일자로&nbsp;<font face="맑은 고딕"><span lang="EN-US">이후 별도로 1회&nbsp;동의절차만 진행하시면 바로 기존과 동일하게 이용이 가능하게 됩니다.</span></font></font></font></span></font></p><p style="margin: 0cm 0cm 0pt; line-height: normal;"><font face="맑은 고딕"><span lang="EN-US"><font face="맑은 고딕" size="2"><font face="맑은 고딕"><font face="맑은 고딕"><span lang="EN-US"><u><strong>기존 서비스 약관 및 쿠키 관련 약관내용도 법인변경에 따라 관련내용이 수정처리 되오니 이용에 참고 부탁드리겠습니다</strong></u>.</span></font></font></font></span></font></p><p style="margin: 0cm 0cm 0pt; line-height: normal;"><font face="맑은 고딕"><span lang="EN-US"><font face="맑은 고딕" size="2"><font face="맑은 고딕"><font face="맑은 고딕"><span lang="EN-US"><br></span></font></font></font></span></font></p><font face="맑은 고딕"><span lang="EN-US"><font face="맑은 고딕" size="2"><font face="맑은 고딕"><font face="맑은 고딕"><span lang="EN-US">감사합니다.</span></font></font></font></span></font></font>',to_date('19/07/30','RR/MM/DD'));
Insert into JAVER.SERIES_NOTICES (NOTICE_NO,NOTICE_TITLE,NOTICE_CONTENTS,NOTICE_CREATE_DATE) values (45,'[방송] 콘텐츠 가격인상 안내','<p>안녕하세요. LINK 팀입니다. </p><p>&nbsp;</p><p>2020년 1월 1일부로 전상품의 구매가격이 인상됩니다.&nbsp;</p><p>&nbsp;</p><p>서비스 이용에 참고 부탁드리며 보다 나은 서비스 제공을 위해 더욱 노력하겠습니다.&nbsp;</p><p>&nbsp;</p><p>감사합니다.</p>',to_date('19/07/30','RR/MM/DD'));
REM INSERTING into JAVER.SERIES_ORDERS
SET DEFINE OFF;
Insert into JAVER.SERIES_ORDERS (ORDER_NO,EPISODE_NO,USER_ID,ORDER_CREATE_DATE) values (292,48,'series2',to_date('19/08/13','RR/MM/DD'));
Insert into JAVER.SERIES_ORDERS (ORDER_NO,EPISODE_NO,USER_ID,ORDER_CREATE_DATE) values (293,50,'series2',to_date('19/08/13','RR/MM/DD'));
Insert into JAVER.SERIES_ORDERS (ORDER_NO,EPISODE_NO,USER_ID,ORDER_CREATE_DATE) values (294,57,'series2',to_date('19/08/13','RR/MM/DD'));
Insert into JAVER.SERIES_ORDERS (ORDER_NO,EPISODE_NO,USER_ID,ORDER_CREATE_DATE) values (295,32,'series1',to_date('19/08/13','RR/MM/DD'));
Insert into JAVER.SERIES_ORDERS (ORDER_NO,EPISODE_NO,USER_ID,ORDER_CREATE_DATE) values (5,1,'series2',to_date('19/07/30','RR/MM/DD'));
Insert into JAVER.SERIES_ORDERS (ORDER_NO,EPISODE_NO,USER_ID,ORDER_CREATE_DATE) values (6,2,'series2',to_date('19/07/30','RR/MM/DD'));
Insert into JAVER.SERIES_ORDERS (ORDER_NO,EPISODE_NO,USER_ID,ORDER_CREATE_DATE) values (7,3,'series2',to_date('19/07/30','RR/MM/DD'));
Insert into JAVER.SERIES_ORDERS (ORDER_NO,EPISODE_NO,USER_ID,ORDER_CREATE_DATE) values (8,4,'series2',to_date('19/07/30','RR/MM/DD'));
Insert into JAVER.SERIES_ORDERS (ORDER_NO,EPISODE_NO,USER_ID,ORDER_CREATE_DATE) values (9,7,'series2',to_date('19/07/30','RR/MM/DD'));
Insert into JAVER.SERIES_ORDERS (ORDER_NO,EPISODE_NO,USER_ID,ORDER_CREATE_DATE) values (10,8,'series2',to_date('19/07/30','RR/MM/DD'));
Insert into JAVER.SERIES_ORDERS (ORDER_NO,EPISODE_NO,USER_ID,ORDER_CREATE_DATE) values (11,9,'series2',to_date('19/07/30','RR/MM/DD'));
Insert into JAVER.SERIES_ORDERS (ORDER_NO,EPISODE_NO,USER_ID,ORDER_CREATE_DATE) values (12,10,'series2',to_date('19/07/30','RR/MM/DD'));
Insert into JAVER.SERIES_ORDERS (ORDER_NO,EPISODE_NO,USER_ID,ORDER_CREATE_DATE) values (13,11,'series2',to_date('19/07/30','RR/MM/DD'));
Insert into JAVER.SERIES_ORDERS (ORDER_NO,EPISODE_NO,USER_ID,ORDER_CREATE_DATE) values (14,12,'series2',to_date('19/07/30','RR/MM/DD'));
Insert into JAVER.SERIES_ORDERS (ORDER_NO,EPISODE_NO,USER_ID,ORDER_CREATE_DATE) values (15,15,'series2',to_date('19/07/30','RR/MM/DD'));
Insert into JAVER.SERIES_ORDERS (ORDER_NO,EPISODE_NO,USER_ID,ORDER_CREATE_DATE) values (16,16,'series2',to_date('19/07/30','RR/MM/DD'));
Insert into JAVER.SERIES_ORDERS (ORDER_NO,EPISODE_NO,USER_ID,ORDER_CREATE_DATE) values (17,17,'series2',to_date('19/07/30','RR/MM/DD'));
Insert into JAVER.SERIES_ORDERS (ORDER_NO,EPISODE_NO,USER_ID,ORDER_CREATE_DATE) values (18,18,'series2',to_date('19/07/30','RR/MM/DD'));
Insert into JAVER.SERIES_ORDERS (ORDER_NO,EPISODE_NO,USER_ID,ORDER_CREATE_DATE) values (19,19,'series2',to_date('19/07/30','RR/MM/DD'));
Insert into JAVER.SERIES_ORDERS (ORDER_NO,EPISODE_NO,USER_ID,ORDER_CREATE_DATE) values (20,21,'series2',to_date('19/07/30','RR/MM/DD'));
Insert into JAVER.SERIES_ORDERS (ORDER_NO,EPISODE_NO,USER_ID,ORDER_CREATE_DATE) values (21,22,'series2',to_date('19/07/30','RR/MM/DD'));
Insert into JAVER.SERIES_ORDERS (ORDER_NO,EPISODE_NO,USER_ID,ORDER_CREATE_DATE) values (22,23,'series2',to_date('19/07/30','RR/MM/DD'));
Insert into JAVER.SERIES_ORDERS (ORDER_NO,EPISODE_NO,USER_ID,ORDER_CREATE_DATE) values (23,24,'series2',to_date('19/07/30','RR/MM/DD'));
Insert into JAVER.SERIES_ORDERS (ORDER_NO,EPISODE_NO,USER_ID,ORDER_CREATE_DATE) values (24,1,'series3',to_date('19/07/30','RR/MM/DD'));
Insert into JAVER.SERIES_ORDERS (ORDER_NO,EPISODE_NO,USER_ID,ORDER_CREATE_DATE) values (25,2,'series3',to_date('19/07/30','RR/MM/DD'));
Insert into JAVER.SERIES_ORDERS (ORDER_NO,EPISODE_NO,USER_ID,ORDER_CREATE_DATE) values (26,3,'series3',to_date('19/07/30','RR/MM/DD'));
Insert into JAVER.SERIES_ORDERS (ORDER_NO,EPISODE_NO,USER_ID,ORDER_CREATE_DATE) values (27,4,'series3',to_date('19/07/30','RR/MM/DD'));
Insert into JAVER.SERIES_ORDERS (ORDER_NO,EPISODE_NO,USER_ID,ORDER_CREATE_DATE) values (28,7,'series3',to_date('19/07/30','RR/MM/DD'));
Insert into JAVER.SERIES_ORDERS (ORDER_NO,EPISODE_NO,USER_ID,ORDER_CREATE_DATE) values (29,8,'series3',to_date('19/07/30','RR/MM/DD'));
Insert into JAVER.SERIES_ORDERS (ORDER_NO,EPISODE_NO,USER_ID,ORDER_CREATE_DATE) values (30,9,'series3',to_date('19/07/30','RR/MM/DD'));
Insert into JAVER.SERIES_ORDERS (ORDER_NO,EPISODE_NO,USER_ID,ORDER_CREATE_DATE) values (31,10,'series3',to_date('19/07/30','RR/MM/DD'));
Insert into JAVER.SERIES_ORDERS (ORDER_NO,EPISODE_NO,USER_ID,ORDER_CREATE_DATE) values (32,11,'series3',to_date('19/07/30','RR/MM/DD'));
Insert into JAVER.SERIES_ORDERS (ORDER_NO,EPISODE_NO,USER_ID,ORDER_CREATE_DATE) values (33,12,'series3',to_date('19/07/30','RR/MM/DD'));
Insert into JAVER.SERIES_ORDERS (ORDER_NO,EPISODE_NO,USER_ID,ORDER_CREATE_DATE) values (34,15,'series3',to_date('19/07/30','RR/MM/DD'));
Insert into JAVER.SERIES_ORDERS (ORDER_NO,EPISODE_NO,USER_ID,ORDER_CREATE_DATE) values (35,16,'series3',to_date('19/07/30','RR/MM/DD'));
Insert into JAVER.SERIES_ORDERS (ORDER_NO,EPISODE_NO,USER_ID,ORDER_CREATE_DATE) values (36,1,'series4',to_date('19/07/30','RR/MM/DD'));
Insert into JAVER.SERIES_ORDERS (ORDER_NO,EPISODE_NO,USER_ID,ORDER_CREATE_DATE) values (37,2,'series4',to_date('19/07/30','RR/MM/DD'));
Insert into JAVER.SERIES_ORDERS (ORDER_NO,EPISODE_NO,USER_ID,ORDER_CREATE_DATE) values (38,3,'series4',to_date('19/07/30','RR/MM/DD'));
Insert into JAVER.SERIES_ORDERS (ORDER_NO,EPISODE_NO,USER_ID,ORDER_CREATE_DATE) values (39,4,'series4',to_date('19/07/30','RR/MM/DD'));
Insert into JAVER.SERIES_ORDERS (ORDER_NO,EPISODE_NO,USER_ID,ORDER_CREATE_DATE) values (40,7,'series4',to_date('19/07/30','RR/MM/DD'));
Insert into JAVER.SERIES_ORDERS (ORDER_NO,EPISODE_NO,USER_ID,ORDER_CREATE_DATE) values (41,8,'series4',to_date('19/07/30','RR/MM/DD'));
Insert into JAVER.SERIES_ORDERS (ORDER_NO,EPISODE_NO,USER_ID,ORDER_CREATE_DATE) values (42,9,'series4',to_date('19/07/30','RR/MM/DD'));
Insert into JAVER.SERIES_ORDERS (ORDER_NO,EPISODE_NO,USER_ID,ORDER_CREATE_DATE) values (43,10,'series4',to_date('19/07/30','RR/MM/DD'));
Insert into JAVER.SERIES_ORDERS (ORDER_NO,EPISODE_NO,USER_ID,ORDER_CREATE_DATE) values (44,11,'series4',to_date('19/07/30','RR/MM/DD'));
Insert into JAVER.SERIES_ORDERS (ORDER_NO,EPISODE_NO,USER_ID,ORDER_CREATE_DATE) values (45,12,'series4',to_date('19/07/30','RR/MM/DD'));
Insert into JAVER.SERIES_ORDERS (ORDER_NO,EPISODE_NO,USER_ID,ORDER_CREATE_DATE) values (46,15,'series4',to_date('19/07/30','RR/MM/DD'));
Insert into JAVER.SERIES_ORDERS (ORDER_NO,EPISODE_NO,USER_ID,ORDER_CREATE_DATE) values (47,17,'series4',to_date('19/07/30','RR/MM/DD'));
Insert into JAVER.SERIES_ORDERS (ORDER_NO,EPISODE_NO,USER_ID,ORDER_CREATE_DATE) values (48,18,'series4',to_date('19/07/30','RR/MM/DD'));
Insert into JAVER.SERIES_ORDERS (ORDER_NO,EPISODE_NO,USER_ID,ORDER_CREATE_DATE) values (49,19,'series4',to_date('19/07/30','RR/MM/DD'));
Insert into JAVER.SERIES_ORDERS (ORDER_NO,EPISODE_NO,USER_ID,ORDER_CREATE_DATE) values (50,21,'series4',to_date('19/07/30','RR/MM/DD'));
Insert into JAVER.SERIES_ORDERS (ORDER_NO,EPISODE_NO,USER_ID,ORDER_CREATE_DATE) values (51,1,'series5',to_date('19/07/30','RR/MM/DD'));
Insert into JAVER.SERIES_ORDERS (ORDER_NO,EPISODE_NO,USER_ID,ORDER_CREATE_DATE) values (52,2,'series5',to_date('19/07/30','RR/MM/DD'));
Insert into JAVER.SERIES_ORDERS (ORDER_NO,EPISODE_NO,USER_ID,ORDER_CREATE_DATE) values (53,3,'series5',to_date('19/07/30','RR/MM/DD'));
Insert into JAVER.SERIES_ORDERS (ORDER_NO,EPISODE_NO,USER_ID,ORDER_CREATE_DATE) values (54,4,'series5',to_date('19/07/30','RR/MM/DD'));
Insert into JAVER.SERIES_ORDERS (ORDER_NO,EPISODE_NO,USER_ID,ORDER_CREATE_DATE) values (55,7,'series5',to_date('19/07/30','RR/MM/DD'));
Insert into JAVER.SERIES_ORDERS (ORDER_NO,EPISODE_NO,USER_ID,ORDER_CREATE_DATE) values (56,8,'series5',to_date('19/07/30','RR/MM/DD'));
Insert into JAVER.SERIES_ORDERS (ORDER_NO,EPISODE_NO,USER_ID,ORDER_CREATE_DATE) values (57,9,'series5',to_date('19/07/30','RR/MM/DD'));
Insert into JAVER.SERIES_ORDERS (ORDER_NO,EPISODE_NO,USER_ID,ORDER_CREATE_DATE) values (58,10,'series5',to_date('19/07/30','RR/MM/DD'));
Insert into JAVER.SERIES_ORDERS (ORDER_NO,EPISODE_NO,USER_ID,ORDER_CREATE_DATE) values (59,11,'series5',to_date('19/07/30','RR/MM/DD'));
Insert into JAVER.SERIES_ORDERS (ORDER_NO,EPISODE_NO,USER_ID,ORDER_CREATE_DATE) values (60,12,'series5',to_date('19/07/30','RR/MM/DD'));
Insert into JAVER.SERIES_ORDERS (ORDER_NO,EPISODE_NO,USER_ID,ORDER_CREATE_DATE) values (61,15,'series5',to_date('19/07/30','RR/MM/DD'));
Insert into JAVER.SERIES_ORDERS (ORDER_NO,EPISODE_NO,USER_ID,ORDER_CREATE_DATE) values (62,16,'series5',to_date('19/07/30','RR/MM/DD'));
Insert into JAVER.SERIES_ORDERS (ORDER_NO,EPISODE_NO,USER_ID,ORDER_CREATE_DATE) values (63,17,'series5',to_date('19/07/30','RR/MM/DD'));
Insert into JAVER.SERIES_ORDERS (ORDER_NO,EPISODE_NO,USER_ID,ORDER_CREATE_DATE) values (64,18,'series5',to_date('19/07/30','RR/MM/DD'));
Insert into JAVER.SERIES_ORDERS (ORDER_NO,EPISODE_NO,USER_ID,ORDER_CREATE_DATE) values (65,19,'series5',to_date('19/07/30','RR/MM/DD'));
Insert into JAVER.SERIES_ORDERS (ORDER_NO,EPISODE_NO,USER_ID,ORDER_CREATE_DATE) values (66,21,'series5',to_date('19/07/30','RR/MM/DD'));
Insert into JAVER.SERIES_ORDERS (ORDER_NO,EPISODE_NO,USER_ID,ORDER_CREATE_DATE) values (67,22,'series5',to_date('19/07/30','RR/MM/DD'));
Insert into JAVER.SERIES_ORDERS (ORDER_NO,EPISODE_NO,USER_ID,ORDER_CREATE_DATE) values (68,23,'series5',to_date('19/07/30','RR/MM/DD'));
Insert into JAVER.SERIES_ORDERS (ORDER_NO,EPISODE_NO,USER_ID,ORDER_CREATE_DATE) values (69,24,'series5',to_date('19/07/30','RR/MM/DD'));
Insert into JAVER.SERIES_ORDERS (ORDER_NO,EPISODE_NO,USER_ID,ORDER_CREATE_DATE) values (70,24,'series5',to_date('19/07/30','RR/MM/DD'));
Insert into JAVER.SERIES_ORDERS (ORDER_NO,EPISODE_NO,USER_ID,ORDER_CREATE_DATE) values (71,1,'lee1',to_date('19/07/30','RR/MM/DD'));
Insert into JAVER.SERIES_ORDERS (ORDER_NO,EPISODE_NO,USER_ID,ORDER_CREATE_DATE) values (72,1,'lee2',to_date('19/07/30','RR/MM/DD'));
Insert into JAVER.SERIES_ORDERS (ORDER_NO,EPISODE_NO,USER_ID,ORDER_CREATE_DATE) values (73,1,'lee3',to_date('19/07/30','RR/MM/DD'));
Insert into JAVER.SERIES_ORDERS (ORDER_NO,EPISODE_NO,USER_ID,ORDER_CREATE_DATE) values (74,1,'lee4',to_date('19/07/30','RR/MM/DD'));
Insert into JAVER.SERIES_ORDERS (ORDER_NO,EPISODE_NO,USER_ID,ORDER_CREATE_DATE) values (75,1,'lee5',to_date('19/07/30','RR/MM/DD'));
Insert into JAVER.SERIES_ORDERS (ORDER_NO,EPISODE_NO,USER_ID,ORDER_CREATE_DATE) values (76,1,'lee6',to_date('19/07/30','RR/MM/DD'));
Insert into JAVER.SERIES_ORDERS (ORDER_NO,EPISODE_NO,USER_ID,ORDER_CREATE_DATE) values (77,1,'lee7',to_date('19/07/30','RR/MM/DD'));
Insert into JAVER.SERIES_ORDERS (ORDER_NO,EPISODE_NO,USER_ID,ORDER_CREATE_DATE) values (78,1,'lee8',to_date('19/07/30','RR/MM/DD'));
Insert into JAVER.SERIES_ORDERS (ORDER_NO,EPISODE_NO,USER_ID,ORDER_CREATE_DATE) values (79,1,'lee9',to_date('19/07/30','RR/MM/DD'));
Insert into JAVER.SERIES_ORDERS (ORDER_NO,EPISODE_NO,USER_ID,ORDER_CREATE_DATE) values (80,1,'lee10',to_date('19/07/30','RR/MM/DD'));
Insert into JAVER.SERIES_ORDERS (ORDER_NO,EPISODE_NO,USER_ID,ORDER_CREATE_DATE) values (81,1,'lee11',to_date('19/07/30','RR/MM/DD'));
Insert into JAVER.SERIES_ORDERS (ORDER_NO,EPISODE_NO,USER_ID,ORDER_CREATE_DATE) values (82,1,'lee12',to_date('19/07/30','RR/MM/DD'));
Insert into JAVER.SERIES_ORDERS (ORDER_NO,EPISODE_NO,USER_ID,ORDER_CREATE_DATE) values (83,1,'lee13',to_date('19/07/30','RR/MM/DD'));
Insert into JAVER.SERIES_ORDERS (ORDER_NO,EPISODE_NO,USER_ID,ORDER_CREATE_DATE) values (84,1,'lee14',to_date('19/07/30','RR/MM/DD'));
Insert into JAVER.SERIES_ORDERS (ORDER_NO,EPISODE_NO,USER_ID,ORDER_CREATE_DATE) values (85,1,'lee15',to_date('19/07/30','RR/MM/DD'));
Insert into JAVER.SERIES_ORDERS (ORDER_NO,EPISODE_NO,USER_ID,ORDER_CREATE_DATE) values (86,1,'lee16',to_date('19/07/30','RR/MM/DD'));
Insert into JAVER.SERIES_ORDERS (ORDER_NO,EPISODE_NO,USER_ID,ORDER_CREATE_DATE) values (87,3,'lee1',to_date('19/07/30','RR/MM/DD'));
Insert into JAVER.SERIES_ORDERS (ORDER_NO,EPISODE_NO,USER_ID,ORDER_CREATE_DATE) values (88,3,'lee2',to_date('19/07/30','RR/MM/DD'));
Insert into JAVER.SERIES_ORDERS (ORDER_NO,EPISODE_NO,USER_ID,ORDER_CREATE_DATE) values (89,3,'lee3',to_date('19/07/30','RR/MM/DD'));
Insert into JAVER.SERIES_ORDERS (ORDER_NO,EPISODE_NO,USER_ID,ORDER_CREATE_DATE) values (90,3,'lee4',to_date('19/07/30','RR/MM/DD'));
Insert into JAVER.SERIES_ORDERS (ORDER_NO,EPISODE_NO,USER_ID,ORDER_CREATE_DATE) values (91,3,'lee5',to_date('19/07/30','RR/MM/DD'));
Insert into JAVER.SERIES_ORDERS (ORDER_NO,EPISODE_NO,USER_ID,ORDER_CREATE_DATE) values (92,3,'lee6',to_date('19/07/30','RR/MM/DD'));
Insert into JAVER.SERIES_ORDERS (ORDER_NO,EPISODE_NO,USER_ID,ORDER_CREATE_DATE) values (93,3,'lee7',to_date('19/07/30','RR/MM/DD'));
Insert into JAVER.SERIES_ORDERS (ORDER_NO,EPISODE_NO,USER_ID,ORDER_CREATE_DATE) values (94,3,'lee8',to_date('19/07/30','RR/MM/DD'));
Insert into JAVER.SERIES_ORDERS (ORDER_NO,EPISODE_NO,USER_ID,ORDER_CREATE_DATE) values (95,3,'lee9',to_date('19/07/30','RR/MM/DD'));
Insert into JAVER.SERIES_ORDERS (ORDER_NO,EPISODE_NO,USER_ID,ORDER_CREATE_DATE) values (96,3,'lee10',to_date('19/07/30','RR/MM/DD'));
Insert into JAVER.SERIES_ORDERS (ORDER_NO,EPISODE_NO,USER_ID,ORDER_CREATE_DATE) values (97,3,'lee11',to_date('19/07/30','RR/MM/DD'));
Insert into JAVER.SERIES_ORDERS (ORDER_NO,EPISODE_NO,USER_ID,ORDER_CREATE_DATE) values (98,3,'lee12',to_date('19/07/30','RR/MM/DD'));
Insert into JAVER.SERIES_ORDERS (ORDER_NO,EPISODE_NO,USER_ID,ORDER_CREATE_DATE) values (99,3,'lee13',to_date('19/07/30','RR/MM/DD'));
Insert into JAVER.SERIES_ORDERS (ORDER_NO,EPISODE_NO,USER_ID,ORDER_CREATE_DATE) values (100,3,'lee14',to_date('19/07/30','RR/MM/DD'));
Insert into JAVER.SERIES_ORDERS (ORDER_NO,EPISODE_NO,USER_ID,ORDER_CREATE_DATE) values (101,3,'lee15',to_date('19/07/30','RR/MM/DD'));
Insert into JAVER.SERIES_ORDERS (ORDER_NO,EPISODE_NO,USER_ID,ORDER_CREATE_DATE) values (122,9,'lee16',to_date('19/07/30','RR/MM/DD'));
Insert into JAVER.SERIES_ORDERS (ORDER_NO,EPISODE_NO,USER_ID,ORDER_CREATE_DATE) values (103,3,'lee17',to_date('19/07/30','RR/MM/DD'));
Insert into JAVER.SERIES_ORDERS (ORDER_NO,EPISODE_NO,USER_ID,ORDER_CREATE_DATE) values (104,3,'lee18',to_date('19/07/30','RR/MM/DD'));
Insert into JAVER.SERIES_ORDERS (ORDER_NO,EPISODE_NO,USER_ID,ORDER_CREATE_DATE) values (105,3,'lee19',to_date('19/07/30','RR/MM/DD'));
Insert into JAVER.SERIES_ORDERS (ORDER_NO,EPISODE_NO,USER_ID,ORDER_CREATE_DATE) values (106,3,'lee20',to_date('19/07/30','RR/MM/DD'));
Insert into JAVER.SERIES_ORDERS (ORDER_NO,EPISODE_NO,USER_ID,ORDER_CREATE_DATE) values (107,7,'lee1',to_date('19/07/30','RR/MM/DD'));
Insert into JAVER.SERIES_ORDERS (ORDER_NO,EPISODE_NO,USER_ID,ORDER_CREATE_DATE) values (108,7,'lee2',to_date('19/07/30','RR/MM/DD'));
Insert into JAVER.SERIES_ORDERS (ORDER_NO,EPISODE_NO,USER_ID,ORDER_CREATE_DATE) values (109,7,'lee3',to_date('19/07/30','RR/MM/DD'));
Insert into JAVER.SERIES_ORDERS (ORDER_NO,EPISODE_NO,USER_ID,ORDER_CREATE_DATE) values (110,7,'lee4',to_date('19/07/30','RR/MM/DD'));
Insert into JAVER.SERIES_ORDERS (ORDER_NO,EPISODE_NO,USER_ID,ORDER_CREATE_DATE) values (111,7,'lee5',to_date('19/07/30','RR/MM/DD'));
Insert into JAVER.SERIES_ORDERS (ORDER_NO,EPISODE_NO,USER_ID,ORDER_CREATE_DATE) values (112,7,'lee6',to_date('19/07/30','RR/MM/DD'));
Insert into JAVER.SERIES_ORDERS (ORDER_NO,EPISODE_NO,USER_ID,ORDER_CREATE_DATE) values (113,7,'lee7',to_date('19/07/30','RR/MM/DD'));
Insert into JAVER.SERIES_ORDERS (ORDER_NO,EPISODE_NO,USER_ID,ORDER_CREATE_DATE) values (114,7,'lee8',to_date('19/07/30','RR/MM/DD'));
Insert into JAVER.SERIES_ORDERS (ORDER_NO,EPISODE_NO,USER_ID,ORDER_CREATE_DATE) values (115,7,'lee9',to_date('19/07/30','RR/MM/DD'));
Insert into JAVER.SERIES_ORDERS (ORDER_NO,EPISODE_NO,USER_ID,ORDER_CREATE_DATE) values (116,7,'lee10',to_date('19/07/30','RR/MM/DD'));
Insert into JAVER.SERIES_ORDERS (ORDER_NO,EPISODE_NO,USER_ID,ORDER_CREATE_DATE) values (117,7,'lee11',to_date('19/07/30','RR/MM/DD'));
Insert into JAVER.SERIES_ORDERS (ORDER_NO,EPISODE_NO,USER_ID,ORDER_CREATE_DATE) values (118,7,'lee12',to_date('19/07/30','RR/MM/DD'));
Insert into JAVER.SERIES_ORDERS (ORDER_NO,EPISODE_NO,USER_ID,ORDER_CREATE_DATE) values (119,7,'lee13',to_date('19/07/30','RR/MM/DD'));
Insert into JAVER.SERIES_ORDERS (ORDER_NO,EPISODE_NO,USER_ID,ORDER_CREATE_DATE) values (120,7,'lee14',to_date('19/07/30','RR/MM/DD'));
Insert into JAVER.SERIES_ORDERS (ORDER_NO,EPISODE_NO,USER_ID,ORDER_CREATE_DATE) values (170,27,'lee8',to_date('19/07/30','RR/MM/DD'));
Insert into JAVER.SERIES_ORDERS (ORDER_NO,EPISODE_NO,USER_ID,ORDER_CREATE_DATE) values (123,9,'lee2',to_date('19/07/30','RR/MM/DD'));
Insert into JAVER.SERIES_ORDERS (ORDER_NO,EPISODE_NO,USER_ID,ORDER_CREATE_DATE) values (124,9,'lee3',to_date('19/07/30','RR/MM/DD'));
Insert into JAVER.SERIES_ORDERS (ORDER_NO,EPISODE_NO,USER_ID,ORDER_CREATE_DATE) values (125,9,'lee4',to_date('19/07/30','RR/MM/DD'));
Insert into JAVER.SERIES_ORDERS (ORDER_NO,EPISODE_NO,USER_ID,ORDER_CREATE_DATE) values (126,9,'lee5',to_date('19/07/30','RR/MM/DD'));
Insert into JAVER.SERIES_ORDERS (ORDER_NO,EPISODE_NO,USER_ID,ORDER_CREATE_DATE) values (127,9,'lee6',to_date('19/07/30','RR/MM/DD'));
Insert into JAVER.SERIES_ORDERS (ORDER_NO,EPISODE_NO,USER_ID,ORDER_CREATE_DATE) values (128,9,'lee7',to_date('19/07/30','RR/MM/DD'));
Insert into JAVER.SERIES_ORDERS (ORDER_NO,EPISODE_NO,USER_ID,ORDER_CREATE_DATE) values (129,9,'lee8',to_date('19/07/30','RR/MM/DD'));
Insert into JAVER.SERIES_ORDERS (ORDER_NO,EPISODE_NO,USER_ID,ORDER_CREATE_DATE) values (130,9,'lee9',to_date('19/07/30','RR/MM/DD'));
Insert into JAVER.SERIES_ORDERS (ORDER_NO,EPISODE_NO,USER_ID,ORDER_CREATE_DATE) values (131,9,'lee10',to_date('19/07/30','RR/MM/DD'));
Insert into JAVER.SERIES_ORDERS (ORDER_NO,EPISODE_NO,USER_ID,ORDER_CREATE_DATE) values (132,9,'lee11',to_date('19/07/30','RR/MM/DD'));
Insert into JAVER.SERIES_ORDERS (ORDER_NO,EPISODE_NO,USER_ID,ORDER_CREATE_DATE) values (133,9,'lee12',to_date('19/07/30','RR/MM/DD'));
Insert into JAVER.SERIES_ORDERS (ORDER_NO,EPISODE_NO,USER_ID,ORDER_CREATE_DATE) values (134,9,'lee13',to_date('19/07/30','RR/MM/DD'));
Insert into JAVER.SERIES_ORDERS (ORDER_NO,EPISODE_NO,USER_ID,ORDER_CREATE_DATE) values (135,15,'lee1',to_date('19/07/30','RR/MM/DD'));
Insert into JAVER.SERIES_ORDERS (ORDER_NO,EPISODE_NO,USER_ID,ORDER_CREATE_DATE) values (136,15,'lee2',to_date('19/07/30','RR/MM/DD'));
Insert into JAVER.SERIES_ORDERS (ORDER_NO,EPISODE_NO,USER_ID,ORDER_CREATE_DATE) values (137,15,'lee3',to_date('19/07/30','RR/MM/DD'));
Insert into JAVER.SERIES_ORDERS (ORDER_NO,EPISODE_NO,USER_ID,ORDER_CREATE_DATE) values (138,15,'lee4',to_date('19/07/30','RR/MM/DD'));
Insert into JAVER.SERIES_ORDERS (ORDER_NO,EPISODE_NO,USER_ID,ORDER_CREATE_DATE) values (139,15,'lee5',to_date('19/07/30','RR/MM/DD'));
Insert into JAVER.SERIES_ORDERS (ORDER_NO,EPISODE_NO,USER_ID,ORDER_CREATE_DATE) values (140,15,'lee6',to_date('19/07/30','RR/MM/DD'));
Insert into JAVER.SERIES_ORDERS (ORDER_NO,EPISODE_NO,USER_ID,ORDER_CREATE_DATE) values (141,15,'lee7',to_date('19/07/30','RR/MM/DD'));
Insert into JAVER.SERIES_ORDERS (ORDER_NO,EPISODE_NO,USER_ID,ORDER_CREATE_DATE) values (142,15,'lee8',to_date('19/07/30','RR/MM/DD'));
Insert into JAVER.SERIES_ORDERS (ORDER_NO,EPISODE_NO,USER_ID,ORDER_CREATE_DATE) values (143,15,'lee9',to_date('19/07/30','RR/MM/DD'));
Insert into JAVER.SERIES_ORDERS (ORDER_NO,EPISODE_NO,USER_ID,ORDER_CREATE_DATE) values (144,15,'lee10',to_date('19/07/30','RR/MM/DD'));
Insert into JAVER.SERIES_ORDERS (ORDER_NO,EPISODE_NO,USER_ID,ORDER_CREATE_DATE) values (145,15,'lee11',to_date('19/07/30','RR/MM/DD'));
Insert into JAVER.SERIES_ORDERS (ORDER_NO,EPISODE_NO,USER_ID,ORDER_CREATE_DATE) values (146,15,'lee12',to_date('19/07/30','RR/MM/DD'));
Insert into JAVER.SERIES_ORDERS (ORDER_NO,EPISODE_NO,USER_ID,ORDER_CREATE_DATE) values (147,19,'lee1',to_date('19/07/30','RR/MM/DD'));
Insert into JAVER.SERIES_ORDERS (ORDER_NO,EPISODE_NO,USER_ID,ORDER_CREATE_DATE) values (148,19,'lee2',to_date('19/07/30','RR/MM/DD'));
Insert into JAVER.SERIES_ORDERS (ORDER_NO,EPISODE_NO,USER_ID,ORDER_CREATE_DATE) values (149,19,'lee3',to_date('19/07/30','RR/MM/DD'));
Insert into JAVER.SERIES_ORDERS (ORDER_NO,EPISODE_NO,USER_ID,ORDER_CREATE_DATE) values (150,19,'lee4',to_date('19/07/30','RR/MM/DD'));
Insert into JAVER.SERIES_ORDERS (ORDER_NO,EPISODE_NO,USER_ID,ORDER_CREATE_DATE) values (151,19,'lee5',to_date('19/07/30','RR/MM/DD'));
Insert into JAVER.SERIES_ORDERS (ORDER_NO,EPISODE_NO,USER_ID,ORDER_CREATE_DATE) values (152,19,'lee6',to_date('19/07/30','RR/MM/DD'));
Insert into JAVER.SERIES_ORDERS (ORDER_NO,EPISODE_NO,USER_ID,ORDER_CREATE_DATE) values (153,19,'lee7',to_date('19/07/30','RR/MM/DD'));
Insert into JAVER.SERIES_ORDERS (ORDER_NO,EPISODE_NO,USER_ID,ORDER_CREATE_DATE) values (154,19,'lee8',to_date('19/07/30','RR/MM/DD'));
Insert into JAVER.SERIES_ORDERS (ORDER_NO,EPISODE_NO,USER_ID,ORDER_CREATE_DATE) values (155,19,'lee9',to_date('19/07/30','RR/MM/DD'));
Insert into JAVER.SERIES_ORDERS (ORDER_NO,EPISODE_NO,USER_ID,ORDER_CREATE_DATE) values (156,19,'lee10',to_date('19/07/30','RR/MM/DD'));
Insert into JAVER.SERIES_ORDERS (ORDER_NO,EPISODE_NO,USER_ID,ORDER_CREATE_DATE) values (157,19,'lee11',to_date('19/07/30','RR/MM/DD'));
Insert into JAVER.SERIES_ORDERS (ORDER_NO,EPISODE_NO,USER_ID,ORDER_CREATE_DATE) values (158,25,'lee1',to_date('19/07/30','RR/MM/DD'));
Insert into JAVER.SERIES_ORDERS (ORDER_NO,EPISODE_NO,USER_ID,ORDER_CREATE_DATE) values (159,25,'lee2',to_date('19/07/30','RR/MM/DD'));
Insert into JAVER.SERIES_ORDERS (ORDER_NO,EPISODE_NO,USER_ID,ORDER_CREATE_DATE) values (160,25,'lee3',to_date('19/07/30','RR/MM/DD'));
Insert into JAVER.SERIES_ORDERS (ORDER_NO,EPISODE_NO,USER_ID,ORDER_CREATE_DATE) values (161,25,'lee4',to_date('19/07/30','RR/MM/DD'));
Insert into JAVER.SERIES_ORDERS (ORDER_NO,EPISODE_NO,USER_ID,ORDER_CREATE_DATE) values (162,25,'lee5',to_date('19/07/30','RR/MM/DD'));
Insert into JAVER.SERIES_ORDERS (ORDER_NO,EPISODE_NO,USER_ID,ORDER_CREATE_DATE) values (163,25,'lee6',to_date('19/07/30','RR/MM/DD'));
Insert into JAVER.SERIES_ORDERS (ORDER_NO,EPISODE_NO,USER_ID,ORDER_CREATE_DATE) values (164,25,'lee7',to_date('19/07/30','RR/MM/DD'));
Insert into JAVER.SERIES_ORDERS (ORDER_NO,EPISODE_NO,USER_ID,ORDER_CREATE_DATE) values (165,25,'lee8',to_date('19/07/30','RR/MM/DD'));
Insert into JAVER.SERIES_ORDERS (ORDER_NO,EPISODE_NO,USER_ID,ORDER_CREATE_DATE) values (166,25,'lee9',to_date('19/07/30','RR/MM/DD'));
Insert into JAVER.SERIES_ORDERS (ORDER_NO,EPISODE_NO,USER_ID,ORDER_CREATE_DATE) values (167,25,'lee10',to_date('19/07/30','RR/MM/DD'));
Insert into JAVER.SERIES_ORDERS (ORDER_NO,EPISODE_NO,USER_ID,ORDER_CREATE_DATE) values (171,27,'lee9',to_date('19/07/30','RR/MM/DD'));
Insert into JAVER.SERIES_ORDERS (ORDER_NO,EPISODE_NO,USER_ID,ORDER_CREATE_DATE) values (169,27,'lee8',to_date('19/07/30','RR/MM/DD'));
Insert into JAVER.SERIES_ORDERS (ORDER_NO,EPISODE_NO,USER_ID,ORDER_CREATE_DATE) values (172,27,'lee7',to_date('19/07/30','RR/MM/DD'));
Insert into JAVER.SERIES_ORDERS (ORDER_NO,EPISODE_NO,USER_ID,ORDER_CREATE_DATE) values (173,27,'lee6',to_date('19/07/30','RR/MM/DD'));
Insert into JAVER.SERIES_ORDERS (ORDER_NO,EPISODE_NO,USER_ID,ORDER_CREATE_DATE) values (174,27,'lee5',to_date('19/07/30','RR/MM/DD'));
Insert into JAVER.SERIES_ORDERS (ORDER_NO,EPISODE_NO,USER_ID,ORDER_CREATE_DATE) values (175,27,'lee4',to_date('19/07/30','RR/MM/DD'));
Insert into JAVER.SERIES_ORDERS (ORDER_NO,EPISODE_NO,USER_ID,ORDER_CREATE_DATE) values (176,27,'lee3',to_date('19/07/30','RR/MM/DD'));
Insert into JAVER.SERIES_ORDERS (ORDER_NO,EPISODE_NO,USER_ID,ORDER_CREATE_DATE) values (177,27,'lee2',to_date('19/07/30','RR/MM/DD'));
Insert into JAVER.SERIES_ORDERS (ORDER_NO,EPISODE_NO,USER_ID,ORDER_CREATE_DATE) values (178,27,'lee1',to_date('19/07/30','RR/MM/DD'));
Insert into JAVER.SERIES_ORDERS (ORDER_NO,EPISODE_NO,USER_ID,ORDER_CREATE_DATE) values (179,31,'lee8',to_date('19/07/30','RR/MM/DD'));
Insert into JAVER.SERIES_ORDERS (ORDER_NO,EPISODE_NO,USER_ID,ORDER_CREATE_DATE) values (180,31,'lee7',to_date('19/07/30','RR/MM/DD'));
Insert into JAVER.SERIES_ORDERS (ORDER_NO,EPISODE_NO,USER_ID,ORDER_CREATE_DATE) values (181,31,'lee6',to_date('19/07/30','RR/MM/DD'));
Insert into JAVER.SERIES_ORDERS (ORDER_NO,EPISODE_NO,USER_ID,ORDER_CREATE_DATE) values (182,31,'lee5',to_date('19/07/30','RR/MM/DD'));
Insert into JAVER.SERIES_ORDERS (ORDER_NO,EPISODE_NO,USER_ID,ORDER_CREATE_DATE) values (183,31,'lee4',to_date('19/07/30','RR/MM/DD'));
Insert into JAVER.SERIES_ORDERS (ORDER_NO,EPISODE_NO,USER_ID,ORDER_CREATE_DATE) values (184,31,'lee3',to_date('19/07/30','RR/MM/DD'));
Insert into JAVER.SERIES_ORDERS (ORDER_NO,EPISODE_NO,USER_ID,ORDER_CREATE_DATE) values (185,31,'lee2',to_date('19/07/30','RR/MM/DD'));
Insert into JAVER.SERIES_ORDERS (ORDER_NO,EPISODE_NO,USER_ID,ORDER_CREATE_DATE) values (186,31,'lee1',to_date('19/07/30','RR/MM/DD'));
Insert into JAVER.SERIES_ORDERS (ORDER_NO,EPISODE_NO,USER_ID,ORDER_CREATE_DATE) values (187,34,'lee7',to_date('19/07/30','RR/MM/DD'));
Insert into JAVER.SERIES_ORDERS (ORDER_NO,EPISODE_NO,USER_ID,ORDER_CREATE_DATE) values (188,34,'lee6',to_date('19/07/30','RR/MM/DD'));
Insert into JAVER.SERIES_ORDERS (ORDER_NO,EPISODE_NO,USER_ID,ORDER_CREATE_DATE) values (189,34,'lee5',to_date('19/07/30','RR/MM/DD'));
Insert into JAVER.SERIES_ORDERS (ORDER_NO,EPISODE_NO,USER_ID,ORDER_CREATE_DATE) values (190,34,'lee4',to_date('19/07/30','RR/MM/DD'));
Insert into JAVER.SERIES_ORDERS (ORDER_NO,EPISODE_NO,USER_ID,ORDER_CREATE_DATE) values (191,34,'lee3',to_date('19/07/30','RR/MM/DD'));
Insert into JAVER.SERIES_ORDERS (ORDER_NO,EPISODE_NO,USER_ID,ORDER_CREATE_DATE) values (192,34,'lee2',to_date('19/07/30','RR/MM/DD'));
Insert into JAVER.SERIES_ORDERS (ORDER_NO,EPISODE_NO,USER_ID,ORDER_CREATE_DATE) values (193,34,'lee1',to_date('19/08/08','RR/MM/DD'));
Insert into JAVER.SERIES_ORDERS (ORDER_NO,EPISODE_NO,USER_ID,ORDER_CREATE_DATE) values (194,37,'lee12',to_date('19/08/08','RR/MM/DD'));
Insert into JAVER.SERIES_ORDERS (ORDER_NO,EPISODE_NO,USER_ID,ORDER_CREATE_DATE) values (195,37,'lee11',to_date('19/08/08','RR/MM/DD'));
Insert into JAVER.SERIES_ORDERS (ORDER_NO,EPISODE_NO,USER_ID,ORDER_CREATE_DATE) values (196,37,'lee10',to_date('19/08/08','RR/MM/DD'));
Insert into JAVER.SERIES_ORDERS (ORDER_NO,EPISODE_NO,USER_ID,ORDER_CREATE_DATE) values (197,37,'lee9',to_date('19/08/08','RR/MM/DD'));
Insert into JAVER.SERIES_ORDERS (ORDER_NO,EPISODE_NO,USER_ID,ORDER_CREATE_DATE) values (198,37,'lee8',to_date('19/08/08','RR/MM/DD'));
Insert into JAVER.SERIES_ORDERS (ORDER_NO,EPISODE_NO,USER_ID,ORDER_CREATE_DATE) values (199,37,'lee7',to_date('19/08/08','RR/MM/DD'));
Insert into JAVER.SERIES_ORDERS (ORDER_NO,EPISODE_NO,USER_ID,ORDER_CREATE_DATE) values (200,37,'lee6',to_date('19/08/08','RR/MM/DD'));
Insert into JAVER.SERIES_ORDERS (ORDER_NO,EPISODE_NO,USER_ID,ORDER_CREATE_DATE) values (201,37,'lee5',to_date('19/08/08','RR/MM/DD'));
Insert into JAVER.SERIES_ORDERS (ORDER_NO,EPISODE_NO,USER_ID,ORDER_CREATE_DATE) values (202,37,'lee4',to_date('19/08/08','RR/MM/DD'));
Insert into JAVER.SERIES_ORDERS (ORDER_NO,EPISODE_NO,USER_ID,ORDER_CREATE_DATE) values (203,37,'lee3',to_date('19/08/08','RR/MM/DD'));
Insert into JAVER.SERIES_ORDERS (ORDER_NO,EPISODE_NO,USER_ID,ORDER_CREATE_DATE) values (204,37,'lee2',to_date('19/08/08','RR/MM/DD'));
Insert into JAVER.SERIES_ORDERS (ORDER_NO,EPISODE_NO,USER_ID,ORDER_CREATE_DATE) values (205,37,'lee1',to_date('19/08/08','RR/MM/DD'));
Insert into JAVER.SERIES_ORDERS (ORDER_NO,EPISODE_NO,USER_ID,ORDER_CREATE_DATE) values (206,40,'lee11',to_date('19/08/08','RR/MM/DD'));
Insert into JAVER.SERIES_ORDERS (ORDER_NO,EPISODE_NO,USER_ID,ORDER_CREATE_DATE) values (207,40,'lee10',to_date('19/08/08','RR/MM/DD'));
Insert into JAVER.SERIES_ORDERS (ORDER_NO,EPISODE_NO,USER_ID,ORDER_CREATE_DATE) values (208,40,'lee19',to_date('19/08/08','RR/MM/DD'));
Insert into JAVER.SERIES_ORDERS (ORDER_NO,EPISODE_NO,USER_ID,ORDER_CREATE_DATE) values (209,40,'lee8',to_date('19/08/08','RR/MM/DD'));
Insert into JAVER.SERIES_ORDERS (ORDER_NO,EPISODE_NO,USER_ID,ORDER_CREATE_DATE) values (210,40,'lee7',to_date('19/08/08','RR/MM/DD'));
Insert into JAVER.SERIES_ORDERS (ORDER_NO,EPISODE_NO,USER_ID,ORDER_CREATE_DATE) values (211,40,'lee6',to_date('19/08/08','RR/MM/DD'));
Insert into JAVER.SERIES_ORDERS (ORDER_NO,EPISODE_NO,USER_ID,ORDER_CREATE_DATE) values (212,40,'lee5',to_date('19/08/08','RR/MM/DD'));
Insert into JAVER.SERIES_ORDERS (ORDER_NO,EPISODE_NO,USER_ID,ORDER_CREATE_DATE) values (213,40,'lee4',to_date('19/08/08','RR/MM/DD'));
Insert into JAVER.SERIES_ORDERS (ORDER_NO,EPISODE_NO,USER_ID,ORDER_CREATE_DATE) values (214,40,'lee3',to_date('19/08/08','RR/MM/DD'));
Insert into JAVER.SERIES_ORDERS (ORDER_NO,EPISODE_NO,USER_ID,ORDER_CREATE_DATE) values (215,40,'lee2',to_date('19/08/08','RR/MM/DD'));
Insert into JAVER.SERIES_ORDERS (ORDER_NO,EPISODE_NO,USER_ID,ORDER_CREATE_DATE) values (216,40,'lee1',to_date('19/08/08','RR/MM/DD'));
Insert into JAVER.SERIES_ORDERS (ORDER_NO,EPISODE_NO,USER_ID,ORDER_CREATE_DATE) values (229,50,'lee8',to_date('19/08/08','RR/MM/DD'));
Insert into JAVER.SERIES_ORDERS (ORDER_NO,EPISODE_NO,USER_ID,ORDER_CREATE_DATE) values (218,43,'lee10',to_date('19/08/08','RR/MM/DD'));
Insert into JAVER.SERIES_ORDERS (ORDER_NO,EPISODE_NO,USER_ID,ORDER_CREATE_DATE) values (219,43,'lee9',to_date('19/08/08','RR/MM/DD'));
Insert into JAVER.SERIES_ORDERS (ORDER_NO,EPISODE_NO,USER_ID,ORDER_CREATE_DATE) values (220,43,'lee8',to_date('19/08/08','RR/MM/DD'));
Insert into JAVER.SERIES_ORDERS (ORDER_NO,EPISODE_NO,USER_ID,ORDER_CREATE_DATE) values (221,43,'lee7',to_date('19/08/08','RR/MM/DD'));
Insert into JAVER.SERIES_ORDERS (ORDER_NO,EPISODE_NO,USER_ID,ORDER_CREATE_DATE) values (222,43,'lee6',to_date('19/08/08','RR/MM/DD'));
Insert into JAVER.SERIES_ORDERS (ORDER_NO,EPISODE_NO,USER_ID,ORDER_CREATE_DATE) values (223,43,'lee5',to_date('19/08/08','RR/MM/DD'));
Insert into JAVER.SERIES_ORDERS (ORDER_NO,EPISODE_NO,USER_ID,ORDER_CREATE_DATE) values (224,43,'lee4',to_date('19/08/08','RR/MM/DD'));
Insert into JAVER.SERIES_ORDERS (ORDER_NO,EPISODE_NO,USER_ID,ORDER_CREATE_DATE) values (225,43,'lee3',to_date('19/08/08','RR/MM/DD'));
Insert into JAVER.SERIES_ORDERS (ORDER_NO,EPISODE_NO,USER_ID,ORDER_CREATE_DATE) values (226,43,'lee2',to_date('19/08/08','RR/MM/DD'));
Insert into JAVER.SERIES_ORDERS (ORDER_NO,EPISODE_NO,USER_ID,ORDER_CREATE_DATE) values (227,43,'lee1',to_date('19/08/08','RR/MM/DD'));
Insert into JAVER.SERIES_ORDERS (ORDER_NO,EPISODE_NO,USER_ID,ORDER_CREATE_DATE) values (228,50,'lee9',to_date('19/08/08','RR/MM/DD'));
Insert into JAVER.SERIES_ORDERS (ORDER_NO,EPISODE_NO,USER_ID,ORDER_CREATE_DATE) values (230,50,'lee7',to_date('19/08/08','RR/MM/DD'));
Insert into JAVER.SERIES_ORDERS (ORDER_NO,EPISODE_NO,USER_ID,ORDER_CREATE_DATE) values (231,50,'lee6',to_date('19/08/08','RR/MM/DD'));
Insert into JAVER.SERIES_ORDERS (ORDER_NO,EPISODE_NO,USER_ID,ORDER_CREATE_DATE) values (232,50,'lee5',to_date('19/08/08','RR/MM/DD'));
Insert into JAVER.SERIES_ORDERS (ORDER_NO,EPISODE_NO,USER_ID,ORDER_CREATE_DATE) values (233,50,'lee4',to_date('19/08/08','RR/MM/DD'));
Insert into JAVER.SERIES_ORDERS (ORDER_NO,EPISODE_NO,USER_ID,ORDER_CREATE_DATE) values (234,50,'lee3',to_date('19/08/08','RR/MM/DD'));
Insert into JAVER.SERIES_ORDERS (ORDER_NO,EPISODE_NO,USER_ID,ORDER_CREATE_DATE) values (235,50,'lee2',to_date('19/08/08','RR/MM/DD'));
Insert into JAVER.SERIES_ORDERS (ORDER_NO,EPISODE_NO,USER_ID,ORDER_CREATE_DATE) values (236,50,'lee1',to_date('19/08/08','RR/MM/DD'));
Insert into JAVER.SERIES_ORDERS (ORDER_NO,EPISODE_NO,USER_ID,ORDER_CREATE_DATE) values (237,52,'lee8',to_date('19/08/08','RR/MM/DD'));
Insert into JAVER.SERIES_ORDERS (ORDER_NO,EPISODE_NO,USER_ID,ORDER_CREATE_DATE) values (238,52,'lee7',to_date('19/08/08','RR/MM/DD'));
Insert into JAVER.SERIES_ORDERS (ORDER_NO,EPISODE_NO,USER_ID,ORDER_CREATE_DATE) values (239,52,'lee6',to_date('19/08/08','RR/MM/DD'));
Insert into JAVER.SERIES_ORDERS (ORDER_NO,EPISODE_NO,USER_ID,ORDER_CREATE_DATE) values (240,52,'lee5',to_date('19/08/08','RR/MM/DD'));
Insert into JAVER.SERIES_ORDERS (ORDER_NO,EPISODE_NO,USER_ID,ORDER_CREATE_DATE) values (241,52,'lee4',to_date('19/08/08','RR/MM/DD'));
Insert into JAVER.SERIES_ORDERS (ORDER_NO,EPISODE_NO,USER_ID,ORDER_CREATE_DATE) values (242,52,'lee3',to_date('19/08/08','RR/MM/DD'));
Insert into JAVER.SERIES_ORDERS (ORDER_NO,EPISODE_NO,USER_ID,ORDER_CREATE_DATE) values (243,52,'lee2',to_date('19/08/08','RR/MM/DD'));
Insert into JAVER.SERIES_ORDERS (ORDER_NO,EPISODE_NO,USER_ID,ORDER_CREATE_DATE) values (244,52,'lee1',to_date('19/08/08','RR/MM/DD'));
Insert into JAVER.SERIES_ORDERS (ORDER_NO,EPISODE_NO,USER_ID,ORDER_CREATE_DATE) values (245,53,'lee7',to_date('19/08/08','RR/MM/DD'));
Insert into JAVER.SERIES_ORDERS (ORDER_NO,EPISODE_NO,USER_ID,ORDER_CREATE_DATE) values (246,53,'lee6',to_date('19/08/08','RR/MM/DD'));
Insert into JAVER.SERIES_ORDERS (ORDER_NO,EPISODE_NO,USER_ID,ORDER_CREATE_DATE) values (247,53,'lee5',to_date('19/08/08','RR/MM/DD'));
Insert into JAVER.SERIES_ORDERS (ORDER_NO,EPISODE_NO,USER_ID,ORDER_CREATE_DATE) values (248,53,'lee4',to_date('19/08/08','RR/MM/DD'));
Insert into JAVER.SERIES_ORDERS (ORDER_NO,EPISODE_NO,USER_ID,ORDER_CREATE_DATE) values (249,53,'lee3',to_date('19/08/08','RR/MM/DD'));
Insert into JAVER.SERIES_ORDERS (ORDER_NO,EPISODE_NO,USER_ID,ORDER_CREATE_DATE) values (250,53,'lee2',to_date('19/08/08','RR/MM/DD'));
Insert into JAVER.SERIES_ORDERS (ORDER_NO,EPISODE_NO,USER_ID,ORDER_CREATE_DATE) values (251,53,'lee1',to_date('19/08/08','RR/MM/DD'));
Insert into JAVER.SERIES_ORDERS (ORDER_NO,EPISODE_NO,USER_ID,ORDER_CREATE_DATE) values (252,55,'lee6',to_date('19/08/08','RR/MM/DD'));
Insert into JAVER.SERIES_ORDERS (ORDER_NO,EPISODE_NO,USER_ID,ORDER_CREATE_DATE) values (253,55,'lee5',to_date('19/08/08','RR/MM/DD'));
Insert into JAVER.SERIES_ORDERS (ORDER_NO,EPISODE_NO,USER_ID,ORDER_CREATE_DATE) values (254,55,'lee4',to_date('19/08/08','RR/MM/DD'));
Insert into JAVER.SERIES_ORDERS (ORDER_NO,EPISODE_NO,USER_ID,ORDER_CREATE_DATE) values (255,55,'lee3',to_date('19/08/08','RR/MM/DD'));
Insert into JAVER.SERIES_ORDERS (ORDER_NO,EPISODE_NO,USER_ID,ORDER_CREATE_DATE) values (256,55,'lee2',to_date('19/08/08','RR/MM/DD'));
Insert into JAVER.SERIES_ORDERS (ORDER_NO,EPISODE_NO,USER_ID,ORDER_CREATE_DATE) values (257,55,'lee1',to_date('19/08/08','RR/MM/DD'));
Insert into JAVER.SERIES_ORDERS (ORDER_NO,EPISODE_NO,USER_ID,ORDER_CREATE_DATE) values (258,57,'lee5',to_date('19/08/08','RR/MM/DD'));
Insert into JAVER.SERIES_ORDERS (ORDER_NO,EPISODE_NO,USER_ID,ORDER_CREATE_DATE) values (259,57,'lee4',to_date('19/08/08','RR/MM/DD'));
Insert into JAVER.SERIES_ORDERS (ORDER_NO,EPISODE_NO,USER_ID,ORDER_CREATE_DATE) values (260,57,'lee3',to_date('19/08/08','RR/MM/DD'));
Insert into JAVER.SERIES_ORDERS (ORDER_NO,EPISODE_NO,USER_ID,ORDER_CREATE_DATE) values (261,57,'lee2',to_date('19/08/08','RR/MM/DD'));
Insert into JAVER.SERIES_ORDERS (ORDER_NO,EPISODE_NO,USER_ID,ORDER_CREATE_DATE) values (262,57,'lee1',to_date('19/08/08','RR/MM/DD'));
Insert into JAVER.SERIES_ORDERS (ORDER_NO,EPISODE_NO,USER_ID,ORDER_CREATE_DATE) values (263,58,'lee4',to_date('19/08/08','RR/MM/DD'));
Insert into JAVER.SERIES_ORDERS (ORDER_NO,EPISODE_NO,USER_ID,ORDER_CREATE_DATE) values (264,58,'lee3',to_date('19/08/08','RR/MM/DD'));
Insert into JAVER.SERIES_ORDERS (ORDER_NO,EPISODE_NO,USER_ID,ORDER_CREATE_DATE) values (265,58,'lee2',to_date('19/08/08','RR/MM/DD'));
Insert into JAVER.SERIES_ORDERS (ORDER_NO,EPISODE_NO,USER_ID,ORDER_CREATE_DATE) values (266,58,'lee1',to_date('19/08/08','RR/MM/DD'));
Insert into JAVER.SERIES_ORDERS (ORDER_NO,EPISODE_NO,USER_ID,ORDER_CREATE_DATE) values (267,60,'lee3',to_date('19/08/08','RR/MM/DD'));
Insert into JAVER.SERIES_ORDERS (ORDER_NO,EPISODE_NO,USER_ID,ORDER_CREATE_DATE) values (268,60,'lee2',to_date('19/08/08','RR/MM/DD'));
Insert into JAVER.SERIES_ORDERS (ORDER_NO,EPISODE_NO,USER_ID,ORDER_CREATE_DATE) values (269,60,'lee1',to_date('19/08/08','RR/MM/DD'));
Insert into JAVER.SERIES_ORDERS (ORDER_NO,EPISODE_NO,USER_ID,ORDER_CREATE_DATE) values (270,62,'lee2',to_date('19/08/08','RR/MM/DD'));
Insert into JAVER.SERIES_ORDERS (ORDER_NO,EPISODE_NO,USER_ID,ORDER_CREATE_DATE) values (271,62,'lee1',to_date('19/08/08','RR/MM/DD'));
Insert into JAVER.SERIES_ORDERS (ORDER_NO,EPISODE_NO,USER_ID,ORDER_CREATE_DATE) values (272,67,'lee1',to_date('19/08/08','RR/MM/DD'));
Insert into JAVER.SERIES_ORDERS (ORDER_NO,EPISODE_NO,USER_ID,ORDER_CREATE_DATE) values (273,67,'lee1',to_date('19/08/08','RR/MM/DD'));
Insert into JAVER.SERIES_ORDERS (ORDER_NO,EPISODE_NO,USER_ID,ORDER_CREATE_DATE) values (296,31,'series1',to_date('19/08/13','RR/MM/DD'));
Insert into JAVER.SERIES_ORDERS (ORDER_NO,EPISODE_NO,USER_ID,ORDER_CREATE_DATE) values (297,33,'series1',to_date('19/08/13','RR/MM/DD'));
Insert into JAVER.SERIES_ORDERS (ORDER_NO,EPISODE_NO,USER_ID,ORDER_CREATE_DATE) values (298,35,'series1',to_date('19/08/13','RR/MM/DD'));
Insert into JAVER.SERIES_ORDERS (ORDER_NO,EPISODE_NO,USER_ID,ORDER_CREATE_DATE) values (299,34,'series1',to_date('19/08/13','RR/MM/DD'));
Insert into JAVER.SERIES_ORDERS (ORDER_NO,EPISODE_NO,USER_ID,ORDER_CREATE_DATE) values (300,39,'series1',to_date('19/08/13','RR/MM/DD'));
Insert into JAVER.SERIES_ORDERS (ORDER_NO,EPISODE_NO,USER_ID,ORDER_CREATE_DATE) values (301,38,'series1',to_date('19/08/13','RR/MM/DD'));
Insert into JAVER.SERIES_ORDERS (ORDER_NO,EPISODE_NO,USER_ID,ORDER_CREATE_DATE) values (302,37,'series1',to_date('19/08/13','RR/MM/DD'));
Insert into JAVER.SERIES_ORDERS (ORDER_NO,EPISODE_NO,USER_ID,ORDER_CREATE_DATE) values (289,48,'series2',to_date('19/08/13','RR/MM/DD'));
Insert into JAVER.SERIES_ORDERS (ORDER_NO,EPISODE_NO,USER_ID,ORDER_CREATE_DATE) values (291,50,'series2',to_date('19/08/13','RR/MM/DD'));
REM INSERTING into JAVER.SERIES_REVIEWS
SET DEFINE OFF;
Insert into JAVER.SERIES_REVIEWS (REVIEW_NO,USER_ID,VOD_NO,REVIEW_CONTENTS,REVIEW_CREATE_DATE) values (1,'series1',2,'너무 기대됩니다.',to_date('19/08/05','RR/MM/DD'));
Insert into JAVER.SERIES_REVIEWS (REVIEW_NO,USER_ID,VOD_NO,REVIEW_CONTENTS,REVIEW_CREATE_DATE) values (2,'series1',3,'너무 기대됩니다.',to_date('19/08/05','RR/MM/DD'));
Insert into JAVER.SERIES_REVIEWS (REVIEW_NO,USER_ID,VOD_NO,REVIEW_CONTENTS,REVIEW_CREATE_DATE) values (3,'series1',4,'너무 기대됩니다.',to_date('19/08/05','RR/MM/DD'));
Insert into JAVER.SERIES_REVIEWS (REVIEW_NO,USER_ID,VOD_NO,REVIEW_CONTENTS,REVIEW_CREATE_DATE) values (4,'series1',5,'너무 기대됩니다.',to_date('19/08/05','RR/MM/DD'));
Insert into JAVER.SERIES_REVIEWS (REVIEW_NO,USER_ID,VOD_NO,REVIEW_CONTENTS,REVIEW_CREATE_DATE) values (5,'series1',7,'너무 기대됩니다.',to_date('19/08/05','RR/MM/DD'));
Insert into JAVER.SERIES_REVIEWS (REVIEW_NO,USER_ID,VOD_NO,REVIEW_CONTENTS,REVIEW_CREATE_DATE) values (6,'series1',9,'너무 기대됩니다.',to_date('19/08/05','RR/MM/DD'));
Insert into JAVER.SERIES_REVIEWS (REVIEW_NO,USER_ID,VOD_NO,REVIEW_CONTENTS,REVIEW_CREATE_DATE) values (7,'series1',16,'너무 기대됩니다.',to_date('19/08/05','RR/MM/DD'));
Insert into JAVER.SERIES_REVIEWS (REVIEW_NO,USER_ID,VOD_NO,REVIEW_CONTENTS,REVIEW_CREATE_DATE) values (8,'series1',17,'너무 기대됩니다.',to_date('19/08/05','RR/MM/DD'));
Insert into JAVER.SERIES_REVIEWS (REVIEW_NO,USER_ID,VOD_NO,REVIEW_CONTENTS,REVIEW_CREATE_DATE) values (9,'series1',20,'너무 기대됩니다.',to_date('19/08/05','RR/MM/DD'));
Insert into JAVER.SERIES_REVIEWS (REVIEW_NO,USER_ID,VOD_NO,REVIEW_CONTENTS,REVIEW_CREATE_DATE) values (10,'series1',21,'너무 기대됩니다.',to_date('19/08/05','RR/MM/DD'));
Insert into JAVER.SERIES_REVIEWS (REVIEW_NO,USER_ID,VOD_NO,REVIEW_CONTENTS,REVIEW_CREATE_DATE) values (11,'series1',22,'너무 기대됩니다.',to_date('19/08/05','RR/MM/DD'));
Insert into JAVER.SERIES_REVIEWS (REVIEW_NO,USER_ID,VOD_NO,REVIEW_CONTENTS,REVIEW_CREATE_DATE) values (12,'series1',23,'너무 기대됩니다.',to_date('19/08/05','RR/MM/DD'));
Insert into JAVER.SERIES_REVIEWS (REVIEW_NO,USER_ID,VOD_NO,REVIEW_CONTENTS,REVIEW_CREATE_DATE) values (13,'series1',24,'너무 기대됩니다.',to_date('19/08/05','RR/MM/DD'));
Insert into JAVER.SERIES_REVIEWS (REVIEW_NO,USER_ID,VOD_NO,REVIEW_CONTENTS,REVIEW_CREATE_DATE) values (14,'series1',27,'너무 기대됩니다.',to_date('19/08/05','RR/MM/DD'));
Insert into JAVER.SERIES_REVIEWS (REVIEW_NO,USER_ID,VOD_NO,REVIEW_CONTENTS,REVIEW_CREATE_DATE) values (15,'series1',28,'너무 기대됩니다.',to_date('19/08/05','RR/MM/DD'));
Insert into JAVER.SERIES_REVIEWS (REVIEW_NO,USER_ID,VOD_NO,REVIEW_CONTENTS,REVIEW_CREATE_DATE) values (16,'series1',29,'너무 기대됩니다.',to_date('19/08/05','RR/MM/DD'));
Insert into JAVER.SERIES_REVIEWS (REVIEW_NO,USER_ID,VOD_NO,REVIEW_CONTENTS,REVIEW_CREATE_DATE) values (17,'series1',31,'너무 기대됩니다.',to_date('19/08/05','RR/MM/DD'));
Insert into JAVER.SERIES_REVIEWS (REVIEW_NO,USER_ID,VOD_NO,REVIEW_CONTENTS,REVIEW_CREATE_DATE) values (18,'series1',34,'너무 기대됩니다.',to_date('19/08/05','RR/MM/DD'));
Insert into JAVER.SERIES_REVIEWS (REVIEW_NO,USER_ID,VOD_NO,REVIEW_CONTENTS,REVIEW_CREATE_DATE) values (19,'series1',35,'너무 기대됩니다.',to_date('19/08/05','RR/MM/DD'));
Insert into JAVER.SERIES_REVIEWS (REVIEW_NO,USER_ID,VOD_NO,REVIEW_CONTENTS,REVIEW_CREATE_DATE) values (20,'series1',36,'너무 기대됩니다.',to_date('19/08/05','RR/MM/DD'));
Insert into JAVER.SERIES_REVIEWS (REVIEW_NO,USER_ID,VOD_NO,REVIEW_CONTENTS,REVIEW_CREATE_DATE) values (21,'series1',44,'너무 기대됩니다.',to_date('19/08/05','RR/MM/DD'));
Insert into JAVER.SERIES_REVIEWS (REVIEW_NO,USER_ID,VOD_NO,REVIEW_CONTENTS,REVIEW_CREATE_DATE) values (22,'series1',46,'너무 기대됩니다.',to_date('19/08/05','RR/MM/DD'));
Insert into JAVER.SERIES_REVIEWS (REVIEW_NO,USER_ID,VOD_NO,REVIEW_CONTENTS,REVIEW_CREATE_DATE) values (23,'series1',48,'너무 기대됩니다.',to_date('19/08/05','RR/MM/DD'));
Insert into JAVER.SERIES_REVIEWS (REVIEW_NO,USER_ID,VOD_NO,REVIEW_CONTENTS,REVIEW_CREATE_DATE) values (24,'series1',49,'너무 기대됩니다.',to_date('19/08/05','RR/MM/DD'));
Insert into JAVER.SERIES_REVIEWS (REVIEW_NO,USER_ID,VOD_NO,REVIEW_CONTENTS,REVIEW_CREATE_DATE) values (25,'series1',56,'너무 기대됩니다.',to_date('19/08/05','RR/MM/DD'));
Insert into JAVER.SERIES_REVIEWS (REVIEW_NO,USER_ID,VOD_NO,REVIEW_CONTENTS,REVIEW_CREATE_DATE) values (26,'series1',57,'너무 기대됩니다.',to_date('19/08/05','RR/MM/DD'));
Insert into JAVER.SERIES_REVIEWS (REVIEW_NO,USER_ID,VOD_NO,REVIEW_CONTENTS,REVIEW_CREATE_DATE) values (27,'series2',2,'화질이 좀 더 좋았으면 싶네요.',to_date('19/08/05','RR/MM/DD'));
Insert into JAVER.SERIES_REVIEWS (REVIEW_NO,USER_ID,VOD_NO,REVIEW_CONTENTS,REVIEW_CREATE_DATE) values (28,'series2',3,'화질이 좀 더 좋았으면 싶네요.',to_date('19/08/05','RR/MM/DD'));
Insert into JAVER.SERIES_REVIEWS (REVIEW_NO,USER_ID,VOD_NO,REVIEW_CONTENTS,REVIEW_CREATE_DATE) values (29,'series2',4,'화질이 좀 더 좋았으면 싶네요.',to_date('19/08/05','RR/MM/DD'));
Insert into JAVER.SERIES_REVIEWS (REVIEW_NO,USER_ID,VOD_NO,REVIEW_CONTENTS,REVIEW_CREATE_DATE) values (30,'series2',5,'화질이 좀 더 좋았으면 싶네요.',to_date('19/08/05','RR/MM/DD'));
Insert into JAVER.SERIES_REVIEWS (REVIEW_NO,USER_ID,VOD_NO,REVIEW_CONTENTS,REVIEW_CREATE_DATE) values (31,'series2',7,'화질이 좀 더 좋았으면 싶네요.',to_date('19/08/05','RR/MM/DD'));
Insert into JAVER.SERIES_REVIEWS (REVIEW_NO,USER_ID,VOD_NO,REVIEW_CONTENTS,REVIEW_CREATE_DATE) values (32,'series2',9,'화질이 좀 더 좋았으면 싶네요.',to_date('19/08/05','RR/MM/DD'));
Insert into JAVER.SERIES_REVIEWS (REVIEW_NO,USER_ID,VOD_NO,REVIEW_CONTENTS,REVIEW_CREATE_DATE) values (33,'series2',16,'화질이 좀 더 좋았으면 싶네요.',to_date('19/08/05','RR/MM/DD'));
Insert into JAVER.SERIES_REVIEWS (REVIEW_NO,USER_ID,VOD_NO,REVIEW_CONTENTS,REVIEW_CREATE_DATE) values (34,'series2',17,'화질이 좀 더 좋았으면 싶네요.',to_date('19/08/05','RR/MM/DD'));
Insert into JAVER.SERIES_REVIEWS (REVIEW_NO,USER_ID,VOD_NO,REVIEW_CONTENTS,REVIEW_CREATE_DATE) values (35,'series2',20,'화질이 좀 더 좋았으면 싶네요.',to_date('19/08/05','RR/MM/DD'));
Insert into JAVER.SERIES_REVIEWS (REVIEW_NO,USER_ID,VOD_NO,REVIEW_CONTENTS,REVIEW_CREATE_DATE) values (36,'series2',21,'화질이 좀 더 좋았으면 싶네요.',to_date('19/08/05','RR/MM/DD'));
Insert into JAVER.SERIES_REVIEWS (REVIEW_NO,USER_ID,VOD_NO,REVIEW_CONTENTS,REVIEW_CREATE_DATE) values (37,'series2',22,'화질이 좀 더 좋았으면 싶네요.',to_date('19/08/05','RR/MM/DD'));
Insert into JAVER.SERIES_REVIEWS (REVIEW_NO,USER_ID,VOD_NO,REVIEW_CONTENTS,REVIEW_CREATE_DATE) values (38,'series2',23,'화질이 좀 더 좋았으면 싶네요.',to_date('19/08/05','RR/MM/DD'));
Insert into JAVER.SERIES_REVIEWS (REVIEW_NO,USER_ID,VOD_NO,REVIEW_CONTENTS,REVIEW_CREATE_DATE) values (39,'series2',24,'화질이 좀 더 좋았으면 싶네요.',to_date('19/08/05','RR/MM/DD'));
Insert into JAVER.SERIES_REVIEWS (REVIEW_NO,USER_ID,VOD_NO,REVIEW_CONTENTS,REVIEW_CREATE_DATE) values (40,'series2',27,'화질이 좀 더 좋았으면 싶네요.',to_date('19/08/05','RR/MM/DD'));
Insert into JAVER.SERIES_REVIEWS (REVIEW_NO,USER_ID,VOD_NO,REVIEW_CONTENTS,REVIEW_CREATE_DATE) values (41,'series2',28,'화질이 좀 더 좋았으면 싶네요.',to_date('19/08/05','RR/MM/DD'));
Insert into JAVER.SERIES_REVIEWS (REVIEW_NO,USER_ID,VOD_NO,REVIEW_CONTENTS,REVIEW_CREATE_DATE) values (42,'series2',29,'화질이 좀 더 좋았으면 싶네요.',to_date('19/08/05','RR/MM/DD'));
Insert into JAVER.SERIES_REVIEWS (REVIEW_NO,USER_ID,VOD_NO,REVIEW_CONTENTS,REVIEW_CREATE_DATE) values (43,'series2',31,'화질이 좀 더 좋았으면 싶네요.',to_date('19/08/05','RR/MM/DD'));
Insert into JAVER.SERIES_REVIEWS (REVIEW_NO,USER_ID,VOD_NO,REVIEW_CONTENTS,REVIEW_CREATE_DATE) values (44,'series2',34,'화질이 좀 더 좋았으면 싶네요.',to_date('19/08/05','RR/MM/DD'));
Insert into JAVER.SERIES_REVIEWS (REVIEW_NO,USER_ID,VOD_NO,REVIEW_CONTENTS,REVIEW_CREATE_DATE) values (45,'series2',35,'화질이 좀 더 좋았으면 싶네요.',to_date('19/08/05','RR/MM/DD'));
Insert into JAVER.SERIES_REVIEWS (REVIEW_NO,USER_ID,VOD_NO,REVIEW_CONTENTS,REVIEW_CREATE_DATE) values (46,'series2',36,'화질이 좀 더 좋았으면 싶네요.',to_date('19/08/05','RR/MM/DD'));
Insert into JAVER.SERIES_REVIEWS (REVIEW_NO,USER_ID,VOD_NO,REVIEW_CONTENTS,REVIEW_CREATE_DATE) values (47,'series2',44,'화질이 좀 더 좋았으면 싶네요.',to_date('19/08/05','RR/MM/DD'));
Insert into JAVER.SERIES_REVIEWS (REVIEW_NO,USER_ID,VOD_NO,REVIEW_CONTENTS,REVIEW_CREATE_DATE) values (48,'series2',45,'화질이 좀 더 좋았으면 싶네요.',to_date('19/08/05','RR/MM/DD'));
Insert into JAVER.SERIES_REVIEWS (REVIEW_NO,USER_ID,VOD_NO,REVIEW_CONTENTS,REVIEW_CREATE_DATE) values (49,'series2',48,'화질이 좀 더 좋았으면 싶네요.',to_date('19/08/05','RR/MM/DD'));
Insert into JAVER.SERIES_REVIEWS (REVIEW_NO,USER_ID,VOD_NO,REVIEW_CONTENTS,REVIEW_CREATE_DATE) values (50,'series2',49,'화질이 좀 더 좋았으면 싶네요.',to_date('19/08/05','RR/MM/DD'));
Insert into JAVER.SERIES_REVIEWS (REVIEW_NO,USER_ID,VOD_NO,REVIEW_CONTENTS,REVIEW_CREATE_DATE) values (51,'series2',56,'화질이 좀 더 좋았으면 싶네요.',to_date('19/08/05','RR/MM/DD'));
Insert into JAVER.SERIES_REVIEWS (REVIEW_NO,USER_ID,VOD_NO,REVIEW_CONTENTS,REVIEW_CREATE_DATE) values (52,'series2',57,'화질이 좀 더 좋았으면 싶네요.',to_date('19/08/05','RR/MM/DD'));
Insert into JAVER.SERIES_REVIEWS (REVIEW_NO,USER_ID,VOD_NO,REVIEW_CONTENTS,REVIEW_CREATE_DATE) values (53,'series3',2,'가격이 너무 비싸요.',to_date('19/08/05','RR/MM/DD'));
Insert into JAVER.SERIES_REVIEWS (REVIEW_NO,USER_ID,VOD_NO,REVIEW_CONTENTS,REVIEW_CREATE_DATE) values (54,'series3',3,'가격이 너무 비싸요.',to_date('19/08/05','RR/MM/DD'));
Insert into JAVER.SERIES_REVIEWS (REVIEW_NO,USER_ID,VOD_NO,REVIEW_CONTENTS,REVIEW_CREATE_DATE) values (55,'series3',4,'가격이 너무 비싸요.',to_date('19/08/05','RR/MM/DD'));
Insert into JAVER.SERIES_REVIEWS (REVIEW_NO,USER_ID,VOD_NO,REVIEW_CONTENTS,REVIEW_CREATE_DATE) values (56,'series3',5,'가격이 너무 비싸요.',to_date('19/08/05','RR/MM/DD'));
Insert into JAVER.SERIES_REVIEWS (REVIEW_NO,USER_ID,VOD_NO,REVIEW_CONTENTS,REVIEW_CREATE_DATE) values (57,'series3',7,'가격이 너무 비싸요.',to_date('19/08/05','RR/MM/DD'));
Insert into JAVER.SERIES_REVIEWS (REVIEW_NO,USER_ID,VOD_NO,REVIEW_CONTENTS,REVIEW_CREATE_DATE) values (58,'series3',9,'가격이 너무 비싸요.',to_date('19/08/05','RR/MM/DD'));
Insert into JAVER.SERIES_REVIEWS (REVIEW_NO,USER_ID,VOD_NO,REVIEW_CONTENTS,REVIEW_CREATE_DATE) values (59,'series3',16,'가격이 너무 비싸요.',to_date('19/08/05','RR/MM/DD'));
Insert into JAVER.SERIES_REVIEWS (REVIEW_NO,USER_ID,VOD_NO,REVIEW_CONTENTS,REVIEW_CREATE_DATE) values (60,'series3',17,'가격이 너무 비싸요.',to_date('19/08/05','RR/MM/DD'));
Insert into JAVER.SERIES_REVIEWS (REVIEW_NO,USER_ID,VOD_NO,REVIEW_CONTENTS,REVIEW_CREATE_DATE) values (61,'series3',20,'가격이 너무 비싸요.',to_date('19/08/05','RR/MM/DD'));
Insert into JAVER.SERIES_REVIEWS (REVIEW_NO,USER_ID,VOD_NO,REVIEW_CONTENTS,REVIEW_CREATE_DATE) values (62,'series3',21,'가격이 너무 비싸요.',to_date('19/08/05','RR/MM/DD'));
Insert into JAVER.SERIES_REVIEWS (REVIEW_NO,USER_ID,VOD_NO,REVIEW_CONTENTS,REVIEW_CREATE_DATE) values (63,'series3',22,'가격이 너무 비싸요.',to_date('19/08/05','RR/MM/DD'));
Insert into JAVER.SERIES_REVIEWS (REVIEW_NO,USER_ID,VOD_NO,REVIEW_CONTENTS,REVIEW_CREATE_DATE) values (64,'series3',23,'가격이 너무 비싸요.',to_date('19/08/05','RR/MM/DD'));
Insert into JAVER.SERIES_REVIEWS (REVIEW_NO,USER_ID,VOD_NO,REVIEW_CONTENTS,REVIEW_CREATE_DATE) values (65,'series3',24,'가격이 너무 비싸요.',to_date('19/08/05','RR/MM/DD'));
Insert into JAVER.SERIES_REVIEWS (REVIEW_NO,USER_ID,VOD_NO,REVIEW_CONTENTS,REVIEW_CREATE_DATE) values (66,'series3',27,'가격이 너무 비싸요.',to_date('19/08/05','RR/MM/DD'));
Insert into JAVER.SERIES_REVIEWS (REVIEW_NO,USER_ID,VOD_NO,REVIEW_CONTENTS,REVIEW_CREATE_DATE) values (67,'series3',28,'가격이 너무 비싸요.',to_date('19/08/05','RR/MM/DD'));
Insert into JAVER.SERIES_REVIEWS (REVIEW_NO,USER_ID,VOD_NO,REVIEW_CONTENTS,REVIEW_CREATE_DATE) values (68,'series3',29,'가격이 너무 비싸요.',to_date('19/08/05','RR/MM/DD'));
Insert into JAVER.SERIES_REVIEWS (REVIEW_NO,USER_ID,VOD_NO,REVIEW_CONTENTS,REVIEW_CREATE_DATE) values (69,'series3',31,'가격이 너무 비싸요.',to_date('19/08/05','RR/MM/DD'));
Insert into JAVER.SERIES_REVIEWS (REVIEW_NO,USER_ID,VOD_NO,REVIEW_CONTENTS,REVIEW_CREATE_DATE) values (70,'series3',34,'가격이 너무 비싸요.',to_date('19/08/05','RR/MM/DD'));
Insert into JAVER.SERIES_REVIEWS (REVIEW_NO,USER_ID,VOD_NO,REVIEW_CONTENTS,REVIEW_CREATE_DATE) values (71,'series3',35,'가격이 너무 비싸요.',to_date('19/08/05','RR/MM/DD'));
Insert into JAVER.SERIES_REVIEWS (REVIEW_NO,USER_ID,VOD_NO,REVIEW_CONTENTS,REVIEW_CREATE_DATE) values (72,'series3',36,'가격이 너무 비싸요.',to_date('19/08/05','RR/MM/DD'));
Insert into JAVER.SERIES_REVIEWS (REVIEW_NO,USER_ID,VOD_NO,REVIEW_CONTENTS,REVIEW_CREATE_DATE) values (73,'series2',44,'가격이 너무 비싸요.',to_date('19/08/05','RR/MM/DD'));
Insert into JAVER.SERIES_REVIEWS (REVIEW_NO,USER_ID,VOD_NO,REVIEW_CONTENTS,REVIEW_CREATE_DATE) values (74,'series2',46,'가격이 너무 비싸요.',to_date('19/08/05','RR/MM/DD'));
Insert into JAVER.SERIES_REVIEWS (REVIEW_NO,USER_ID,VOD_NO,REVIEW_CONTENTS,REVIEW_CREATE_DATE) values (75,'series2',48,'가격이 너무 비싸요.',to_date('19/08/05','RR/MM/DD'));
Insert into JAVER.SERIES_REVIEWS (REVIEW_NO,USER_ID,VOD_NO,REVIEW_CONTENTS,REVIEW_CREATE_DATE) values (76,'series2',49,'가격이 너무 비싸요.',to_date('19/08/05','RR/MM/DD'));
Insert into JAVER.SERIES_REVIEWS (REVIEW_NO,USER_ID,VOD_NO,REVIEW_CONTENTS,REVIEW_CREATE_DATE) values (77,'series2',56,'가격이 너무 비싸요.',to_date('19/08/05','RR/MM/DD'));
Insert into JAVER.SERIES_REVIEWS (REVIEW_NO,USER_ID,VOD_NO,REVIEW_CONTENTS,REVIEW_CREATE_DATE) values (78,'series2',57,'가격이 너무 비싸요.',to_date('19/08/05','RR/MM/DD'));
Insert into JAVER.SERIES_REVIEWS (REVIEW_NO,USER_ID,VOD_NO,REVIEW_CONTENTS,REVIEW_CREATE_DATE) values (79,'series4',2,'스토리도 재미있고 배우들 연기도 좋아서 정주행합니다.',to_date('19/08/05','RR/MM/DD'));
Insert into JAVER.SERIES_REVIEWS (REVIEW_NO,USER_ID,VOD_NO,REVIEW_CONTENTS,REVIEW_CREATE_DATE) values (80,'series4',3,'스토리도 재미있고 배우들 연기도 좋아서 정주행합니다.',to_date('19/08/05','RR/MM/DD'));
Insert into JAVER.SERIES_REVIEWS (REVIEW_NO,USER_ID,VOD_NO,REVIEW_CONTENTS,REVIEW_CREATE_DATE) values (81,'series4',4,'스토리도 재미있고 배우들 연기도 좋아서 정주행합니다.',to_date('19/08/05','RR/MM/DD'));
Insert into JAVER.SERIES_REVIEWS (REVIEW_NO,USER_ID,VOD_NO,REVIEW_CONTENTS,REVIEW_CREATE_DATE) values (82,'series4',5,'스토리도 재미있고 배우들 연기도 좋아서 정주행합니다.',to_date('19/08/05','RR/MM/DD'));
Insert into JAVER.SERIES_REVIEWS (REVIEW_NO,USER_ID,VOD_NO,REVIEW_CONTENTS,REVIEW_CREATE_DATE) values (83,'series4',7,'스토리도 재미있고 배우들 연기도 좋아서 정주행합니다.',to_date('19/08/05','RR/MM/DD'));
Insert into JAVER.SERIES_REVIEWS (REVIEW_NO,USER_ID,VOD_NO,REVIEW_CONTENTS,REVIEW_CREATE_DATE) values (84,'series4',9,'스토리도 재미있고 배우들 연기도 좋아서 정주행합니다.',to_date('19/08/05','RR/MM/DD'));
Insert into JAVER.SERIES_REVIEWS (REVIEW_NO,USER_ID,VOD_NO,REVIEW_CONTENTS,REVIEW_CREATE_DATE) values (85,'series4',16,'스토리도 재미있고 배우들 연기도 좋아서 정주행합니다.',to_date('19/08/05','RR/MM/DD'));
Insert into JAVER.SERIES_REVIEWS (REVIEW_NO,USER_ID,VOD_NO,REVIEW_CONTENTS,REVIEW_CREATE_DATE) values (86,'series4',17,'스토리도 재미있고 배우들 연기도 좋아서 정주행합니다.',to_date('19/08/05','RR/MM/DD'));
Insert into JAVER.SERIES_REVIEWS (REVIEW_NO,USER_ID,VOD_NO,REVIEW_CONTENTS,REVIEW_CREATE_DATE) values (87,'series4',20,'스토리도 재미있고 배우들 연기도 좋아서 정주행합니다.',to_date('19/08/05','RR/MM/DD'));
Insert into JAVER.SERIES_REVIEWS (REVIEW_NO,USER_ID,VOD_NO,REVIEW_CONTENTS,REVIEW_CREATE_DATE) values (88,'series4',21,'스토리도 재미있고 배우들 연기도 좋아서 정주행합니다.',to_date('19/08/05','RR/MM/DD'));
Insert into JAVER.SERIES_REVIEWS (REVIEW_NO,USER_ID,VOD_NO,REVIEW_CONTENTS,REVIEW_CREATE_DATE) values (89,'series4',22,'스토리도 재미있고 배우들 연기도 좋아서 정주행합니다.',to_date('19/08/05','RR/MM/DD'));
Insert into JAVER.SERIES_REVIEWS (REVIEW_NO,USER_ID,VOD_NO,REVIEW_CONTENTS,REVIEW_CREATE_DATE) values (90,'series4',23,'스토리도 재미있고 배우들 연기도 좋아서 정주행합니다.',to_date('19/08/05','RR/MM/DD'));
Insert into JAVER.SERIES_REVIEWS (REVIEW_NO,USER_ID,VOD_NO,REVIEW_CONTENTS,REVIEW_CREATE_DATE) values (91,'series4',24,'스토리도 재미있고 배우들 연기도 좋아서 정주행합니다.',to_date('19/08/05','RR/MM/DD'));
Insert into JAVER.SERIES_REVIEWS (REVIEW_NO,USER_ID,VOD_NO,REVIEW_CONTENTS,REVIEW_CREATE_DATE) values (92,'series4',27,'스토리도 재미있고 배우들 연기도 좋아서 정주행합니다.',to_date('19/08/05','RR/MM/DD'));
Insert into JAVER.SERIES_REVIEWS (REVIEW_NO,USER_ID,VOD_NO,REVIEW_CONTENTS,REVIEW_CREATE_DATE) values (93,'series4',28,'스토리도 재미있고 배우들 연기도 좋아서 정주행합니다.',to_date('19/08/05','RR/MM/DD'));
Insert into JAVER.SERIES_REVIEWS (REVIEW_NO,USER_ID,VOD_NO,REVIEW_CONTENTS,REVIEW_CREATE_DATE) values (94,'series4',29,'스토리도 재미있고 배우들 연기도 좋아서 정주행합니다.',to_date('19/08/05','RR/MM/DD'));
Insert into JAVER.SERIES_REVIEWS (REVIEW_NO,USER_ID,VOD_NO,REVIEW_CONTENTS,REVIEW_CREATE_DATE) values (95,'series4',31,'스토리도 재미있고 배우들 연기도 좋아서 정주행합니다.',to_date('19/08/05','RR/MM/DD'));
Insert into JAVER.SERIES_REVIEWS (REVIEW_NO,USER_ID,VOD_NO,REVIEW_CONTENTS,REVIEW_CREATE_DATE) values (96,'series4',34,'스토리도 재미있고 배우들 연기도 좋아서 정주행합니다.',to_date('19/08/05','RR/MM/DD'));
Insert into JAVER.SERIES_REVIEWS (REVIEW_NO,USER_ID,VOD_NO,REVIEW_CONTENTS,REVIEW_CREATE_DATE) values (97,'series4',35,'스토리도 재미있고 배우들 연기도 좋아서 정주행합니다.',to_date('19/08/05','RR/MM/DD'));
Insert into JAVER.SERIES_REVIEWS (REVIEW_NO,USER_ID,VOD_NO,REVIEW_CONTENTS,REVIEW_CREATE_DATE) values (98,'series4',36,'스토리도 재미있고 배우들 연기도 좋아서 정주행합니다.',to_date('19/08/05','RR/MM/DD'));
Insert into JAVER.SERIES_REVIEWS (REVIEW_NO,USER_ID,VOD_NO,REVIEW_CONTENTS,REVIEW_CREATE_DATE) values (99,'series4',44,'스토리도 재미있고 배우들 연기도 좋아서 정주행합니다.',to_date('19/08/05','RR/MM/DD'));
Insert into JAVER.SERIES_REVIEWS (REVIEW_NO,USER_ID,VOD_NO,REVIEW_CONTENTS,REVIEW_CREATE_DATE) values (100,'series4',46,'스토리도 재미있고 배우들 연기도 좋아서 정주행합니다.',to_date('19/08/05','RR/MM/DD'));
Insert into JAVER.SERIES_REVIEWS (REVIEW_NO,USER_ID,VOD_NO,REVIEW_CONTENTS,REVIEW_CREATE_DATE) values (101,'series4',48,'스토리도 재미있고 배우들 연기도 좋아서 정주행합니다.',to_date('19/08/05','RR/MM/DD'));
Insert into JAVER.SERIES_REVIEWS (REVIEW_NO,USER_ID,VOD_NO,REVIEW_CONTENTS,REVIEW_CREATE_DATE) values (102,'series4',49,'스토리도 재미있고 배우들 연기도 좋아서 정주행합니다.',to_date('19/08/05','RR/MM/DD'));
Insert into JAVER.SERIES_REVIEWS (REVIEW_NO,USER_ID,VOD_NO,REVIEW_CONTENTS,REVIEW_CREATE_DATE) values (103,'series4',56,'스토리도 재미있고 배우들 연기도 좋아서 정주행합니다.',to_date('19/08/05','RR/MM/DD'));
Insert into JAVER.SERIES_REVIEWS (REVIEW_NO,USER_ID,VOD_NO,REVIEW_CONTENTS,REVIEW_CREATE_DATE) values (104,'series4',57,'스토리도 재미있고 배우들 연기도 좋아서 정주행합니다.',to_date('19/08/05','RR/MM/DD'));
Insert into JAVER.SERIES_REVIEWS (REVIEW_NO,USER_ID,VOD_NO,REVIEW_CONTENTS,REVIEW_CREATE_DATE) values (105,'series1',2,'재밌어요',to_date('19/08/06','RR/MM/DD'));
Insert into JAVER.SERIES_REVIEWS (REVIEW_NO,USER_ID,VOD_NO,REVIEW_CONTENTS,REVIEW_CREATE_DATE) values (106,'series1',20,'재밌네요',to_date('19/08/07','RR/MM/DD'));
Insert into JAVER.SERIES_REVIEWS (REVIEW_NO,USER_ID,VOD_NO,REVIEW_CONTENTS,REVIEW_CREATE_DATE) values (122,'gnsl1102',20,'너무 재밌어요',to_date('19/08/08','RR/MM/DD'));
Insert into JAVER.SERIES_REVIEWS (REVIEW_NO,USER_ID,VOD_NO,REVIEW_CONTENTS,REVIEW_CREATE_DATE) values (161,'bm',60,'믹키 마우스',to_date('19/08/14','RR/MM/DD'));
Insert into JAVER.SERIES_REVIEWS (REVIEW_NO,USER_ID,VOD_NO,REVIEW_CONTENTS,REVIEW_CREATE_DATE) values (162,'bm',3,'ㅎ',to_date('19/08/14','RR/MM/DD'));
REM INSERTING into JAVER.SERIES_REVIEW_REPUTATIONS
SET DEFINE OFF;
Insert into JAVER.SERIES_REVIEW_REPUTATIONS (REPUTATION_NO,USER_ID,REVIEW_NO,REPUTATION_LIKE,REPUTATION_DISLIKE,REPUTATION_CREATE_DATE) values (1,'series1',2,'Y',null,to_date('19/08/06','RR/MM/DD'));
Insert into JAVER.SERIES_REVIEW_REPUTATIONS (REPUTATION_NO,USER_ID,REVIEW_NO,REPUTATION_LIKE,REPUTATION_DISLIKE,REPUTATION_CREATE_DATE) values (2,'series2',2,'Y',null,to_date('19/08/06','RR/MM/DD'));
Insert into JAVER.SERIES_REVIEW_REPUTATIONS (REPUTATION_NO,USER_ID,REVIEW_NO,REPUTATION_LIKE,REPUTATION_DISLIKE,REPUTATION_CREATE_DATE) values (3,'series3',2,'Y',null,to_date('19/08/06','RR/MM/DD'));
Insert into JAVER.SERIES_REVIEW_REPUTATIONS (REPUTATION_NO,USER_ID,REVIEW_NO,REPUTATION_LIKE,REPUTATION_DISLIKE,REPUTATION_CREATE_DATE) values (4,'series1',1,'Y',null,to_date('19/08/06','RR/MM/DD'));
Insert into JAVER.SERIES_REVIEW_REPUTATIONS (REPUTATION_NO,USER_ID,REVIEW_NO,REPUTATION_LIKE,REPUTATION_DISLIKE,REPUTATION_CREATE_DATE) values (5,'series2',1,'Y',null,to_date('19/08/06','RR/MM/DD'));
Insert into JAVER.SERIES_REVIEW_REPUTATIONS (REPUTATION_NO,USER_ID,REVIEW_NO,REPUTATION_LIKE,REPUTATION_DISLIKE,REPUTATION_CREATE_DATE) values (6,'series2',3,'Y',null,to_date('19/08/06','RR/MM/DD'));
Insert into JAVER.SERIES_REVIEW_REPUTATIONS (REPUTATION_NO,USER_ID,REVIEW_NO,REPUTATION_LIKE,REPUTATION_DISLIKE,REPUTATION_CREATE_DATE) values (7,'series3',1,'Y',null,to_date('19/08/06','RR/MM/DD'));
Insert into JAVER.SERIES_REVIEW_REPUTATIONS (REPUTATION_NO,USER_ID,REVIEW_NO,REPUTATION_LIKE,REPUTATION_DISLIKE,REPUTATION_CREATE_DATE) values (8,'series4',1,'Y',null,to_date('19/08/06','RR/MM/DD'));
Insert into JAVER.SERIES_REVIEW_REPUTATIONS (REPUTATION_NO,USER_ID,REVIEW_NO,REPUTATION_LIKE,REPUTATION_DISLIKE,REPUTATION_CREATE_DATE) values (9,'series5',1,'Y',null,to_date('19/08/06','RR/MM/DD'));
REM INSERTING into JAVER.SERIES_VODS
SET DEFINE OFF;
Insert into JAVER.SERIES_VODS (VOD_NO,CATEGORY_NO,VOD_IMG,VOD_RUNNING_TIME,VOD_AIR_START_DATE,VOD_AIR_FINISH_DATE,VOD_GRADE,VOD_ACTOR,VOD_DIRECTOR,VOD_DESCRIPTION,VOD_TITLE,VOD_PRICE,VOD_CREATE_DATE,VOD_IS_END) values (2,31,'열여덟의 순간.jpg',60,to_date('19/07/22','RR/MM/DD'),null,'15세관람가','옹성우, 김향기, 신승호, 강기영, 심이영, 정영주, 성기윤, 허영지, 김가희, 문주연, 김도완, 문빈, 한성민, 김보윤, 신기준',null,'위태롭고 미숙한 "Pre-청춘"들의 세상을 있는 그대로 들여다보는 감성 청춘 드라마','열여덟의 순간',1650,to_date('19/07/29','RR/MM/DD'),'방영중');
Insert into JAVER.SERIES_VODS (VOD_NO,CATEGORY_NO,VOD_IMG,VOD_RUNNING_TIME,VOD_AIR_START_DATE,VOD_AIR_FINISH_DATE,VOD_GRADE,VOD_ACTOR,VOD_DIRECTOR,VOD_DESCRIPTION,VOD_TITLE,VOD_PRICE,VOD_CREATE_DATE,VOD_IS_END) values (3,31,'의사요한.jpg',60,to_date('19/07/19','RR/MM/DD'),null,'15세관람가','지성, 이세영, 이규형, 황희, 정민아, 김혜은, 신동미, 오승현, 김영훈, 권화운, 오현중, 전노민',null,'통증의학과 의사들의 이야기를 그린 휴먼 메디컬 드라마','의사요한',1650,to_date('19/07/30','RR/MM/DD'),'방영중');
Insert into JAVER.SERIES_VODS (VOD_NO,CATEGORY_NO,VOD_IMG,VOD_RUNNING_TIME,VOD_AIR_START_DATE,VOD_AIR_FINISH_DATE,VOD_GRADE,VOD_ACTOR,VOD_DIRECTOR,VOD_DESCRIPTION,VOD_TITLE,VOD_PRICE,VOD_CREATE_DATE,VOD_IS_END) values (4,31,'황금정원.jpg',55,to_date('19/07/20','RR/MM/DD'),null,'15세관람가','한지혜, 이상우, 오지은, 이태성, 문지윤, 정영주, 정시아, 연제형, 차화연, 김유석, 조미령, 김영옥',null,'인생을 뿌리째 도둑맞은 여자가 자신의 진짜 삶을 찾아내기 위한 과정을 담은 미스터리 휴먼 멜로 드라마','황금정원',1650,to_date('19/07/30','RR/MM/DD'),'방영중');
Insert into JAVER.SERIES_VODS (VOD_NO,CATEGORY_NO,VOD_IMG,VOD_RUNNING_TIME,VOD_AIR_START_DATE,VOD_AIR_FINISH_DATE,VOD_GRADE,VOD_ACTOR,VOD_DIRECTOR,VOD_DESCRIPTION,VOD_TITLE,VOD_PRICE,VOD_CREATE_DATE,VOD_IS_END) values (5,31,'미스터 기간제.jpg',60,to_date('19/07/17','RR/MM/DD'),null,'15세관람가','윤균상, 금새록, 준, 최유화, 권소현, 최규진, 한소은, 병헌',null,'상위 0.1% 명문고에서 벌어진 의문의 살인 사건, 진실을 밝히려는 속물 변호사의 잠입 작전이 시작된다.','미스터 기간제',1650,to_date('19/07/30','RR/MM/DD'),'방영중');
Insert into JAVER.SERIES_VODS (VOD_NO,CATEGORY_NO,VOD_IMG,VOD_RUNNING_TIME,VOD_AIR_START_DATE,VOD_AIR_FINISH_DATE,VOD_GRADE,VOD_ACTOR,VOD_DIRECTOR,VOD_DESCRIPTION,VOD_TITLE,VOD_PRICE,VOD_CREATE_DATE,VOD_IS_END) values (18,31,'품위있는 여군의 삽질로맨스.jpg',40,to_date('18/07/20','RR/MM/DD'),to_date('18/07/20','RR/MM/DD'),'12세관람가',null,'김호석','청춘들을 위한 병영 활극 코미디. 대한민국 여성들도 병역 의무를 이행한다는 가상 설정 아래 오합지졸 여군들의 병영 생활 스토리를 다룬 드라마 (8부작)','품위있는 여군의 삽질로맨스',800,to_date('19/07/30','RR/MM/DD'),'(종영)');
Insert into JAVER.SERIES_VODS (VOD_NO,CATEGORY_NO,VOD_IMG,VOD_RUNNING_TIME,VOD_AIR_START_DATE,VOD_AIR_FINISH_DATE,VOD_GRADE,VOD_ACTOR,VOD_DIRECTOR,VOD_DESCRIPTION,VOD_TITLE,VOD_PRICE,VOD_CREATE_DATE,VOD_IS_END) values (7,31,'호텔 델루나.jpg',70,to_date('19/07/13','RR/MM/DD'),null,'15세관람가','아이유, 여진구, 조현철, 정동환, 신정근, 배해선, 피오, 이도현, 이태선, 서이숙, 강홍석, 미나',null,'엘리트 호텔리어가 운명적인 사건으로 호텔 델루나의 지배인을 맡게 되면서 달처럼 고고하고 아름답지만 괴팍한 사장과 함께 델루나를 운영하며 생기는 특별한 이야기','호텔 델루나',700,to_date('19/07/30','RR/MM/DD'),'방영중');
Insert into JAVER.SERIES_VODS (VOD_NO,CATEGORY_NO,VOD_IMG,VOD_RUNNING_TIME,VOD_AIR_START_DATE,VOD_AIR_FINISH_DATE,VOD_GRADE,VOD_ACTOR,VOD_DIRECTOR,VOD_DESCRIPTION,VOD_TITLE,VOD_PRICE,VOD_CREATE_DATE,VOD_IS_END) values (9,31,'신입사관 구해령.jpg',60,to_date('19/07/17','RR/MM/DD'),null,'15세관람가','신세경, 차은우, 박지현, 이지훈, 공정환, 박기웅, 이예림, 김민상, 최덕문, 전익령, 김여진, 성지루, 장유빈',null,'조선의 첫 문제적 여사(女史) 구해령과 반전 모태솔로 왕자 이림의 "필" 충만 로맨스 실록','신입사관 구해령',1650,to_date('19/07/30','RR/MM/DD'),'방영중');
Insert into JAVER.SERIES_VODS (VOD_NO,CATEGORY_NO,VOD_IMG,VOD_RUNNING_TIME,VOD_AIR_START_DATE,VOD_AIR_FINISH_DATE,VOD_GRADE,VOD_ACTOR,VOD_DIRECTOR,VOD_DESCRIPTION,VOD_TITLE,VOD_PRICE,VOD_CREATE_DATE,VOD_IS_END) values (10,31,'모두 다 쿵따리.jpg',33,to_date('19/07/16','RR/MM/DD'),null,'15세관람가','박시은, 김호진, 이보희, 서혜진, 정규수, 장유',null,'미국에 입양 후 처음 오게 된 고향 쿵따리 마을에 정착하게 되며 벌어지는 좌충우돌 시골 적응기','모두 다 쿵따리',600,to_date('19/07/30','RR/MM/DD'),'방영중');
Insert into JAVER.SERIES_VODS (VOD_NO,CATEGORY_NO,VOD_IMG,VOD_RUNNING_TIME,VOD_AIR_START_DATE,VOD_AIR_FINISH_DATE,VOD_GRADE,VOD_ACTOR,VOD_DIRECTOR,VOD_DESCRIPTION,VOD_TITLE,VOD_PRICE,VOD_CREATE_DATE,VOD_IS_END) values (11,31,'평일 오후 세시의 연인.jpg',60,to_date('19/07/05','RR/MM/DD'),null,'15세관람가','박하선, 이상엽, 예지원, 조동혁, 정상훈, 오동민, 정예진, 유서진, 신수연, 류아벨, 최병모, 황정민, 박민지, 김영준',null,'금기된 사랑으로 인해 혹독한 홍역을 겪는 어른들의 성장드라마','평일 오후 세시의 연인',1700,to_date('19/07/30','RR/MM/DD'),'방영중');
Insert into JAVER.SERIES_VODS (VOD_NO,CATEGORY_NO,VOD_IMG,VOD_RUNNING_TIME,VOD_AIR_START_DATE,VOD_AIR_FINISH_DATE,VOD_GRADE,VOD_ACTOR,VOD_DIRECTOR,VOD_DESCRIPTION,VOD_TITLE,VOD_PRICE,VOD_CREATE_DATE,VOD_IS_END) values (12,31,'60일, 지정생존자.png',60,to_date('19/07/01','RR/MM/DD'),null,'15세관람가','지진희, 김규리, 허준호, 강한나, 손석구, 이준혁, 배종옥, 최윤영, 최재성, 이하율, 김주헌, 공정환, 박근록, 최진호, 성기윤, 이도엽, 이무생',null,'갑작스러운 국회의사당 폭탄 테러로 대통령을 잃은 대한민국에서 환경부 장관 박무진이 60일간의 대통령 권한대행으로 지정되면서 테러의 배후를 찾아내고 가족과 나라를 지키며 성장하는 이야기','60일, 지정생존자',1600,to_date('19/07/30','RR/MM/DD'),'방영중');
Insert into JAVER.SERIES_VODS (VOD_NO,CATEGORY_NO,VOD_IMG,VOD_RUNNING_TIME,VOD_AIR_START_DATE,VOD_AIR_FINISH_DATE,VOD_GRADE,VOD_ACTOR,VOD_DIRECTOR,VOD_DESCRIPTION,VOD_TITLE,VOD_PRICE,VOD_CREATE_DATE,VOD_IS_END) values (15,31,'출발드라마여행2019드라마미리보기.jpg',55,to_date('19/01/17','RR/MM/DD'),to_date('19/01/17','RR/MM/DD'),'15세관람가',null,null,'19년 신규 드라마 라인업(봄이오나봄(수목)/아이템(월화)/더뱅커(수목)/이몽(토))의 스토리 요약형 프로그램[주연 없음]','출발드라마여행2019드라마미리보기',1500,to_date('19/07/30','RR/MM/DD'),'(종영)');
Insert into JAVER.SERIES_VODS (VOD_NO,CATEGORY_NO,VOD_IMG,VOD_RUNNING_TIME,VOD_AIR_START_DATE,VOD_AIR_FINISH_DATE,VOD_GRADE,VOD_ACTOR,VOD_DIRECTOR,VOD_DESCRIPTION,VOD_TITLE,VOD_PRICE,VOD_CREATE_DATE,VOD_IS_END) values (16,31,'좋맛탱.png',70,to_date('18/12/24','RR/MM/DD'),to_date('18/12/24','RR/MM/DD'),'15세관람가','김향기, 김민규, 유영, 노을, 지화섭','서민정','충남 서산에서 상경한 새내기 #정충남과 연남동 토박이 #이연남이 만나 벌어지는 #디저트처럼 달콤한 #스무살 #로맨스','좋맛탱',800,to_date('19/07/30','RR/MM/DD'),'(종영)');
Insert into JAVER.SERIES_VODS (VOD_NO,CATEGORY_NO,VOD_IMG,VOD_RUNNING_TIME,VOD_AIR_START_DATE,VOD_AIR_FINISH_DATE,VOD_GRADE,VOD_ACTOR,VOD_DIRECTOR,VOD_DESCRIPTION,VOD_TITLE,VOD_PRICE,VOD_CREATE_DATE,VOD_IS_END) values (17,31,'어멍의 바당.jpg',45,to_date('18/12/01','RR/MM/DD'),to_date('18/12/15','RR/MM/DD'),'전체관람가',null,'오수안, 양천호','해녀 3대의 이야기를 통해 유네스코 인류 무형 문화유산인 제주 해녀들의 일상과 역사, 문화를 담은 드라마','어멍의 바당',1000,to_date('19/07/30','RR/MM/DD'),'(종영)');
Insert into JAVER.SERIES_VODS (VOD_NO,CATEGORY_NO,VOD_IMG,VOD_RUNNING_TIME,VOD_AIR_START_DATE,VOD_AIR_FINISH_DATE,VOD_GRADE,VOD_ACTOR,VOD_DIRECTOR,VOD_DESCRIPTION,VOD_TITLE,VOD_PRICE,VOD_CREATE_DATE,VOD_IS_END) values (19,31,'눈이 부시게.jpg',60,to_date('19/02/11','RR/MM/DD'),to_date('19/03/19','RR/MM/DD'),'15세관람가','김혜자, 한지민, 남주혁, 손호준, 안내상, 이정은, 김가은, 송상은, 정영숙, 우현',null,'주어진 시간을 다 써보지도 못하고 잃어버린 여자와 누구보다 찬란한 순간을 스스로 내던지고 무기력한 삶을 사는 남자, 같은 시간 속에 있지만 서로 다른 시간을 살아가는 두 남녀의 시간 이탈 로맨스','눈이 부시게',800,to_date('19/07/30','RR/MM/DD'),'(종영)');
Insert into JAVER.SERIES_VODS (VOD_NO,CATEGORY_NO,VOD_IMG,VOD_RUNNING_TIME,VOD_AIR_START_DATE,VOD_AIR_FINISH_DATE,VOD_GRADE,VOD_ACTOR,VOD_DIRECTOR,VOD_DESCRIPTION,VOD_TITLE,VOD_PRICE,VOD_CREATE_DATE,VOD_IS_END) values (20,32,'셜록 시즌1.jpg',90,to_date('10/07/25','RR/MM/DD'),to_date('10/08/08','RR/MM/DD'),'15세관람가','마틴 프리먼, 루퍼트 그레이브즈, 베네딕트 컴버배치, 루 브릴리, 우나 스텁스','수 버추, 베릴 버추','아서 코난 도일의 원작 소설이자 추리물의 고전인 "셜록 홈즈"를 현대적으로 재해석한 BBC의 대표 드라마','셜록 시즌1',1100,to_date('19/07/30','RR/MM/DD'),'(종영)');
Insert into JAVER.SERIES_VODS (VOD_NO,CATEGORY_NO,VOD_IMG,VOD_RUNNING_TIME,VOD_AIR_START_DATE,VOD_AIR_FINISH_DATE,VOD_GRADE,VOD_ACTOR,VOD_DIRECTOR,VOD_DESCRIPTION,VOD_TITLE,VOD_PRICE,VOD_CREATE_DATE,VOD_IS_END) values (21,32,'셜록 시즌2.jpg',90,to_date('12/01/01','RR/MM/DD'),to_date('12/01/15','RR/MM/DD'),'15세관람가','베네딕트 컴버배치, 마틴 프리먼, 루퍼트 그레이브즈, 루 브릴리, 우나 스텁스, 마크 게티스, 앤드류 스캇, 라라 펄버','수 버추, 베릴 버추','아서 코난 도일의 원작 소설이자 추리물의 고전인 "셜록 홈즈"를 현대적으로 재해석한 BBC의 대표 드라마','셜록 시즌2',1200,to_date('19/07/30','RR/MM/DD'),'(종영)');
Insert into JAVER.SERIES_VODS (VOD_NO,CATEGORY_NO,VOD_IMG,VOD_RUNNING_TIME,VOD_AIR_START_DATE,VOD_AIR_FINISH_DATE,VOD_GRADE,VOD_ACTOR,VOD_DIRECTOR,VOD_DESCRIPTION,VOD_TITLE,VOD_PRICE,VOD_CREATE_DATE,VOD_IS_END) values (22,32,'셜록 시즌3.jpg',90,to_date('14/01/01','RR/MM/DD'),to_date('14/01/19','RR/MM/DD'),'15세관람가','베네딕트 컴버배치, 마틴 프리먼, 마크 게티스, 루퍼트 그레이브즈, 앤드류 스캇, 우나 스텁스, 루 브릴리, 아만다 애빙턴','수 버추, 베릴 버추','아서 코난 도일의 원작 소설이자 추리물의 고전인 "셜록 홈즈"를 현대적으로 재해석한 BBC의 대표 드라마','셜록 시즌3',1300,to_date('19/07/30','RR/MM/DD'),'(종영)');
Insert into JAVER.SERIES_VODS (VOD_NO,CATEGORY_NO,VOD_IMG,VOD_RUNNING_TIME,VOD_AIR_START_DATE,VOD_AIR_FINISH_DATE,VOD_GRADE,VOD_ACTOR,VOD_DIRECTOR,VOD_DESCRIPTION,VOD_TITLE,VOD_PRICE,VOD_CREATE_DATE,VOD_IS_END) values (23,32,'셜록 시즌4.jpg',90,to_date('17/01/01','RR/MM/DD'),to_date('17/01/15','RR/MM/DD'),'15세관람가','베네딕트 컴버배치, 마틴 프리먼, 토비 존스, 우나 스텁스, 루퍼트 그레이브즈, 루 브릴리, 마크 게티스, 앤드류 스캇, 아만다 애빙턴','수 버추, 베릴 버추','셜록홈즈를 현대적으로 재해석한 영국드라마','셜록 시즌4',1400,to_date('19/07/30','RR/MM/DD'),'(종영)');
Insert into JAVER.SERIES_VODS (VOD_NO,CATEGORY_NO,VOD_IMG,VOD_RUNNING_TIME,VOD_AIR_START_DATE,VOD_AIR_FINISH_DATE,VOD_GRADE,VOD_ACTOR,VOD_DIRECTOR,VOD_DESCRIPTION,VOD_TITLE,VOD_PRICE,VOD_CREATE_DATE,VOD_IS_END) values (24,33,'용왕직전연상니.jpg',45,to_date('18/12/27','RR/MM/DD'),null,'15세관람가','닉쿤, 페이',null,'천하태평 청년 백수에서 전산 착오로 대기업에 수석합격하게 된 신입사원의 좌충우돌 직장 로맨스 코미디','용왕직전연상니',1300,to_date('19/07/30','RR/MM/DD'),'방영중');
Insert into JAVER.SERIES_VODS (VOD_NO,CATEGORY_NO,VOD_IMG,VOD_RUNNING_TIME,VOD_AIR_START_DATE,VOD_AIR_FINISH_DATE,VOD_GRADE,VOD_ACTOR,VOD_DIRECTOR,VOD_DESCRIPTION,VOD_TITLE,VOD_PRICE,VOD_CREATE_DATE,VOD_IS_END) values (25,33,'삼국지(더빙판 8부작).jpg',45,to_date('10/05/02','RR/MM/DD'),to_date('10/06/18','RR/MM/DD'),'15세관람가','젠빈천, 위허웨이, 우영광, 루이, 섭원, 뤼샤오허, 하윤동, 자오커, 예대홍, 캉카이','가오시시','지금으로부터 1800여 년 전, 삼국시대의 이야기를 그린 드라마','삼국지(더빙판 8부작)',1200,to_date('19/07/30','RR/MM/DD'),'(종영)');
Insert into JAVER.SERIES_VODS (VOD_NO,CATEGORY_NO,VOD_IMG,VOD_RUNNING_TIME,VOD_AIR_START_DATE,VOD_AIR_FINISH_DATE,VOD_GRADE,VOD_ACTOR,VOD_DIRECTOR,VOD_DESCRIPTION,VOD_TITLE,VOD_PRICE,VOD_CREATE_DATE,VOD_IS_END) values (27,34,'고독한 미식가 섣달 그믐날 스페셜.jpg',74,to_date('18/12/31','RR/MM/DD'),to_date('18/12/31','RR/MM/DD'),'12세관람가','마츠시게 유타카, 츠루타 마유, 나카무라 유리, 타카하시 히토미, 사카이 마키',null,'2018년 연말 교토와 나고야로 출장을 떠난 이노가시라 고로가 지역 음식을 즐기는 모습을 그린 드라마','고독한 미식가 섣달 그믐날 스페셜',1300,to_date('19/07/30','RR/MM/DD'),'(종영)');
Insert into JAVER.SERIES_VODS (VOD_NO,CATEGORY_NO,VOD_IMG,VOD_RUNNING_TIME,VOD_AIR_START_DATE,VOD_AIR_FINISH_DATE,VOD_GRADE,VOD_ACTOR,VOD_DIRECTOR,VOD_DESCRIPTION,VOD_TITLE,VOD_PRICE,VOD_CREATE_DATE,VOD_IS_END) values (28,34,'고독한 미식가 정월 스페셜.jpg',60,to_date('16/01/01','RR/MM/DD'),to_date('16/01/01','RR/MM/DD'),'12세관람가','마츠시게 유타카, 토코시마 요시코, 모리사키 히로유키, 니시하라 아키, 혼다 히로타로',null,'홋카이도의 아사히카와 공항에서도 노트북을 열고 일에 쫓기고 있던 주인공이 이윽고 일을 멈추고 도내의 음식을 맛보고 즐기는 이야기를 그린 드라마','고독한 미식가 정월 스페셜',1200,to_date('19/07/30','RR/MM/DD'),'(종영)');
Insert into JAVER.SERIES_VODS (VOD_NO,CATEGORY_NO,VOD_IMG,VOD_RUNNING_TIME,VOD_AIR_START_DATE,VOD_AIR_FINISH_DATE,VOD_GRADE,VOD_ACTOR,VOD_DIRECTOR,VOD_DESCRIPTION,VOD_TITLE,VOD_PRICE,VOD_CREATE_DATE,VOD_IS_END) values (29,34,'여동생의 연인.jpg',55,to_date('19/07/20','RR/MM/DD'),to_date('19/07/21','RR/MM/DD'),'15세관람가','이시하라 사토미, 히라오카 유타, 미치시게 사유미','타니무라 마사키','적극적이고 애교 많은 동생 하루카에게 갖고 싶은 것, 좋아하는 것을 모두 빼앗겨 온 미유. 현재는 연애에 자신을 잃고, 일에만 매진하며 살고 있다. 그렇게 홀로 맞이한 또 한 번의 크리스마스. 미유는 길에서 우연히 고등학교 때 좋아했던 료스케를 만난다.','여동생의 연인',1200,to_date('19/07/30','RR/MM/DD'),'(종영)');
Insert into JAVER.SERIES_VODS (VOD_NO,CATEGORY_NO,VOD_IMG,VOD_RUNNING_TIME,VOD_AIR_START_DATE,VOD_AIR_FINISH_DATE,VOD_GRADE,VOD_ACTOR,VOD_DIRECTOR,VOD_DESCRIPTION,VOD_TITLE,VOD_PRICE,VOD_CREATE_DATE,VOD_IS_END) values (31,34,'나는 아직 너를.jpg',47,to_date('19/07/18','RR/MM/DD'),null,'15세관람가',null,null,'미타라이 요(아다치 리카)는 구두 회사에서 근무하는 커리어우먼. 일적으로는 보람도 느끼고 순조롭게 경력을 쌓아 왔지만, 연애 면에서는 실연만 당했을 뿐, 최근에는 연애 자체를 못 하고 있다. 요와 고교, 대학 시절 동기이자 도시 개발 회사에서 근무하는 이시다 렌(시라스 진)은 그런 요를 가장 잘 이해해 주고, 요가 유일하게 속마음을 털어놓는 절친한 친구다.','나는 아직 너를 사랑하지 않을 수 있다',1200,to_date('19/07/30','RR/MM/DD'),'방영중');
Insert into JAVER.SERIES_VODS (VOD_NO,CATEGORY_NO,VOD_IMG,VOD_RUNNING_TIME,VOD_AIR_START_DATE,VOD_AIR_FINISH_DATE,VOD_GRADE,VOD_ACTOR,VOD_DIRECTOR,VOD_DESCRIPTION,VOD_TITLE,VOD_PRICE,VOD_CREATE_DATE,VOD_IS_END) values (33,34,'라이어 게임 시즌1.jpg',36,to_date('07/04/14','RR/MM/DD'),to_date('07/06/23','RR/MM/DD'),'15세관람가','마츠다 쇼타, 토다 에리카, 키치세 미치코, 입폰기 신고, 카츠라 시게오','마츠야마 히로아키','순진한 여대생이 엄청난 돈이 걸린 수수께끼 게임에 휘말리는 이야기','라이어 게임 시즌1',1500,to_date('19/07/30','RR/MM/DD'),'(종영)');
Insert into JAVER.SERIES_VODS (VOD_NO,CATEGORY_NO,VOD_IMG,VOD_RUNNING_TIME,VOD_AIR_START_DATE,VOD_AIR_FINISH_DATE,VOD_GRADE,VOD_ACTOR,VOD_DIRECTOR,VOD_DESCRIPTION,VOD_TITLE,VOD_PRICE,VOD_CREATE_DATE,VOD_IS_END) values (34,35,'덕화TV 시즌2 덕화다방.jpg',60,to_date('19/07/23','RR/MM/DD'),null,'15세관람가','이덕화, 김보옥, 허경환',null,'아름다운 시골 카페에서 펼쳐지는 덕화 부부의 예측할 수 없는 <덕화다방> 창업기! 커피는 덕화가 탈게요, 손님은 분위기 타세요.','덕화TV 시즌2 덕화다방',1400,to_date('19/07/30','RR/MM/DD'),'방영중');
Insert into JAVER.SERIES_VODS (VOD_NO,CATEGORY_NO,VOD_IMG,VOD_RUNNING_TIME,VOD_AIR_START_DATE,VOD_AIR_FINISH_DATE,VOD_GRADE,VOD_ACTOR,VOD_DIRECTOR,VOD_DESCRIPTION,VOD_TITLE,VOD_PRICE,VOD_CREATE_DATE,VOD_IS_END) values (35,35,'개똥이네 철학관.jpg',60,to_date('19/07/16','RR/MM/DD'),null,'15세관람가','이승철, 김준현, 임수향, 정일훈',null,'누구에게나 철학은 있다! 자신만의 개똥철학이 확고한 철학자 4인방이 매일 한 가지 주제를 놓고 벌이는 4인 4색 토론. 그리고 철학관을 찾아 온 각 분야의 고수들! 이들은 개똥이네 철학관에서 어떤 인생철학을 공유하게 될까?','개똥이네 철학관',700,to_date('19/07/30','RR/MM/DD'),'방영중');
Insert into JAVER.SERIES_VODS (VOD_NO,CATEGORY_NO,VOD_IMG,VOD_RUNNING_TIME,VOD_AIR_START_DATE,VOD_AIR_FINISH_DATE,VOD_GRADE,VOD_ACTOR,VOD_DIRECTOR,VOD_DESCRIPTION,VOD_TITLE,VOD_PRICE,VOD_CREATE_DATE,VOD_IS_END) values (36,35,'최고의 한방.jpg',60,to_date('19/07/16','RR/MM/DD'),null,'15세관람가','김수미, 탁재훈, 이상민, 장동민',null,'버킷리스트를 실천해가는 내용의 예능 프로그램','최고의 한방',1400,to_date('19/07/30','RR/MM/DD'),'방영중');
Insert into JAVER.SERIES_VODS (VOD_NO,CATEGORY_NO,VOD_IMG,VOD_RUNNING_TIME,VOD_AIR_START_DATE,VOD_AIR_FINISH_DATE,VOD_GRADE,VOD_ACTOR,VOD_DIRECTOR,VOD_DESCRIPTION,VOD_TITLE,VOD_PRICE,VOD_CREATE_DATE,VOD_IS_END) values (37,35,'패션힐러 최유리.jpg',33,to_date('19/07/01','RR/MM/DD'),null,'15세관람가',null,null,'패션힐러 최유리','패션힐러 최유리',1400,to_date('19/07/30','RR/MM/DD'),'방영중');
Insert into JAVER.SERIES_VODS (VOD_NO,CATEGORY_NO,VOD_IMG,VOD_RUNNING_TIME,VOD_AIR_START_DATE,VOD_AIR_FINISH_DATE,VOD_GRADE,VOD_ACTOR,VOD_DIRECTOR,VOD_DESCRIPTION,VOD_TITLE,VOD_PRICE,VOD_CREATE_DATE,VOD_IS_END) values (41,35,'슈퍼히어러.jpg',90,to_date('19/06/16','RR/MM/DD'),null,'12세관람가','윤종신, 강타, 장윤정, 케이윌, 김구라, 박준형, 황제성, 엄현경, 붐',null,'음악 분야에서의 권위자인 "히어러"들이 오직 소리에 의존해서 "빌런"들의 방해 작전 속에서 도전자(싱어)의 정체를 밝혀내는 프로그램','슈퍼히어러',1000,to_date('19/07/30','RR/MM/DD'),'방영중');
Insert into JAVER.SERIES_VODS (VOD_NO,CATEGORY_NO,VOD_IMG,VOD_RUNNING_TIME,VOD_AIR_START_DATE,VOD_AIR_FINISH_DATE,VOD_GRADE,VOD_ACTOR,VOD_DIRECTOR,VOD_DESCRIPTION,VOD_TITLE,VOD_PRICE,VOD_CREATE_DATE,VOD_IS_END) values (42,35,'찰떡콤비.jpg',70,to_date('19/06/16','RR/MM/DD'),null,'15세관람가','이수근, 은지원, 정형돈, 데프콘, 이용진, 이진호, 문성민, 김요한',null,'단짝 친구와 함께 동네를 누비며 즐거웠던 어린 시절로 돌아가 다양한 추억의 게임과 토크를 즐기는 "뉴트로(New-Retro)" 버라이어티','찰떡콤비',1400,to_date('19/07/30','RR/MM/DD'),'방영중');
Insert into JAVER.SERIES_VODS (VOD_NO,CATEGORY_NO,VOD_IMG,VOD_RUNNING_TIME,VOD_AIR_START_DATE,VOD_AIR_FINISH_DATE,VOD_GRADE,VOD_ACTOR,VOD_DIRECTOR,VOD_DESCRIPTION,VOD_TITLE,VOD_PRICE,VOD_CREATE_DATE,VOD_IS_END) values (43,35,'오늘부터 집에서 일하기로 했다.jpg',30,to_date('19/06/11','RR/MM/DD'),null,'12세관람가',null,null,'오늘부터 집에서 일하기로 했다','오늘부터 집에서 일하기로 했다',1400,to_date('19/07/30','RR/MM/DD'),'방영중');
Insert into JAVER.SERIES_VODS (VOD_NO,CATEGORY_NO,VOD_IMG,VOD_RUNNING_TIME,VOD_AIR_START_DATE,VOD_AIR_FINISH_DATE,VOD_GRADE,VOD_ACTOR,VOD_DIRECTOR,VOD_DESCRIPTION,VOD_TITLE,VOD_PRICE,VOD_CREATE_DATE,VOD_IS_END) values (44,36,'흑집사 Book of Circus.jpg',25,to_date('14/07/11','RR/MM/DD'),to_date('14/09/15','RR/MM/DD'),'15세관람가','세바스찬 미카엘리스, 시엘 팬텀하이브, 조커','아베 노리유키','이기적이지만 사랑스러운 어린 주인과 그를 모시는 잘생긴 외모에 무엇이든 뛰어난 만능 집사, 그리고 철없는 골칫거리인 사용인들의 일상을 그린 애니메이션','흑집사 Book of Circus',800,to_date('19/07/30','RR/MM/DD'),'(종영)');
Insert into JAVER.SERIES_VODS (VOD_NO,CATEGORY_NO,VOD_IMG,VOD_RUNNING_TIME,VOD_AIR_START_DATE,VOD_AIR_FINISH_DATE,VOD_GRADE,VOD_ACTOR,VOD_DIRECTOR,VOD_DESCRIPTION,VOD_TITLE,VOD_PRICE,VOD_CREATE_DATE,VOD_IS_END) values (45,36,'아오하라이드(자막판).jpg',25,to_date('14/07/07','RR/MM/DD'),to_date('14/09/25','RR/MM/DD'),'15세관람가','요시오카 후타바, 마부치 코우, 마키타 유리','요시무라 아이','처음으로 좋아했던 남자아이, 코우. 그러나 이 사랑은 코우의 갑작스러운 전학과 함께 끝나버렸다. 그 후로 몇 년이 지난 지금, 후타바는 첫사랑과 재회하게 되는데. 목소리와 키, 이름마저 바뀌어버린 그였지만 후타바는 다시 마음이 두근거리기 시작한다.','아오하라이드(자막판)',1400,to_date('19/07/30','RR/MM/DD'),'(종영)');
Insert into JAVER.SERIES_VODS (VOD_NO,CATEGORY_NO,VOD_IMG,VOD_RUNNING_TIME,VOD_AIR_START_DATE,VOD_AIR_FINISH_DATE,VOD_GRADE,VOD_ACTOR,VOD_DIRECTOR,VOD_DESCRIPTION,VOD_TITLE,VOD_PRICE,VOD_CREATE_DATE,VOD_IS_END) values (46,36,'오늘부터 신령님 2기.jpg',25,to_date('15/01/06','RR/MM/DD'),to_date('15/04/01','RR/MM/DD'),'15세관람가','미모리 스즈코, 타치바나 신노스케, 오카모토 노부히코','다이치 아키타로','매년 전국 신들의 이즈모 회의의 초대장을 갖게 되면서 벌어지는 이야기','오늘부터 신령님 2기',1100,to_date('19/07/30','RR/MM/DD'),'(종영)');
Insert into JAVER.SERIES_VODS (VOD_NO,CATEGORY_NO,VOD_IMG,VOD_RUNNING_TIME,VOD_AIR_START_DATE,VOD_AIR_FINISH_DATE,VOD_GRADE,VOD_ACTOR,VOD_DIRECTOR,VOD_DESCRIPTION,VOD_TITLE,VOD_PRICE,VOD_CREATE_DATE,VOD_IS_END) values (48,37,'거꾸로 교실의 마법 1,000개의 교실.jpg',50,to_date('15/03/19','RR/MM/DD'),to_date('15/04/03','RR/MM/DD'),'전체관람가',null,null,'우연이 아니었다. 1,000개의 교실에서 증명되는 거꾸로교실의 마법. 수포자가 사라지는 꼴찌 탈출의 현장. 이제 교실은 날아오른다.','2015 KBS교육기획 4부작 - 거꾸로 교실의 마법 1,000개의 교실',1100,to_date('19/07/30','RR/MM/DD'),'(종영)');
Insert into JAVER.SERIES_VODS (VOD_NO,CATEGORY_NO,VOD_IMG,VOD_RUNNING_TIME,VOD_AIR_START_DATE,VOD_AIR_FINISH_DATE,VOD_GRADE,VOD_ACTOR,VOD_DIRECTOR,VOD_DESCRIPTION,VOD_TITLE,VOD_PRICE,VOD_CREATE_DATE,VOD_IS_END) values (49,37,'토론대첩 - 도장깨기.jpg',60,to_date('18/03/06','RR/MM/DD'),to_date('18/03/27','RR/MM/DD'),'12세관람가','연전여옥, 진중권, 최진기, 이준석, 김갑수, 함익병, 조승연',null,'전국의 20대 청춘들(토론 강자)과 기성세대를 대표하는 정치인, 평론가, 방송인 등 일명 "토론 고수"가 토론으로 한판 승부를 겨루는 프로그램','토론대첩 - 도장깨기',1100,to_date('19/07/30','RR/MM/DD'),'(종영)');
Insert into JAVER.SERIES_VODS (VOD_NO,CATEGORY_NO,VOD_IMG,VOD_RUNNING_TIME,VOD_AIR_START_DATE,VOD_AIR_FINISH_DATE,VOD_GRADE,VOD_ACTOR,VOD_DIRECTOR,VOD_DESCRIPTION,VOD_TITLE,VOD_PRICE,VOD_CREATE_DATE,VOD_IS_END) values (50,37,'북극의 눈물.jpg',60,to_date('10/02/12','RR/MM/DD'),to_date('10/02/12','RR/MM/DD'),'전체관람가',null,'허태정, 조준묵','여름에 해가 지지 않고, 겨울에 해가 뜨지 않는 곳, 북극 신비로운 미지의 동물과 황홀한 오로라가 펼쳐지는 곳, 북극. 그런데 지금, 북극이 녹아 내리고 있다. MBC 창사47주년 특별기획’북극의 눈물’은 ‘세계 극지의 해’를 맞아 벼랑 끝으로 몰리고 있는 북극을 찾아 광대한 자연과 그 자연 속에서 살아가는 원주민인 ‘이누이트’의 삶을 취재함으로써, 자연의 법칙을 인류가 운영하면서 어느 순간 지구가 치명적인 한계를 향해 달려가고 있음을, 북극지역의 자연, 동물, 인간 모두가 본래의 형태에서 얼마나 멀어지고 있는지를 들려주고자 한다.','북극의 눈물',1000,to_date('19/07/30','RR/MM/DD'),'(종영)');
Insert into JAVER.SERIES_VODS (VOD_NO,CATEGORY_NO,VOD_IMG,VOD_RUNNING_TIME,VOD_AIR_START_DATE,VOD_AIR_FINISH_DATE,VOD_GRADE,VOD_ACTOR,VOD_DIRECTOR,VOD_DESCRIPTION,VOD_TITLE,VOD_PRICE,VOD_CREATE_DATE,VOD_IS_END) values (51,37,'누들 로드.jpg',60,to_date('08/12/07','RR/MM/DD'),to_date('09/03/29','RR/MM/DD'),'전체관람가',null,'이욱정, 염지선','세계 방송사상 최초! 국수를 통해 본 인류 음식 문명사! 아시아의 면(noodle)이 대륙과 문화권을 넘어 세계인의 입맛을 바꾸어 가는 반만년의 흥미진진한 여정! 실크로드와 국수의 만남. 한 알의 밀이 국수가 되어 세계인의 식탁에 오르기까지 그 뒤에 감춰진 동서 문명 교류의 수수께끼를 풀어본다. 중국 내륙의 숨겨진 오지를 비롯한 아시아 중근동 유럽 10개국 2년 동안 탐사 취재. 음식문화사 연구의 세계적 권위자들의 자문. KBS 특수 영상팀이 선보이는 최첨단 컴퓨터 그래픽. 영국 BBC의 요리 프로그램 유명 진행자이자 세계적인 요리사 Ken Hom이 프리젠터로 참여하고 프로그램이 완성되기도 전에 세계 8개국에 판매되어 화제가 된 국수를 통해 본 8천 년 인류의 HD 영상 음식문화사!','누들 로드',1000,to_date('19/07/30','RR/MM/DD'),'(종영)');
Insert into JAVER.SERIES_VODS (VOD_NO,CATEGORY_NO,VOD_IMG,VOD_RUNNING_TIME,VOD_AIR_START_DATE,VOD_AIR_FINISH_DATE,VOD_GRADE,VOD_ACTOR,VOD_DIRECTOR,VOD_DESCRIPTION,VOD_TITLE,VOD_PRICE,VOD_CREATE_DATE,VOD_IS_END) values (52,37,'손세이셔널 - 그를 만든 시간.jpg',65,to_date('19/05/25','RR/MM/DD'),to_date('19/07/05','RR/MM/DD'),'전체관람가','손흥민',null,'지금의 손흥민이 있기까지 함께 해준 사람들을 초대해 한국 축구의 미래를 이야기하고, 강원도 소년에서 프리미어리거가 되기까지의 발자취를 되돌아보는 프로그램','손세이셔널 - 그를 만든 시간',1000,to_date('19/07/30','RR/MM/DD'),'(종영)');
Insert into JAVER.SERIES_VODS (VOD_NO,CATEGORY_NO,VOD_IMG,VOD_RUNNING_TIME,VOD_AIR_START_DATE,VOD_AIR_FINISH_DATE,VOD_GRADE,VOD_ACTOR,VOD_DIRECTOR,VOD_DESCRIPTION,VOD_TITLE,VOD_PRICE,VOD_CREATE_DATE,VOD_IS_END) values (53,37,'명견만리 시즌2.jpg',60,to_date('18/02/23','RR/MM/DD'),to_date('18/04/26','RR/MM/DD'),'전체관람가',null,null,'오늘의 변화 속에서 내일을 꿰뚫어 보기 위한 필살의 질문! 그리고 그 답을 찾아가는 여정을 그리는 렉처멘터리(Lecture+Documentary). 통찰력으로 무장한 지성 교양인이 매주 출연해 우리 사회가 당면한 미래 이슈를 직접 취재하고, 강연을 통해 청중과 직접 소통하고 공감을 이룬다.','명견만리 시즌2',1500,to_date('19/07/30','RR/MM/DD'),'(종영)');
Insert into JAVER.SERIES_VODS (VOD_NO,CATEGORY_NO,VOD_IMG,VOD_RUNNING_TIME,VOD_AIR_START_DATE,VOD_AIR_FINISH_DATE,VOD_GRADE,VOD_ACTOR,VOD_DIRECTOR,VOD_DESCRIPTION,VOD_TITLE,VOD_PRICE,VOD_CREATE_DATE,VOD_IS_END) values (54,37,'5일간의 썸머.jpg',50,to_date('15/05/21','RR/MM/DD'),to_date('15/07/09','RR/MM/DD'),'15세관람가','레이디 제인, 홍진호, 장도연, 유상무, 김예림, 로빈 데이아나','김세준, 정순동, 이명섭, 소윤주','스타들의 달콤쌉싸름한 스캔들 "썸(SOME)" 가상? 대본? NO! 썸의 모든 것을 리얼하게 담아낸다! 로맨틱한 해외에서 만나는 스타들의 5일간의 특별한 "썸"','5일간의 썸머',1000,to_date('19/07/30','RR/MM/DD'),'(종영)');
Insert into JAVER.SERIES_VODS (VOD_NO,CATEGORY_NO,VOD_IMG,VOD_RUNNING_TIME,VOD_AIR_START_DATE,VOD_AIR_FINISH_DATE,VOD_GRADE,VOD_ACTOR,VOD_DIRECTOR,VOD_DESCRIPTION,VOD_TITLE,VOD_PRICE,VOD_CREATE_DATE,VOD_IS_END) values (56,38,'안녕자두야 스페셜 - 인어공주.jpg',30,to_date('13/12/23','RR/MM/DD'),to_date('13/12/24','RR/MM/DD'),'전체관람가','연여민정','손석우','대한민국을 사로잡은 명랑소녀 최자두가 인어공주로 돌아왔다. 어부인 돌돌과 성훈에게 붙잡힌 자두 공주! 시장에서 구경거리가 된 자두 공주를 윤석 왕자가 구해주고, 둘의 사랑은 깊어만 가는데. 방해꾼 은희 공주의 등장으로 자두 공주와 윤석 왕자의 운명은 어떻게 될 것인가!','안녕자두야 스페셜 - 인어공주',800,to_date('19/07/30','RR/MM/DD'),'(종영)');
Insert into JAVER.SERIES_VODS (VOD_NO,CATEGORY_NO,VOD_IMG,VOD_RUNNING_TIME,VOD_AIR_START_DATE,VOD_AIR_FINISH_DATE,VOD_GRADE,VOD_ACTOR,VOD_DIRECTOR,VOD_DESCRIPTION,VOD_TITLE,VOD_PRICE,VOD_CREATE_DATE,VOD_IS_END) values (57,38,'월레스와 그로밋.jpg',24,to_date('96/01/01','RR/MM/DD'),to_date('96/01/01','RR/MM/DD'),'전체관람가','피터 살리스, 안느 레이드','닉 파크','이 작품은 런던에 사는 50대의 독신 남성으로 발명을 좋아하는 월레스와 바흐의 음악을 들으며 뜨개질을 하는 그의 애견 간의 우정과 연대감을 기초로 한 작품이다. 제1화 〈화려한 외출〉은 크래커에 치즈를 얹어 먹는 것을 가장 좋아하는 월레스가 그로밋과 함께 치즈로 되어 있는 달나라로 주말여행을 간다는 내용이다. 제2화 〈전자바지 소동〉은 그로밋의 생일날 월레스가 무슨 일이든지 척척할 수 있는 전자바지를 선물하면서 겪게 되는 에피소드를 담고 있다. 제3화 〈양털도둑〉은 월레스와 그로밋이 양들의 실종사건을 해결한다는 이야기이다.','월레스와 그로밋',800,to_date('19/07/30','RR/MM/DD'),'(종영)');
Insert into JAVER.SERIES_VODS (VOD_NO,CATEGORY_NO,VOD_IMG,VOD_RUNNING_TIME,VOD_AIR_START_DATE,VOD_AIR_FINISH_DATE,VOD_GRADE,VOD_ACTOR,VOD_DIRECTOR,VOD_DESCRIPTION,VOD_TITLE,VOD_PRICE,VOD_CREATE_DATE,VOD_IS_END) values (58,38,'엉덩이 탐정.png',20,to_date('18/05/03','RR/MM/DD'),null,'전체관람가',null,null,'명탐정 "엉덩이 탐정"이 여러 가지 어려운 사건을 해결해나가는 이야기','엉덩이 탐정',800,to_date('19/07/30','RR/MM/DD'),'방영중');
Insert into JAVER.SERIES_VODS (VOD_NO,CATEGORY_NO,VOD_IMG,VOD_RUNNING_TIME,VOD_AIR_START_DATE,VOD_AIR_FINISH_DATE,VOD_GRADE,VOD_ACTOR,VOD_DIRECTOR,VOD_DESCRIPTION,VOD_TITLE,VOD_PRICE,VOD_CREATE_DATE,VOD_IS_END) values (59,38,'터닝메카드.jpg',24,to_date('17/10/15','RR/MM/DD'),to_date('17/11/19','RR/MM/DD'),'7세관람가',null,null,'프랭클린 박사로부터 연구소에서 탄생한 새로운 메카니멀들이 도망쳤다는 이야기를 들은 나찬과 친구들! 박사는 이 메카니멀들을 찾아내 테이밍한 후 직접 교육을 해달라고 부탁하고 무언가 비밀을 가지고 있는 듯한 반다인과의 배틀을 그린 애니메이션','터닝메카드 W : 반다인의 비밀',1200,to_date('19/07/30','RR/MM/DD'),'(종영)');
Insert into JAVER.SERIES_VODS (VOD_NO,CATEGORY_NO,VOD_IMG,VOD_RUNNING_TIME,VOD_AIR_START_DATE,VOD_AIR_FINISH_DATE,VOD_GRADE,VOD_ACTOR,VOD_DIRECTOR,VOD_DESCRIPTION,VOD_TITLE,VOD_PRICE,VOD_CREATE_DATE,VOD_IS_END) values (60,38,'미키마우스(자막본).jpg',24,to_date('01/02/01','RR/MM/DD'),to_date('01/02/28','RR/MM/DD'),'전체관람가',null,null,null,'미키마우스(자막본)',500,to_date('19/07/30','RR/MM/DD'),'(종영)');
REM INSERTING into JAVER.TEMP
SET DEFINE OFF;
REM INSERTING into JAVER.TV
SET DEFINE OFF;
Insert into JAVER.TV (TV_NO,TV_TITLE,TV_CONTENTS,TV_VIEWS,TV_VIDEONAME,CREATE_DATE,PLAYLIST_NO,TV_PLAYTIME,TV_THUMBNAIL) values (1,'톰과 제리 1화(우리말 더빙)','톰과제리 더빙판 1화입니다.',12,'톰과 제리 - 강적이 나타났어요(우리말더빙)',to_date('19/07/29','RR/MM/DD'),1,456,'TJ1.png');
Insert into JAVER.TV (TV_NO,TV_TITLE,TV_CONTENTS,TV_VIEWS,TV_VIDEONAME,CREATE_DATE,PLAYLIST_NO,TV_PLAYTIME,TV_THUMBNAIL) values (2,'톰과 제리 2화(우리말 더빙)','톰과제리 더빙판 2화 입니다.',14,'톰과 제리 - 금붕어 구출 작전(우리말더빙)',to_date('19/07/28','RR/MM/DD'),1,443,'TJ2.png');
Insert into JAVER.TV (TV_NO,TV_TITLE,TV_CONTENTS,TV_VIEWS,TV_VIDEONAME,CREATE_DATE,PLAYLIST_NO,TV_PLAYTIME,TV_THUMBNAIL) values (22,'톰과제리 4화','톰과제리 4화 입니다.',25,'톰과 제리 - 꼬마 도망자(Little Runaway)',to_date('19/07/30','RR/MM/DD'),1,426,'TJ4.png');
Insert into JAVER.TV (TV_NO,TV_TITLE,TV_CONTENTS,TV_VIEWS,TV_VIDEONAME,CREATE_DATE,PLAYLIST_NO,TV_PLAYTIME,TV_THUMBNAIL) values (21,'톰과제리 3화(우리말 더빙)','톰과제리 더빙판 3화 입니다.',309,'톰과 제리 - 꼬마 강아지(우리말더빙)',to_date('19/07/30','RR/MM/DD'),1,417,'TJ3.png');
Insert into JAVER.TV (TV_NO,TV_TITLE,TV_CONTENTS,TV_VIEWS,TV_VIDEONAME,CREATE_DATE,PLAYLIST_NO,TV_PLAYTIME,TV_THUMBNAIL) values (23,'톰과제리 5화(우리말 더빙)','톰과제리 더빙판 5화 입니다.',42,'톰과 제리 - 누가 누가 잘 잡나(우리말더빙)',to_date('19/07/24','RR/MM/DD'),1,474,'TJ5.png');
Insert into JAVER.TV (TV_NO,TV_TITLE,TV_CONTENTS,TV_VIEWS,TV_VIDEONAME,CREATE_DATE,PLAYLIST_NO,TV_PLAYTIME,TV_THUMBNAIL) values (24,'톰과제리 6화(우리말 더빙)','톰과제리 더빙판 6화 입니다.',14,'톰과 제리 - 로보트 고양이(우리말더빙)',to_date('19/07/27','RR/MM/DD'),1,397,'TJ6.png');
Insert into JAVER.TV (TV_NO,TV_TITLE,TV_CONTENTS,TV_VIEWS,TV_VIDEONAME,CREATE_DATE,PLAYLIST_NO,TV_PLAYTIME,TV_THUMBNAIL) values (25,'톰과제리 7화(우리말 더빙)','톰과제리 더빙판 7화 입니다.',608,'톰과 제리 - 맨하탄의 제리(우리말더빙)',to_date('19/07/10','RR/MM/DD'),1,491,'TJ7.png');
Insert into JAVER.TV (TV_NO,TV_TITLE,TV_CONTENTS,TV_VIEWS,TV_VIDEONAME,CREATE_DATE,PLAYLIST_NO,TV_PLAYTIME,TV_THUMBNAIL) values (26,'톰과제리 8화(우리말 더빙)','톰과제리 더빙판 8화 입니다.',23,'톰과 제리 - 볼링하는 도둑 고양이(우리말더빙)',to_date('19/07/17','RR/MM/DD'),21,477,'TJ8.png');
Insert into JAVER.TV (TV_NO,TV_TITLE,TV_CONTENTS,TV_VIEWS,TV_VIDEONAME,CREATE_DATE,PLAYLIST_NO,TV_PLAYTIME,TV_THUMBNAIL) values (27,'톰과제리 9화(우리말 더빙)','톰과제리 더빙판 9화 입니다.',18,'톰과 제리 - 선생님 톰(우리말더빙)',to_date('19/06/24','RR/MM/DD'),21,455,'TJ9.png');
Insert into JAVER.TV (TV_NO,TV_TITLE,TV_CONTENTS,TV_VIEWS,TV_VIDEONAME,CREATE_DATE,PLAYLIST_NO,TV_PLAYTIME,TV_THUMBNAIL) values (28,'톰과제리 10화(우리말 더빙)','톰과제리 더빙판 10화 입니다.',12,'톰과 제리 - 양키 두들 제리(우리말더빙)',to_date('19/06/20','RR/MM/DD'),21,452,'TJ10.png');
Insert into JAVER.TV (TV_NO,TV_TITLE,TV_CONTENTS,TV_VIEWS,TV_VIDEONAME,CREATE_DATE,PLAYLIST_NO,TV_PLAYTIME,TV_THUMBNAIL) values (29,'톰과제리 11화(우리말 더빙)','톰과제리 더빙판 11화 입니다.',5,'톰과 제리 - 어린 고아(우리말더빙)',to_date('19/07/28','RR/MM/DD'),21,467,'TJ11.png');
Insert into JAVER.TV (TV_NO,TV_TITLE,TV_CONTENTS,TV_VIEWS,TV_VIDEONAME,CREATE_DATE,PLAYLIST_NO,TV_PLAYTIME,TV_THUMBNAIL) values (30,'톰과제리 12화(우리말 더빙)','톰과제리 더빙판 12화 입니다.',35,'톰과 제리 - 우정은 물보다 진하다(한글자막)',to_date('19/07/16','RR/MM/DD'),21,516,'TJ12.png');
Insert into JAVER.TV (TV_NO,TV_TITLE,TV_CONTENTS,TV_VIEWS,TV_VIDEONAME,CREATE_DATE,PLAYLIST_NO,TV_PLAYTIME,TV_THUMBNAIL) values (31,'톰과제리 13화(우리말 더빙)','톰과제리 더빙판 13화 입니다.',93,'톰과 제리 - 의사 선생님 제리(우리말더빙)',to_date('19/07/31','RR/MM/DD'),21,426,'TJ13.png');
Insert into JAVER.TV (TV_NO,TV_TITLE,TV_CONTENTS,TV_VIEWS,TV_VIDEONAME,CREATE_DATE,PLAYLIST_NO,TV_PLAYTIME,TV_THUMBNAIL) values (32,'톰과제리 14화','톰과제리 14화 입니다.',17,'톰과 제리 - 작은 꽥꽥이(Little Quacker)',to_date('19/07/21','RR/MM/DD'),21,426,'TJ14.png');
Insert into JAVER.TV (TV_NO,TV_TITLE,TV_CONTENTS,TV_VIEWS,TV_VIDEONAME,CREATE_DATE,PLAYLIST_NO,TV_PLAYTIME,TV_THUMBNAIL) values (33,'톰과제리 15화(우리말 더빙)','톰과제리 더빙판 15화 입니다.',188,'톰과 제리 - 제리, 만찬에 오다(우리말더빙)',to_date('19/07/31','RR/MM/DD'),22,442,'TJ15.png');
Insert into JAVER.TV (TV_NO,TV_TITLE,TV_CONTENTS,TV_VIEWS,TV_VIDEONAME,CREATE_DATE,PLAYLIST_NO,TV_PLAYTIME,TV_THUMBNAIL) values (34,'톰과제리 16화(우리말 더빙)','톰과제리 더빙판 16화 입니다.',30,'톰과 제리 - 제리와 서커스 사자(Jerry And The Lion,우리말더빙)',to_date('19/07/30','RR/MM/DD'),22,425,'TJ16.png');
Insert into JAVER.TV (TV_NO,TV_TITLE,TV_CONTENTS,TV_VIEWS,TV_VIDEONAME,CREATE_DATE,PLAYLIST_NO,TV_PLAYTIME,TV_THUMBNAIL) values (35,'톰과제리 17화(우리말 더빙)','톰과제리 더빙판 17화 입니다.',20,'톰과 제리 - 제리와 점보(우리말더빙)',to_date('19/07/30','RR/MM/DD'),22,425,'TJ17.png');
Insert into JAVER.TV (TV_NO,TV_TITLE,TV_CONTENTS,TV_VIEWS,TV_VIDEONAME,CREATE_DATE,PLAYLIST_NO,TV_PLAYTIME,TV_THUMBNAIL) values (36,'톰과제리 18화(우리말 더빙)','톰과제리 더빙판 18화 입니다.',10,'톰과 제리 - 제리의 바보짓(우리말더빙)',to_date('19/07/30','RR/MM/DD'),22,418,'TJ18.png');
Insert into JAVER.TV (TV_NO,TV_TITLE,TV_CONTENTS,TV_VIEWS,TV_VIDEONAME,CREATE_DATE,PLAYLIST_NO,TV_PLAYTIME,TV_THUMBNAIL) values (37,'톰과제리 19화(우리말 더빙)','톰과제리 더빙판 19화 입니다.',1,'톰과 제리 - 조용히 해 제발(우리말더빙)',to_date('19/07/30','RR/MM/DD'),22,457,'TJ19.png');
Insert into JAVER.TV (TV_NO,TV_TITLE,TV_CONTENTS,TV_VIEWS,TV_VIDEONAME,CREATE_DATE,PLAYLIST_NO,TV_PLAYTIME,TV_THUMBNAIL) values (38,'톰과제리 20화(우리말 더빙)','톰과제리 더빙판 20화 입니다.',19,'톰과 제리 - 크리스마스이브 (우리말더빙)',to_date('19/07/31','RR/MM/DD'),22,513,'TJ20.png');
Insert into JAVER.TV (TV_NO,TV_TITLE,TV_CONTENTS,TV_VIEWS,TV_VIDEONAME,CREATE_DATE,PLAYLIST_NO,TV_PLAYTIME,TV_THUMBNAIL) values (39,'톰과제리 21화(우리말 더빙)','톰과제리 더빙판 21화 입니다.',32,'톰과 제리 - 텍사스 톰(우리말더빙)',to_date('19/08/01','RR/MM/DD'),23,406,'TJ21.png');
Insert into JAVER.TV (TV_NO,TV_TITLE,TV_CONTENTS,TV_VIEWS,TV_VIDEONAME,CREATE_DATE,PLAYLIST_NO,TV_PLAYTIME,TV_THUMBNAIL) values (40,'톰과제리 22화(한글자막)','톰과제리 22화 입니다.',49,'톰과 제리 - 톰과 제리 만화 세트(한글자막)',to_date('19/07/31','RR/MM/DD'),23,382,'TJ22.png');
Insert into JAVER.TV (TV_NO,TV_TITLE,TV_CONTENTS,TV_VIEWS,TV_VIDEONAME,CREATE_DATE,PLAYLIST_NO,TV_PLAYTIME,TV_THUMBNAIL) values (41,'톰과제리 23화(우리말 더빙)','톰과제리 더빙판 23화 입니다.',7,'톰과 제리 - 평화협약 (우리말더빙)',to_date('19/07/31','RR/MM/DD'),23,480,'TJ23.png');
REM INSERTING into JAVER.TV_CHANNEL
SET DEFINE OFF;
Insert into JAVER.TV_CHANNEL (CHANNEL_NO,CHANNEL_TITLE,USER_ID) values (1,'추억의만화','asd');
REM INSERTING into JAVER.TV_COMMENTS
SET DEFINE OFF;
Insert into JAVER.TV_COMMENTS (COMMENT_NO,TV_NO,COMMENT_CONTENTS,CREATE_DATE,USER_ID) values (1,25,'톰과제리 정주행중...',to_date('19/08/12','RR/MM/DD'),'asd');
Insert into JAVER.TV_COMMENTS (COMMENT_NO,TV_NO,COMMENT_CONTENTS,CREATE_DATE,USER_ID) values (2,25,'이런 띵작을 무료로 볼수있다니..',to_date('19/08/12','RR/MM/DD'),'lee');
Insert into JAVER.TV_COMMENTS (COMMENT_NO,TV_NO,COMMENT_CONTENTS,CREATE_DATE,USER_ID) values (3,21,'제리 너무 귀엽다...심장뿌셔ㅜㅜㅠ',to_date('19/08/12','RR/MM/DD'),'asd');
Insert into JAVER.TV_COMMENTS (COMMENT_NO,TV_NO,COMMENT_CONTENTS,CREATE_DATE,USER_ID) values (4,21,'톰도 불쌍해..',to_date('19/08/12','RR/MM/DD'),'asd');
Insert into JAVER.TV_COMMENTS (COMMENT_NO,TV_NO,COMMENT_CONTENTS,CREATE_DATE,USER_ID) values (5,31,'톰과제리 너무 재밌어요 ㅎm',to_date('19/08/12','RR/MM/DD'),'asd');
Insert into JAVER.TV_COMMENTS (COMMENT_NO,TV_NO,COMMENT_CONTENTS,CREATE_DATE,USER_ID) values (6,40,'sadasdasd',to_date('19/08/13','RR/MM/DD'),'asd');
Insert into JAVER.TV_COMMENTS (COMMENT_NO,TV_NO,COMMENT_CONTENTS,CREATE_DATE,USER_ID) values (7,33,'톰과제리 정주행중!!
',to_date('19/08/13','RR/MM/DD'),'asd');
Insert into JAVER.TV_COMMENTS (COMMENT_NO,TV_NO,COMMENT_CONTENTS,CREATE_DATE,USER_ID) values (8,25,'두번째 보는중..
',to_date('19/08/13','RR/MM/DD'),'asd');
REM INSERTING into JAVER.TV_COMMENT_LIKES
SET DEFINE OFF;
Insert into JAVER.TV_COMMENT_LIKES (COMMENT_LIKE_NO,COMMNET_STATUS,COMMENT_NO,USER_ID) values (53,'Y',7,'asd');
Insert into JAVER.TV_COMMENT_LIKES (COMMENT_LIKE_NO,COMMNET_STATUS,COMMENT_NO,USER_ID) values (2,'N',1,'lee');
Insert into JAVER.TV_COMMENT_LIKES (COMMENT_LIKE_NO,COMMNET_STATUS,COMMENT_NO,USER_ID) values (68,'Y',5,'asd');
Insert into JAVER.TV_COMMENT_LIKES (COMMENT_LIKE_NO,COMMNET_STATUS,COMMENT_NO,USER_ID) values (37,'Y',4,'asd');
Insert into JAVER.TV_COMMENT_LIKES (COMMENT_LIKE_NO,COMMNET_STATUS,COMMENT_NO,USER_ID) values (80,'Y',8,'asd');
Insert into JAVER.TV_COMMENT_LIKES (COMMENT_LIKE_NO,COMMNET_STATUS,COMMENT_NO,USER_ID) values (61,'Y',1,'asd');
Insert into JAVER.TV_COMMENT_LIKES (COMMENT_LIKE_NO,COMMNET_STATUS,COMMENT_NO,USER_ID) values (63,'Y',3,'asd');
REM INSERTING into JAVER.TV_HISTORY
SET DEFINE OFF;
Insert into JAVER.TV_HISTORY (HISTORY_NO,TV_NO,HISTORY_PLAYTIME,USER_ID,CREATE_DATE) values (2,25,0,'asd',to_date('19/08/13','RR/MM/DD'));
Insert into JAVER.TV_HISTORY (HISTORY_NO,TV_NO,HISTORY_PLAYTIME,USER_ID,CREATE_DATE) values (9,21,0,'asd',to_date('19/08/13','RR/MM/DD'));
Insert into JAVER.TV_HISTORY (HISTORY_NO,TV_NO,HISTORY_PLAYTIME,USER_ID,CREATE_DATE) values (10,31,0,'asd',to_date('19/08/13','RR/MM/DD'));
Insert into JAVER.TV_HISTORY (HISTORY_NO,TV_NO,HISTORY_PLAYTIME,USER_ID,CREATE_DATE) values (7,34,0,'asd',to_date('19/08/12','RR/MM/DD'));
Insert into JAVER.TV_HISTORY (HISTORY_NO,TV_NO,HISTORY_PLAYTIME,USER_ID,CREATE_DATE) values (8,32,0,'asd',to_date('19/08/12','RR/MM/DD'));
Insert into JAVER.TV_HISTORY (HISTORY_NO,TV_NO,HISTORY_PLAYTIME,USER_ID,CREATE_DATE) values (11,40,0,'asd',to_date('19/08/13','RR/MM/DD'));
Insert into JAVER.TV_HISTORY (HISTORY_NO,TV_NO,HISTORY_PLAYTIME,USER_ID,CREATE_DATE) values (12,33,0,'asd',to_date('19/08/13','RR/MM/DD'));
REM INSERTING into JAVER.TV_LATER
SET DEFINE OFF;
Insert into JAVER.TV_LATER (LATER_NO,TV_NO,CREATE_DATE,USER_ID) values (82,31,to_date('19/08/13','RR/MM/DD'),'asd');
Insert into JAVER.TV_LATER (LATER_NO,TV_NO,CREATE_DATE,USER_ID) values (69,25,to_date('19/08/09','RR/MM/DD'),'asd');
Insert into JAVER.TV_LATER (LATER_NO,TV_NO,CREATE_DATE,USER_ID) values (81,21,to_date('19/08/12','RR/MM/DD'),'asd');
REM INSERTING into JAVER.TV_LIKES
SET DEFINE OFF;
Insert into JAVER.TV_LIKES (LIKE_NO,TV_NO,CREATE_DATE,USER_ID) values (2,25,to_date('19/07/31','RR/MM/DD'),'lee');
Insert into JAVER.TV_LIKES (LIKE_NO,TV_NO,CREATE_DATE,USER_ID) values (3,25,to_date('19/07/31','RR/MM/DD'),'hk');
Insert into JAVER.TV_LIKES (LIKE_NO,TV_NO,CREATE_DATE,USER_ID) values (4,31,to_date('19/07/30','RR/MM/DD'),'asd');
Insert into JAVER.TV_LIKES (LIKE_NO,TV_NO,CREATE_DATE,USER_ID) values (5,31,to_date('19/07/28','RR/MM/DD'),'lee');
Insert into JAVER.TV_LIKES (LIKE_NO,TV_NO,CREATE_DATE,USER_ID) values (6,31,to_date('19/07/26','RR/MM/DD'),'hk');
Insert into JAVER.TV_LIKES (LIKE_NO,TV_NO,CREATE_DATE,USER_ID) values (7,33,to_date('19/07/18','RR/MM/DD'),'lee');
Insert into JAVER.TV_LIKES (LIKE_NO,TV_NO,CREATE_DATE,USER_ID) values (8,34,to_date('19/07/23','RR/MM/DD'),'asd');
REM INSERTING into JAVER.TV_PLAYLIST
SET DEFINE OFF;
Insert into JAVER.TV_PLAYLIST (PLAYLIST_NO,CHANNEL_NO,PLAYLIST_TITLE) values (1,1,'톰과 제리 1~7화');
Insert into JAVER.TV_PLAYLIST (PLAYLIST_NO,CHANNEL_NO,PLAYLIST_TITLE) values (21,1,'톰과 제리 8~14화');
Insert into JAVER.TV_PLAYLIST (PLAYLIST_NO,CHANNEL_NO,PLAYLIST_TITLE) values (22,1,'톰과 제리 15~20화');
Insert into JAVER.TV_PLAYLIST (PLAYLIST_NO,CHANNEL_NO,PLAYLIST_TITLE) values (23,1,'톰과 제리 21~23화');
REM INSERTING into JAVER.USERS
SET DEFINE OFF;
Insert into JAVER.USERS (USER_ID,USER_NAME,USER_PASSWORD,USER_NICKNAME,USER_PHONE,USER_POINT,USER_MENTAL_POINT,USER_ISHAVEBLOG,USER_NAME_VISIBILITY,USER_GENDER,USER_GENDER_VISIBILITY,USER_IMG) values ('bm','BM','1','마시마로','010-1212-1212',100,75,'Y','Y','남자','Y','travel3.jfif');
Insert into JAVER.USERS (USER_ID,USER_NAME,USER_PASSWORD,USER_NICKNAME,USER_PHONE,USER_POINT,USER_MENTAL_POINT,USER_ISHAVEBLOG,USER_NAME_VISIBILITY,USER_GENDER,USER_GENDER_VISIBILITY,USER_IMG) values ('lrllzzr','나니까','123123','분조장','010-1212-1212',100,100,'Y','N','남자','N','profile.jpg');
Insert into JAVER.USERS (USER_ID,USER_NAME,USER_PASSWORD,USER_NICKNAME,USER_PHONE,USER_POINT,USER_MENTAL_POINT,USER_ISHAVEBLOG,USER_NAME_VISIBILITY,USER_GENDER,USER_GENDER_VISIBILITY,USER_IMG) values ('admin','관리자','zxcv1234','관리자','010-1211-1111',100,100,'Y','N','남자','N','profile.jpg');
Insert into JAVER.USERS (USER_ID,USER_NAME,USER_PASSWORD,USER_NICKNAME,USER_PHONE,USER_POINT,USER_MENTAL_POINT,USER_ISHAVEBLOG,USER_NAME_VISIBILITY,USER_GENDER,USER_GENDER_VISIBILITY,USER_IMG) values ('123123','123123','123123','123','123',123,123,'Y','N','남자','N','profile.jpg');
Insert into JAVER.USERS (USER_ID,USER_NAME,USER_PASSWORD,USER_NICKNAME,USER_PHONE,USER_POINT,USER_MENTAL_POINT,USER_ISHAVEBLOG,USER_NAME_VISIBILITY,USER_GENDER,USER_GENDER_VISIBILITY,USER_IMG) values ('11','123123','123123','213123','123123',123123,123,'Y','N','남자','N','profile.jpg');
Insert into JAVER.USERS (USER_ID,USER_NAME,USER_PASSWORD,USER_NICKNAME,USER_PHONE,USER_POINT,USER_MENTAL_POINT,USER_ISHAVEBLOG,USER_NAME_VISIBILITY,USER_GENDER,USER_GENDER_VISIBILITY,USER_IMG) values ('lee','재헌','123','camel','010-111',0,1000,'N','N','남자','N','profile.jpg');
Insert into JAVER.USERS (USER_ID,USER_NAME,USER_PASSWORD,USER_NICKNAME,USER_PHONE,USER_POINT,USER_MENTAL_POINT,USER_ISHAVEBLOG,USER_NAME_VISIBILITY,USER_GENDER,USER_GENDER_VISIBILITY,USER_IMG) values ('hk','강희경','1234','ㅎㅎ','010-1111-7777',7700,4024,'Y','N','여자','N','profile.jpg');
Insert into JAVER.USERS (USER_ID,USER_NAME,USER_PASSWORD,USER_NICKNAME,USER_PHONE,USER_POINT,USER_MENTAL_POINT,USER_ISHAVEBLOG,USER_NAME_VISIBILITY,USER_GENDER,USER_GENDER_VISIBILITY,USER_IMG) values ('asd','형진','asd','다이어터','010-4444-4444',0,0,'N','N','남자','N','profile.jpg');
Insert into JAVER.USERS (USER_ID,USER_NAME,USER_PASSWORD,USER_NICKNAME,USER_PHONE,USER_POINT,USER_MENTAL_POINT,USER_ISHAVEBLOG,USER_NAME_VISIBILITY,USER_GENDER,USER_GENDER_VISIBILITY,USER_IMG) values ('series1','시리즈','zxcv1234','시리즈1','010-1111-1111',40400,1000,'Y','N','여자','N','profile.jpg');
Insert into JAVER.USERS (USER_ID,USER_NAME,USER_PASSWORD,USER_NICKNAME,USER_PHONE,USER_POINT,USER_MENTAL_POINT,USER_ISHAVEBLOG,USER_NAME_VISIBILITY,USER_GENDER,USER_GENDER_VISIBILITY,USER_IMG) values ('series2','시리즈','zxcv1234','시리즈2','010-2222-2222',41400,1000,'Y','N','여자','N','profile.jpg');
Insert into JAVER.USERS (USER_ID,USER_NAME,USER_PASSWORD,USER_NICKNAME,USER_PHONE,USER_POINT,USER_MENTAL_POINT,USER_ISHAVEBLOG,USER_NAME_VISIBILITY,USER_GENDER,USER_GENDER_VISIBILITY,USER_IMG) values ('series3','시리즈','zxcv1234','시리즈3','010-3333-3333',50000,1000,'N','N','여자','N','profile.jpg');
Insert into JAVER.USERS (USER_ID,USER_NAME,USER_PASSWORD,USER_NICKNAME,USER_PHONE,USER_POINT,USER_MENTAL_POINT,USER_ISHAVEBLOG,USER_NAME_VISIBILITY,USER_GENDER,USER_GENDER_VISIBILITY,USER_IMG) values ('series4','시리즈','zxcv1234','시리즈4','010-4444-4444',50000,1000,'N','N','여자','N','profile.jpg');
Insert into JAVER.USERS (USER_ID,USER_NAME,USER_PASSWORD,USER_NICKNAME,USER_PHONE,USER_POINT,USER_MENTAL_POINT,USER_ISHAVEBLOG,USER_NAME_VISIBILITY,USER_GENDER,USER_GENDER_VISIBILITY,USER_IMG) values ('series5','시리즈','zxcv1234','시리즈5','010-5555-5555',50000,1000,'N','N','여자','N','profile.jpg');
Insert into JAVER.USERS (USER_ID,USER_NAME,USER_PASSWORD,USER_NICKNAME,USER_PHONE,USER_POINT,USER_MENTAL_POINT,USER_ISHAVEBLOG,USER_NAME_VISIBILITY,USER_GENDER,USER_GENDER_VISIBILITY,USER_IMG) values ('gnsl1102','이해훈','zxcv1234','카패달','010-2907-4062',0,10,'Y','N','남자','N','profile.jpg');
Insert into JAVER.USERS (USER_ID,USER_NAME,USER_PASSWORD,USER_NICKNAME,USER_PHONE,USER_POINT,USER_MENTAL_POINT,USER_ISHAVEBLOG,USER_NAME_VISIBILITY,USER_GENDER,USER_GENDER_VISIBILITY,USER_IMG) values ('v2pv2p','수정팍','zxcv1234','택배받아','010-2907-4062',0,1000,'Y','N','여자','N','profile.jpg');
Insert into JAVER.USERS (USER_ID,USER_NAME,USER_PASSWORD,USER_NICKNAME,USER_PHONE,USER_POINT,USER_MENTAL_POINT,USER_ISHAVEBLOG,USER_NAME_VISIBILITY,USER_GENDER,USER_GENDER_VISIBILITY,USER_IMG) values ('lee33','lee33','123','lee33','010-1111-1111',0,0,'N','N','남자','N','profile.jpg');
Insert into JAVER.USERS (USER_ID,USER_NAME,USER_PASSWORD,USER_NICKNAME,USER_PHONE,USER_POINT,USER_MENTAL_POINT,USER_ISHAVEBLOG,USER_NAME_VISIBILITY,USER_GENDER,USER_GENDER_VISIBILITY,USER_IMG) values ('lee34','lee34','123','lee34','010-1111-1111',0,0,'N','N','남자','N','profile.jpg');
Insert into JAVER.USERS (USER_ID,USER_NAME,USER_PASSWORD,USER_NICKNAME,USER_PHONE,USER_POINT,USER_MENTAL_POINT,USER_ISHAVEBLOG,USER_NAME_VISIBILITY,USER_GENDER,USER_GENDER_VISIBILITY,USER_IMG) values ('lee35','lee35','123','lee35','010-1111-1111',0,0,'N','N','남자','N','profile.jpg');
Insert into JAVER.USERS (USER_ID,USER_NAME,USER_PASSWORD,USER_NICKNAME,USER_PHONE,USER_POINT,USER_MENTAL_POINT,USER_ISHAVEBLOG,USER_NAME_VISIBILITY,USER_GENDER,USER_GENDER_VISIBILITY,USER_IMG) values ('lee36','lee36','123','lee36','010-1111-1111',0,0,'N','N','남자','N','profile.jpg');
Insert into JAVER.USERS (USER_ID,USER_NAME,USER_PASSWORD,USER_NICKNAME,USER_PHONE,USER_POINT,USER_MENTAL_POINT,USER_ISHAVEBLOG,USER_NAME_VISIBILITY,USER_GENDER,USER_GENDER_VISIBILITY,USER_IMG) values ('lee37','lee37','123','lee37','010-1111-1111',0,0,'N','N','남자','N','profile.jpg');
Insert into JAVER.USERS (USER_ID,USER_NAME,USER_PASSWORD,USER_NICKNAME,USER_PHONE,USER_POINT,USER_MENTAL_POINT,USER_ISHAVEBLOG,USER_NAME_VISIBILITY,USER_GENDER,USER_GENDER_VISIBILITY,USER_IMG) values ('lee38','lee38','123','lee38','010-1111-1111',0,0,'N','N','남자','N','profile.jpg');
Insert into JAVER.USERS (USER_ID,USER_NAME,USER_PASSWORD,USER_NICKNAME,USER_PHONE,USER_POINT,USER_MENTAL_POINT,USER_ISHAVEBLOG,USER_NAME_VISIBILITY,USER_GENDER,USER_GENDER_VISIBILITY,USER_IMG) values ('lee39','lee39','123','lee39','010-1111-1111',0,0,'N','N','남자','N','profile.jpg');
Insert into JAVER.USERS (USER_ID,USER_NAME,USER_PASSWORD,USER_NICKNAME,USER_PHONE,USER_POINT,USER_MENTAL_POINT,USER_ISHAVEBLOG,USER_NAME_VISIBILITY,USER_GENDER,USER_GENDER_VISIBILITY,USER_IMG) values ('lee40','lee40','123','lee40','010-1111-1111',0,0,'N','N','남자','N','profile.jpg');
Insert into JAVER.USERS (USER_ID,USER_NAME,USER_PASSWORD,USER_NICKNAME,USER_PHONE,USER_POINT,USER_MENTAL_POINT,USER_ISHAVEBLOG,USER_NAME_VISIBILITY,USER_GENDER,USER_GENDER_VISIBILITY,USER_IMG) values ('lee1','lee1','123','lee1','010-1111-1111',0,0,'N','N','남자','N','profile.jpg');
Insert into JAVER.USERS (USER_ID,USER_NAME,USER_PASSWORD,USER_NICKNAME,USER_PHONE,USER_POINT,USER_MENTAL_POINT,USER_ISHAVEBLOG,USER_NAME_VISIBILITY,USER_GENDER,USER_GENDER_VISIBILITY,USER_IMG) values ('lee2','lee2','123','lee2','010-1111-1111',0,0,'N','N','남자','N','profile.jpg');
Insert into JAVER.USERS (USER_ID,USER_NAME,USER_PASSWORD,USER_NICKNAME,USER_PHONE,USER_POINT,USER_MENTAL_POINT,USER_ISHAVEBLOG,USER_NAME_VISIBILITY,USER_GENDER,USER_GENDER_VISIBILITY,USER_IMG) values ('lee3','lee3','123','lee3','010-1111-1111',0,0,'N','N','남자','N','profile.jpg');
Insert into JAVER.USERS (USER_ID,USER_NAME,USER_PASSWORD,USER_NICKNAME,USER_PHONE,USER_POINT,USER_MENTAL_POINT,USER_ISHAVEBLOG,USER_NAME_VISIBILITY,USER_GENDER,USER_GENDER_VISIBILITY,USER_IMG) values ('lee4','lee4','123','lee4','010-1111-1111',0,0,'N','N','남자','N','profile.jpg');
Insert into JAVER.USERS (USER_ID,USER_NAME,USER_PASSWORD,USER_NICKNAME,USER_PHONE,USER_POINT,USER_MENTAL_POINT,USER_ISHAVEBLOG,USER_NAME_VISIBILITY,USER_GENDER,USER_GENDER_VISIBILITY,USER_IMG) values ('lee5','lee5','123','lee5','010-1111-1111',0,0,'N','N','남자','N','profile.jpg');
Insert into JAVER.USERS (USER_ID,USER_NAME,USER_PASSWORD,USER_NICKNAME,USER_PHONE,USER_POINT,USER_MENTAL_POINT,USER_ISHAVEBLOG,USER_NAME_VISIBILITY,USER_GENDER,USER_GENDER_VISIBILITY,USER_IMG) values ('lee6','lee6','123','lee6','010-1111-1111',0,0,'N','N','남자','N','profile.jpg');
Insert into JAVER.USERS (USER_ID,USER_NAME,USER_PASSWORD,USER_NICKNAME,USER_PHONE,USER_POINT,USER_MENTAL_POINT,USER_ISHAVEBLOG,USER_NAME_VISIBILITY,USER_GENDER,USER_GENDER_VISIBILITY,USER_IMG) values ('lee7','lee7','123','lee7','010-1111-1111',0,0,'N','N','남자','N','profile.jpg');
Insert into JAVER.USERS (USER_ID,USER_NAME,USER_PASSWORD,USER_NICKNAME,USER_PHONE,USER_POINT,USER_MENTAL_POINT,USER_ISHAVEBLOG,USER_NAME_VISIBILITY,USER_GENDER,USER_GENDER_VISIBILITY,USER_IMG) values ('lee8','lee8','123','lee8','010-1111-1111',0,0,'N','N','남자','N','profile.jpg');
Insert into JAVER.USERS (USER_ID,USER_NAME,USER_PASSWORD,USER_NICKNAME,USER_PHONE,USER_POINT,USER_MENTAL_POINT,USER_ISHAVEBLOG,USER_NAME_VISIBILITY,USER_GENDER,USER_GENDER_VISIBILITY,USER_IMG) values ('lee9','lee9','123','lee9','010-1111-1111',0,0,'N','N','남자','N','profile.jpg');
Insert into JAVER.USERS (USER_ID,USER_NAME,USER_PASSWORD,USER_NICKNAME,USER_PHONE,USER_POINT,USER_MENTAL_POINT,USER_ISHAVEBLOG,USER_NAME_VISIBILITY,USER_GENDER,USER_GENDER_VISIBILITY,USER_IMG) values ('lee10','lee10','123','lee10','010-1111-1111',0,0,'N','N','남자','N','profile.jpg');
Insert into JAVER.USERS (USER_ID,USER_NAME,USER_PASSWORD,USER_NICKNAME,USER_PHONE,USER_POINT,USER_MENTAL_POINT,USER_ISHAVEBLOG,USER_NAME_VISIBILITY,USER_GENDER,USER_GENDER_VISIBILITY,USER_IMG) values ('lee11','lee11','123','lee11','010-1111-1111',0,0,'N','N','남자','N','profile.jpg');
Insert into JAVER.USERS (USER_ID,USER_NAME,USER_PASSWORD,USER_NICKNAME,USER_PHONE,USER_POINT,USER_MENTAL_POINT,USER_ISHAVEBLOG,USER_NAME_VISIBILITY,USER_GENDER,USER_GENDER_VISIBILITY,USER_IMG) values ('lee12','lee12','123','lee12','010-1111-1111',0,0,'N','N','남자','N','profile.jpg');
Insert into JAVER.USERS (USER_ID,USER_NAME,USER_PASSWORD,USER_NICKNAME,USER_PHONE,USER_POINT,USER_MENTAL_POINT,USER_ISHAVEBLOG,USER_NAME_VISIBILITY,USER_GENDER,USER_GENDER_VISIBILITY,USER_IMG) values ('lee13','lee13','123','lee13','010-1111-1111',0,0,'N','N','남자','N','profile.jpg');
Insert into JAVER.USERS (USER_ID,USER_NAME,USER_PASSWORD,USER_NICKNAME,USER_PHONE,USER_POINT,USER_MENTAL_POINT,USER_ISHAVEBLOG,USER_NAME_VISIBILITY,USER_GENDER,USER_GENDER_VISIBILITY,USER_IMG) values ('lee14','lee14','123','lee14','010-1111-1111',0,0,'N','N','남자','N','profile.jpg');
Insert into JAVER.USERS (USER_ID,USER_NAME,USER_PASSWORD,USER_NICKNAME,USER_PHONE,USER_POINT,USER_MENTAL_POINT,USER_ISHAVEBLOG,USER_NAME_VISIBILITY,USER_GENDER,USER_GENDER_VISIBILITY,USER_IMG) values ('lee15','lee15','123','lee15','010-1111-1111',0,0,'N','N','남자','N','profile.jpg');
Insert into JAVER.USERS (USER_ID,USER_NAME,USER_PASSWORD,USER_NICKNAME,USER_PHONE,USER_POINT,USER_MENTAL_POINT,USER_ISHAVEBLOG,USER_NAME_VISIBILITY,USER_GENDER,USER_GENDER_VISIBILITY,USER_IMG) values ('lee16','lee16','123','lee16','010-1111-1111',0,0,'N','N','남자','N','profile.jpg');
Insert into JAVER.USERS (USER_ID,USER_NAME,USER_PASSWORD,USER_NICKNAME,USER_PHONE,USER_POINT,USER_MENTAL_POINT,USER_ISHAVEBLOG,USER_NAME_VISIBILITY,USER_GENDER,USER_GENDER_VISIBILITY,USER_IMG) values ('lee17','lee17','123','lee17','010-1111-1111',0,0,'N','N','남자','N','profile.jpg');
Insert into JAVER.USERS (USER_ID,USER_NAME,USER_PASSWORD,USER_NICKNAME,USER_PHONE,USER_POINT,USER_MENTAL_POINT,USER_ISHAVEBLOG,USER_NAME_VISIBILITY,USER_GENDER,USER_GENDER_VISIBILITY,USER_IMG) values ('lee18','lee18','123','lee18','010-1111-1111',0,0,'N','N','남자','N','profile.jpg');
Insert into JAVER.USERS (USER_ID,USER_NAME,USER_PASSWORD,USER_NICKNAME,USER_PHONE,USER_POINT,USER_MENTAL_POINT,USER_ISHAVEBLOG,USER_NAME_VISIBILITY,USER_GENDER,USER_GENDER_VISIBILITY,USER_IMG) values ('lee19','lee19','123','lee19','010-1111-1111',0,0,'N','N','남자','N','profile.jpg');
Insert into JAVER.USERS (USER_ID,USER_NAME,USER_PASSWORD,USER_NICKNAME,USER_PHONE,USER_POINT,USER_MENTAL_POINT,USER_ISHAVEBLOG,USER_NAME_VISIBILITY,USER_GENDER,USER_GENDER_VISIBILITY,USER_IMG) values ('lee20','lee20','123','lee20','010-1111-1111',0,0,'N','N','남자','N','profile.jpg');
Insert into JAVER.USERS (USER_ID,USER_NAME,USER_PASSWORD,USER_NICKNAME,USER_PHONE,USER_POINT,USER_MENTAL_POINT,USER_ISHAVEBLOG,USER_NAME_VISIBILITY,USER_GENDER,USER_GENDER_VISIBILITY,USER_IMG) values ('lee21','lee21','123','lee21','010-1111-1111',0,0,'N','N','남자','N','profile.jpg');
Insert into JAVER.USERS (USER_ID,USER_NAME,USER_PASSWORD,USER_NICKNAME,USER_PHONE,USER_POINT,USER_MENTAL_POINT,USER_ISHAVEBLOG,USER_NAME_VISIBILITY,USER_GENDER,USER_GENDER_VISIBILITY,USER_IMG) values ('lee22','lee22','123','lee22','010-1111-1111',0,0,'N','N','남자','N','profile.jpg');
Insert into JAVER.USERS (USER_ID,USER_NAME,USER_PASSWORD,USER_NICKNAME,USER_PHONE,USER_POINT,USER_MENTAL_POINT,USER_ISHAVEBLOG,USER_NAME_VISIBILITY,USER_GENDER,USER_GENDER_VISIBILITY,USER_IMG) values ('lee23','lee23','123','lee23','010-1111-1111',0,0,'N','N','남자','N','profile.jpg');
Insert into JAVER.USERS (USER_ID,USER_NAME,USER_PASSWORD,USER_NICKNAME,USER_PHONE,USER_POINT,USER_MENTAL_POINT,USER_ISHAVEBLOG,USER_NAME_VISIBILITY,USER_GENDER,USER_GENDER_VISIBILITY,USER_IMG) values ('lee24','lee24','123','lee24','010-1111-1111',0,0,'N','N','남자','N','profile.jpg');
Insert into JAVER.USERS (USER_ID,USER_NAME,USER_PASSWORD,USER_NICKNAME,USER_PHONE,USER_POINT,USER_MENTAL_POINT,USER_ISHAVEBLOG,USER_NAME_VISIBILITY,USER_GENDER,USER_GENDER_VISIBILITY,USER_IMG) values ('lee25','lee25','123','lee25','010-1111-1111',0,0,'N','N','남자','N','profile.jpg');
Insert into JAVER.USERS (USER_ID,USER_NAME,USER_PASSWORD,USER_NICKNAME,USER_PHONE,USER_POINT,USER_MENTAL_POINT,USER_ISHAVEBLOG,USER_NAME_VISIBILITY,USER_GENDER,USER_GENDER_VISIBILITY,USER_IMG) values ('lee26','lee26','123','lee26','010-1111-1111',0,0,'N','N','남자','N','profile.jpg');
Insert into JAVER.USERS (USER_ID,USER_NAME,USER_PASSWORD,USER_NICKNAME,USER_PHONE,USER_POINT,USER_MENTAL_POINT,USER_ISHAVEBLOG,USER_NAME_VISIBILITY,USER_GENDER,USER_GENDER_VISIBILITY,USER_IMG) values ('lee27','lee27','123','lee27','010-1111-1111',0,0,'N','N','남자','N','profile.jpg');
Insert into JAVER.USERS (USER_ID,USER_NAME,USER_PASSWORD,USER_NICKNAME,USER_PHONE,USER_POINT,USER_MENTAL_POINT,USER_ISHAVEBLOG,USER_NAME_VISIBILITY,USER_GENDER,USER_GENDER_VISIBILITY,USER_IMG) values ('lee28','lee28','123','lee28','010-1111-1111',0,0,'N','N','남자','N','profile.jpg');
Insert into JAVER.USERS (USER_ID,USER_NAME,USER_PASSWORD,USER_NICKNAME,USER_PHONE,USER_POINT,USER_MENTAL_POINT,USER_ISHAVEBLOG,USER_NAME_VISIBILITY,USER_GENDER,USER_GENDER_VISIBILITY,USER_IMG) values ('lee29','lee29','123','lee29','010-1111-1111',0,0,'N','N','남자','N','profile.jpg');
Insert into JAVER.USERS (USER_ID,USER_NAME,USER_PASSWORD,USER_NICKNAME,USER_PHONE,USER_POINT,USER_MENTAL_POINT,USER_ISHAVEBLOG,USER_NAME_VISIBILITY,USER_GENDER,USER_GENDER_VISIBILITY,USER_IMG) values ('lee30','lee30','123','lee30','010-1111-1111',0,0,'N','N','남자','N','profile.jpg');
Insert into JAVER.USERS (USER_ID,USER_NAME,USER_PASSWORD,USER_NICKNAME,USER_PHONE,USER_POINT,USER_MENTAL_POINT,USER_ISHAVEBLOG,USER_NAME_VISIBILITY,USER_GENDER,USER_GENDER_VISIBILITY,USER_IMG) values ('lee31','lee31','123','lee31','010-1111-1111',0,0,'N','N','남자','N','profile.jpg');
Insert into JAVER.USERS (USER_ID,USER_NAME,USER_PASSWORD,USER_NICKNAME,USER_PHONE,USER_POINT,USER_MENTAL_POINT,USER_ISHAVEBLOG,USER_NAME_VISIBILITY,USER_GENDER,USER_GENDER_VISIBILITY,USER_IMG) values ('lee32','lee32','123','lee32','010-1111-1111',0,0,'N','N','남자','N','profile.jpg');
Insert into JAVER.USERS (USER_ID,USER_NAME,USER_PASSWORD,USER_NICKNAME,USER_PHONE,USER_POINT,USER_MENTAL_POINT,USER_ISHAVEBLOG,USER_NAME_VISIBILITY,USER_GENDER,USER_GENDER_VISIBILITY,USER_IMG) values ('asdqwe','이경훈','123','경훈이','undefined',0,100,'N','N','남자','N','blog.png');
Insert into JAVER.USERS (USER_ID,USER_NAME,USER_PASSWORD,USER_NICKNAME,USER_PHONE,USER_POINT,USER_MENTAL_POINT,USER_ISHAVEBLOG,USER_NAME_VISIBILITY,USER_GENDER,USER_GENDER_VISIBILITY,USER_IMG) values ('haehae','강희켱','123','좀더','undefined',0,100,'N','N','여자','N','blog.png');
Insert into JAVER.USERS (USER_ID,USER_NAME,USER_PASSWORD,USER_NICKNAME,USER_PHONE,USER_POINT,USER_MENTAL_POINT,USER_ISHAVEBLOG,USER_NAME_VISIBILITY,USER_GENDER,USER_GENDER_VISIBILITY,USER_IMG) values ('testing','가즈아','1234','가자제발','undefined22224444',0,100,'N','N','여자','N','blog.png');
Insert into JAVER.USERS (USER_ID,USER_NAME,USER_PASSWORD,USER_NICKNAME,USER_PHONE,USER_POINT,USER_MENTAL_POINT,USER_ISHAVEBLOG,USER_NAME_VISIBILITY,USER_GENDER,USER_GENDER_VISIBILITY,USER_IMG) values ('copotter111','이경경','123','copooo','01010102020',0,100,'N','N','남자','N','blog.png');
Insert into JAVER.USERS (USER_ID,USER_NAME,USER_PASSWORD,USER_NICKNAME,USER_PHONE,USER_POINT,USER_MENTAL_POINT,USER_ISHAVEBLOG,USER_NAME_VISIBILITY,USER_GENDER,USER_GENDER_VISIBILITY,USER_IMG) values ('copo','경경동','1010','slllal','01022023030',0,100,'N','N','남자','N','blog.png');
Insert into JAVER.USERS (USER_ID,USER_NAME,USER_PASSWORD,USER_NICKNAME,USER_PHONE,USER_POINT,USER_MENTAL_POINT,USER_ISHAVEBLOG,USER_NAME_VISIBILITY,USER_GENDER,USER_GENDER_VISIBILITY,USER_IMG) values ('akakaksk','바바자','123','eeqweqwe','024734020',0,100,'N','N','남자','N','blog.png');
Insert into JAVER.USERS (USER_ID,USER_NAME,USER_PASSWORD,USER_NICKNAME,USER_PHONE,USER_POINT,USER_MENTAL_POINT,USER_ISHAVEBLOG,USER_NAME_VISIBILITY,USER_GENDER,USER_GENDER_VISIBILITY,USER_IMG) values ('ajajajqj','바마자','123','무부주','01029071212',0,100,'N','N','남자','N','blog.png');
Insert into JAVER.USERS (USER_ID,USER_NAME,USER_PASSWORD,USER_NICKNAME,USER_PHONE,USER_POINT,USER_MENTAL_POINT,USER_ISHAVEBLOG,USER_NAME_VISIBILITY,USER_GENDER,USER_GENDER_VISIBILITY,USER_IMG) values ('yahoo','야야야','123','야후','01021812929',0,100,'N','N','남자','N','blog.png');
Insert into JAVER.USERS (USER_ID,USER_NAME,USER_PASSWORD,USER_NICKNAME,USER_PHONE,USER_POINT,USER_MENTAL_POINT,USER_ISHAVEBLOG,USER_NAME_VISIBILITY,USER_GENDER,USER_GENDER_VISIBILITY,USER_IMG) values ('yayaho','야야져야','123','yayayaya','01012345678',0,100,'N','N','남자','N','blog.png');
Insert into JAVER.USERS (USER_ID,USER_NAME,USER_PASSWORD,USER_NICKNAME,USER_PHONE,USER_POINT,USER_MENTAL_POINT,USER_ISHAVEBLOG,USER_NAME_VISIBILITY,USER_GENDER,USER_GENDER_VISIBILITY,USER_IMG) values ('zzz6547','키키키','zxcv1234','zzz','024654545',0,100,'N','N','남자','N','blog.png');
Insert into JAVER.USERS (USER_ID,USER_NAME,USER_PASSWORD,USER_NICKNAME,USER_PHONE,USER_POINT,USER_MENTAL_POINT,USER_ISHAVEBLOG,USER_NAME_VISIBILITY,USER_GENDER,USER_GENDER_VISIBILITY,USER_IMG) values ('qwe123','ddasd','123','qqwe','0102323233',0,100,'N','N','남자','N','blog.png');
Insert into JAVER.USERS (USER_ID,USER_NAME,USER_PASSWORD,USER_NICKNAME,USER_PHONE,USER_POINT,USER_MENTAL_POINT,USER_ISHAVEBLOG,USER_NAME_VISIBILITY,USER_GENDER,USER_GENDER_VISIBILITY,USER_IMG) values ('copotter112','이해훈','zxcv1234','카패달','01023457868',0,100,'N','N','남자','N','blog.png');
Insert into JAVER.USERS (USER_ID,USER_NAME,USER_PASSWORD,USER_NICKNAME,USER_PHONE,USER_POINT,USER_MENTAL_POINT,USER_ISHAVEBLOG,USER_NAME_VISIBILITY,USER_GENDER,USER_GENDER_VISIBILITY,USER_IMG) values ('bm2','제임스고슬링','1','자바킹','0101234-1234',0,100,'Y','N','남자','N','다운로드.jfif');
Insert into JAVER.USERS (USER_ID,USER_NAME,USER_PASSWORD,USER_NICKNAME,USER_PHONE,USER_POINT,USER_MENTAL_POINT,USER_ISHAVEBLOG,USER_NAME_VISIBILITY,USER_GENDER,USER_GENDER_VISIBILITY,USER_IMG) values ('bm3','제임스고슬링','1','자바킹','0101234-1234',0,100,'N','N','남자','N','blog.png');
REM INSERTING into JAVER.VOTE_ITEMS
SET DEFINE OFF;
REM INSERTING into JAVER.WRITE_CONTENTS
SET DEFINE OFF;
--------------------------------------------------------
--  DDL for Index PK_NOTICE_NO
--------------------------------------------------------

  CREATE UNIQUE INDEX "JAVER"."PK_NOTICE_NO" ON "JAVER"."SERIES_NOTICES" ("NOTICE_NO") 
  PCTFREE 10 INITRANS 2 MAXTRANS 255 COMPUTE STATISTICS 
  STORAGE(INITIAL 65536 NEXT 1048576 MINEXTENTS 1 MAXEXTENTS 2147483645
  PCTINCREASE 0 FREELISTS 1 FREELIST GROUPS 1 BUFFER_POOL DEFAULT FLASH_CACHE DEFAULT CELL_FLASH_CACHE DEFAULT)
  TABLESPACE "SYSTEM" ;
--------------------------------------------------------
--  DDL for Index PK_REVIEW_NO
--------------------------------------------------------

  CREATE UNIQUE INDEX "JAVER"."PK_REVIEW_NO" ON "JAVER"."SERIES_REVIEWS" ("REVIEW_NO") 
  PCTFREE 10 INITRANS 2 MAXTRANS 255 COMPUTE STATISTICS 
  STORAGE(INITIAL 65536 NEXT 1048576 MINEXTENTS 1 MAXEXTENTS 2147483645
  PCTINCREASE 0 FREELISTS 1 FREELIST GROUPS 1 BUFFER_POOL DEFAULT FLASH_CACHE DEFAULT CELL_FLASH_CACHE DEFAULT)
  TABLESPACE "SYSTEM" ;
--------------------------------------------------------
--  DDL for Index SEARCH_WORD_PK
--------------------------------------------------------

  CREATE UNIQUE INDEX "JAVER"."SEARCH_WORD_PK" ON "JAVER"."SEARCH_WORD" ("WORD_NO") 
  PCTFREE 10 INITRANS 2 MAXTRANS 255 COMPUTE STATISTICS 
  STORAGE(INITIAL 65536 NEXT 1048576 MINEXTENTS 1 MAXEXTENTS 2147483645
  PCTINCREASE 0 FREELISTS 1 FREELIST GROUPS 1 BUFFER_POOL DEFAULT FLASH_CACHE DEFAULT CELL_FLASH_CACHE DEFAULT)
  TABLESPACE "SYSTEM" ;
--------------------------------------------------------
--  DDL for Index SYS_C008066
--------------------------------------------------------

  CREATE UNIQUE INDEX "JAVER"."SYS_C008066" ON "JAVER"."BAND_INTO_IMG" ("IMGNO") 
  PCTFREE 10 INITRANS 2 MAXTRANS 255 COMPUTE STATISTICS 
  STORAGE(INITIAL 65536 NEXT 1048576 MINEXTENTS 1 MAXEXTENTS 2147483645
  PCTINCREASE 0 FREELISTS 1 FREELIST GROUPS 1 BUFFER_POOL DEFAULT FLASH_CACHE DEFAULT CELL_FLASH_CACHE DEFAULT)
  TABLESPACE "SYSTEM" ;
--------------------------------------------------------
--  DDL for Index SYS_C008453
--------------------------------------------------------

  CREATE UNIQUE INDEX "JAVER"."SYS_C008453" ON "JAVER"."ACCOUNTBOOK_CATEGORY" ("CATEGORY_NO") 
  PCTFREE 10 INITRANS 2 MAXTRANS 255 COMPUTE STATISTICS 
  STORAGE(INITIAL 65536 NEXT 1048576 MINEXTENTS 1 MAXEXTENTS 2147483645
  PCTINCREASE 0 FREELISTS 1 FREELIST GROUPS 1 BUFFER_POOL DEFAULT FLASH_CACHE DEFAULT CELL_FLASH_CACHE DEFAULT)
  TABLESPACE "SYSTEM" ;
--------------------------------------------------------
--  DDL for Index SYS_C008458
--------------------------------------------------------

  CREATE UNIQUE INDEX "JAVER"."SYS_C008458" ON "JAVER"."ACCOUNTBOOK_COMMENTS" ("COMMENTS_NO") 
  PCTFREE 10 INITRANS 2 MAXTRANS 255 COMPUTE STATISTICS 
  STORAGE(INITIAL 65536 NEXT 1048576 MINEXTENTS 1 MAXEXTENTS 2147483645
  PCTINCREASE 0 FREELISTS 1 FREELIST GROUPS 1 BUFFER_POOL DEFAULT FLASH_CACHE DEFAULT CELL_FLASH_CACHE DEFAULT)
  TABLESPACE "SYSTEM" ;
--------------------------------------------------------
--  DDL for Index SYS_C008466
--------------------------------------------------------

  CREATE UNIQUE INDEX "JAVER"."SYS_C008466" ON "JAVER"."ACCOUNTBOOK_TERM" ("TERM_NO") 
  PCTFREE 10 INITRANS 2 MAXTRANS 255 COMPUTE STATISTICS 
  STORAGE(INITIAL 65536 NEXT 1048576 MINEXTENTS 1 MAXEXTENTS 2147483645
  PCTINCREASE 0 FREELISTS 1 FREELIST GROUPS 1 BUFFER_POOL DEFAULT FLASH_CACHE DEFAULT CELL_FLASH_CACHE DEFAULT)
  TABLESPACE "SYSTEM" ;
--------------------------------------------------------
--  DDL for Index SYS_C008474
--------------------------------------------------------

  CREATE UNIQUE INDEX "JAVER"."SYS_C008474" ON "JAVER"."ACCOUNTBOOK_GOAL" ("GOAL_NO") 
  PCTFREE 10 INITRANS 2 MAXTRANS 255 COMPUTE STATISTICS 
  STORAGE(INITIAL 65536 NEXT 1048576 MINEXTENTS 1 MAXEXTENTS 2147483645
  PCTINCREASE 0 FREELISTS 1 FREELIST GROUPS 1 BUFFER_POOL DEFAULT FLASH_CACHE DEFAULT CELL_FLASH_CACHE DEFAULT)
  TABLESPACE "SYSTEM" ;
--------------------------------------------------------
--  DDL for Index SYS_C008488
--------------------------------------------------------

  CREATE UNIQUE INDEX "JAVER"."SYS_C008488" ON "JAVER"."ACCOUNTBOOK_WRITING" ("WRITING_NO") 
  PCTFREE 10 INITRANS 2 MAXTRANS 255 COMPUTE STATISTICS 
  STORAGE(INITIAL 65536 NEXT 1048576 MINEXTENTS 1 MAXEXTENTS 2147483645
  PCTINCREASE 0 FREELISTS 1 FREELIST GROUPS 1 BUFFER_POOL DEFAULT FLASH_CACHE DEFAULT CELL_FLASH_CACHE DEFAULT)
  TABLESPACE "SYSTEM" ;
--------------------------------------------------------
--  DDL for Index SYS_C008491
--------------------------------------------------------

  CREATE UNIQUE INDEX "JAVER"."SYS_C008491" ON "JAVER"."ACCOUNTBOOK_TAG" ("TAG_NO") 
  PCTFREE 10 INITRANS 2 MAXTRANS 255 COMPUTE STATISTICS 
  STORAGE(INITIAL 65536 NEXT 1048576 MINEXTENTS 1 MAXEXTENTS 2147483645
  PCTINCREASE 0 FREELISTS 1 FREELIST GROUPS 1 BUFFER_POOL DEFAULT FLASH_CACHE DEFAULT CELL_FLASH_CACHE DEFAULT)
  TABLESPACE "SYSTEM" ;
--------------------------------------------------------
--  DDL for Index SYS_C008498
--------------------------------------------------------

  CREATE UNIQUE INDEX "JAVER"."SYS_C008498" ON "JAVER"."ACOUNTBOOK_BUDGET" ("BUDGET_NO") 
  PCTFREE 10 INITRANS 2 MAXTRANS 255 COMPUTE STATISTICS 
  STORAGE(INITIAL 65536 NEXT 1048576 MINEXTENTS 1 MAXEXTENTS 2147483645
  PCTINCREASE 0 FREELISTS 1 FREELIST GROUPS 1 BUFFER_POOL DEFAULT FLASH_CACHE DEFAULT CELL_FLASH_CACHE DEFAULT)
  TABLESPACE "SYSTEM" ;
--------------------------------------------------------
--  DDL for Index SYS_C008508
--------------------------------------------------------

  CREATE UNIQUE INDEX "JAVER"."SYS_C008508" ON "JAVER"."BAND" ("BAND_NO") 
  PCTFREE 10 INITRANS 2 MAXTRANS 255 COMPUTE STATISTICS 
  STORAGE(INITIAL 65536 NEXT 1048576 MINEXTENTS 1 MAXEXTENTS 2147483645
  PCTINCREASE 0 FREELISTS 1 FREELIST GROUPS 1 BUFFER_POOL DEFAULT FLASH_CACHE DEFAULT CELL_FLASH_CACHE DEFAULT)
  TABLESPACE "SYSTEM" ;
--------------------------------------------------------
--  DDL for Index SYS_C008514
--------------------------------------------------------

  CREATE UNIQUE INDEX "JAVER"."SYS_C008514" ON "JAVER"."BAND_CALENDAR" ("CAL_NO") 
  PCTFREE 10 INITRANS 2 MAXTRANS 255 COMPUTE STATISTICS 
  STORAGE(INITIAL 65536 NEXT 1048576 MINEXTENTS 1 MAXEXTENTS 2147483645
  PCTINCREASE 0 FREELISTS 1 FREELIST GROUPS 1 BUFFER_POOL DEFAULT FLASH_CACHE DEFAULT CELL_FLASH_CACHE DEFAULT)
  TABLESPACE "SYSTEM" ;
--------------------------------------------------------
--  DDL for Index SYS_C008518
--------------------------------------------------------

  CREATE UNIQUE INDEX "JAVER"."SYS_C008518" ON "JAVER"."BAND_CHULCHECK" ("CHUL_NO") 
  PCTFREE 10 INITRANS 2 MAXTRANS 255 COMPUTE STATISTICS 
  STORAGE(INITIAL 65536 NEXT 1048576 MINEXTENTS 1 MAXEXTENTS 2147483645
  PCTINCREASE 0 FREELISTS 1 FREELIST GROUPS 1 BUFFER_POOL DEFAULT FLASH_CACHE DEFAULT CELL_FLASH_CACHE DEFAULT)
  TABLESPACE "SYSTEM" ;
--------------------------------------------------------
--  DDL for Index SYS_C008524
--------------------------------------------------------

  CREATE UNIQUE INDEX "JAVER"."SYS_C008524" ON "JAVER"."BAND_JOIN" ("JOIN_NO") 
  PCTFREE 10 INITRANS 2 MAXTRANS 255 COMPUTE STATISTICS 
  STORAGE(INITIAL 65536 NEXT 1048576 MINEXTENTS 1 MAXEXTENTS 2147483645
  PCTINCREASE 0 FREELISTS 1 FREELIST GROUPS 1 BUFFER_POOL DEFAULT FLASH_CACHE DEFAULT CELL_FLASH_CACHE DEFAULT)
  TABLESPACE "SYSTEM" ;
--------------------------------------------------------
--  DDL for Index SYS_C008528
--------------------------------------------------------

  CREATE UNIQUE INDEX "JAVER"."SYS_C008528" ON "JAVER"."BAND_NBBANG" ("NBB_NO") 
  PCTFREE 10 INITRANS 2 MAXTRANS 255 COMPUTE STATISTICS 
  STORAGE(INITIAL 65536 NEXT 1048576 MINEXTENTS 1 MAXEXTENTS 2147483645
  PCTINCREASE 0 FREELISTS 1 FREELIST GROUPS 1 BUFFER_POOL DEFAULT FLASH_CACHE DEFAULT CELL_FLASH_CACHE DEFAULT)
  TABLESPACE "SYSTEM" ;
--------------------------------------------------------
--  DDL for Index SYS_C008533
--------------------------------------------------------

  CREATE UNIQUE INDEX "JAVER"."SYS_C008533" ON "JAVER"."BAND_TABLE_FILE" ("FILE_NO") 
  PCTFREE 10 INITRANS 2 MAXTRANS 255 COMPUTE STATISTICS 
  STORAGE(INITIAL 65536 NEXT 1048576 MINEXTENTS 1 MAXEXTENTS 2147483645
  PCTINCREASE 0 FREELISTS 1 FREELIST GROUPS 1 BUFFER_POOL DEFAULT FLASH_CACHE DEFAULT CELL_FLASH_CACHE DEFAULT)
  TABLESPACE "SYSTEM" ;
--------------------------------------------------------
--  DDL for Index SYS_C008539
--------------------------------------------------------

  CREATE UNIQUE INDEX "JAVER"."SYS_C008539" ON "JAVER"."BAND_TODO" ("TODO_NO") 
  PCTFREE 10 INITRANS 2 MAXTRANS 255 COMPUTE STATISTICS 
  STORAGE(INITIAL 65536 NEXT 1048576 MINEXTENTS 1 MAXEXTENTS 2147483645
  PCTINCREASE 0 FREELISTS 1 FREELIST GROUPS 1 BUFFER_POOL DEFAULT FLASH_CACHE DEFAULT CELL_FLASH_CACHE DEFAULT)
  TABLESPACE "SYSTEM" ;
--------------------------------------------------------
--  DDL for Index SYS_C008549
--------------------------------------------------------

  CREATE UNIQUE INDEX "JAVER"."SYS_C008549" ON "JAVER"."BAND_VOTE" ("VOTE_NO") 
  PCTFREE 10 INITRANS 2 MAXTRANS 255 COMPUTE STATISTICS 
  STORAGE(INITIAL 65536 NEXT 1048576 MINEXTENTS 1 MAXEXTENTS 2147483645
  PCTINCREASE 0 FREELISTS 1 FREELIST GROUPS 1 BUFFER_POOL DEFAULT FLASH_CACHE DEFAULT CELL_FLASH_CACHE DEFAULT)
  TABLESPACE "SYSTEM" ;
--------------------------------------------------------
--  DDL for Index SYS_C008557
--------------------------------------------------------

  CREATE UNIQUE INDEX "JAVER"."SYS_C008557" ON "JAVER"."BAND_WRITE" ("WRITE_NO") 
  PCTFREE 10 INITRANS 2 MAXTRANS 255 COMPUTE STATISTICS 
  STORAGE(INITIAL 65536 NEXT 1048576 MINEXTENTS 1 MAXEXTENTS 2147483645
  PCTINCREASE 0 FREELISTS 1 FREELIST GROUPS 1 BUFFER_POOL DEFAULT FLASH_CACHE DEFAULT CELL_FLASH_CACHE DEFAULT)
  TABLESPACE "SYSTEM" ;
--------------------------------------------------------
--  DDL for Index SYS_C008562
--------------------------------------------------------

  CREATE UNIQUE INDEX "JAVER"."SYS_C008562" ON "JAVER"."BLOG" ("BLOG_NO") 
  PCTFREE 10 INITRANS 2 MAXTRANS 255 COMPUTE STATISTICS 
  STORAGE(INITIAL 65536 NEXT 1048576 MINEXTENTS 1 MAXEXTENTS 2147483645
  PCTINCREASE 0 FREELISTS 1 FREELIST GROUPS 1 BUFFER_POOL DEFAULT FLASH_CACHE DEFAULT CELL_FLASH_CACHE DEFAULT)
  TABLESPACE "SYSTEM" ;
--------------------------------------------------------
--  DDL for Index SYS_C008565
--------------------------------------------------------

  CREATE UNIQUE INDEX "JAVER"."SYS_C008565" ON "JAVER"."BLOG_BOARDS" ("BOARD_NO") 
  PCTFREE 10 INITRANS 2 MAXTRANS 255 COMPUTE STATISTICS 
  STORAGE(INITIAL 65536 NEXT 1048576 MINEXTENTS 1 MAXEXTENTS 2147483645
  PCTINCREASE 0 FREELISTS 1 FREELIST GROUPS 1 BUFFER_POOL DEFAULT FLASH_CACHE DEFAULT CELL_FLASH_CACHE DEFAULT)
  TABLESPACE "SYSTEM" ;
--------------------------------------------------------
--  DDL for Index SYS_C008568
--------------------------------------------------------

  CREATE UNIQUE INDEX "JAVER"."SYS_C008568" ON "JAVER"."BLOG_BOARDS_COMMENTS" ("COMMENT_NO") 
  PCTFREE 10 INITRANS 2 MAXTRANS 255 COMPUTE STATISTICS 
  STORAGE(INITIAL 65536 NEXT 1048576 MINEXTENTS 1 MAXEXTENTS 2147483645
  PCTINCREASE 0 FREELISTS 1 FREELIST GROUPS 1 BUFFER_POOL DEFAULT FLASH_CACHE DEFAULT CELL_FLASH_CACHE DEFAULT)
  TABLESPACE "SYSTEM" ;
--------------------------------------------------------
--  DDL for Index SYS_C008572
--------------------------------------------------------

  CREATE UNIQUE INDEX "JAVER"."SYS_C008572" ON "JAVER"."BLOG_BOARD_LIKES" ("LIKES_NO") 
  PCTFREE 10 INITRANS 2 MAXTRANS 255 COMPUTE STATISTICS 
  STORAGE(INITIAL 65536 NEXT 1048576 MINEXTENTS 1 MAXEXTENTS 2147483645
  PCTINCREASE 0 FREELISTS 1 FREELIST GROUPS 1 BUFFER_POOL DEFAULT FLASH_CACHE DEFAULT CELL_FLASH_CACHE DEFAULT)
  TABLESPACE "SYSTEM" ;
--------------------------------------------------------
--  DDL for Index SYS_C008575
--------------------------------------------------------

  CREATE UNIQUE INDEX "JAVER"."SYS_C008575" ON "JAVER"."BLOG_CATEGORY" ("CATEGORY_NO") 
  PCTFREE 10 INITRANS 2 MAXTRANS 255 COMPUTE STATISTICS 
  STORAGE(INITIAL 65536 NEXT 1048576 MINEXTENTS 1 MAXEXTENTS 2147483645
  PCTINCREASE 0 FREELISTS 1 FREELIST GROUPS 1 BUFFER_POOL DEFAULT FLASH_CACHE DEFAULT CELL_FLASH_CACHE DEFAULT)
  TABLESPACE "SYSTEM" ;
--------------------------------------------------------
--  DDL for Index SYS_C008580
--------------------------------------------------------

  CREATE UNIQUE INDEX "JAVER"."SYS_C008580" ON "JAVER"."BLOG_HASHTAGS" ("HASHTAGS_NO") 
  PCTFREE 10 INITRANS 2 MAXTRANS 255 COMPUTE STATISTICS 
  STORAGE(INITIAL 65536 NEXT 1048576 MINEXTENTS 1 MAXEXTENTS 2147483645
  PCTINCREASE 0 FREELISTS 1 FREELIST GROUPS 1 BUFFER_POOL DEFAULT FLASH_CACHE DEFAULT CELL_FLASH_CACHE DEFAULT)
  TABLESPACE "SYSTEM" ;
--------------------------------------------------------
--  DDL for Index SYS_C008582
--------------------------------------------------------

  CREATE UNIQUE INDEX "JAVER"."SYS_C008582" ON "JAVER"."BLOG_NEIGHBORHOOD" ("NEIGHBORHOOD_NO") 
  PCTFREE 10 INITRANS 2 MAXTRANS 255 COMPUTE STATISTICS 
  STORAGE(INITIAL 65536 NEXT 1048576 MINEXTENTS 1 MAXEXTENTS 2147483645
  PCTINCREASE 0 FREELISTS 1 FREELIST GROUPS 1 BUFFER_POOL DEFAULT FLASH_CACHE DEFAULT CELL_FLASH_CACHE DEFAULT)
  TABLESPACE "SYSTEM" ;
--------------------------------------------------------
--  DDL for Index SYS_C008585
--------------------------------------------------------

  CREATE UNIQUE INDEX "JAVER"."SYS_C008585" ON "JAVER"."BLOG_SUBCATEGORY" ("SUBCATEGORY_NO") 
  PCTFREE 10 INITRANS 2 MAXTRANS 255 COMPUTE STATISTICS 
  STORAGE(INITIAL 65536 NEXT 1048576 MINEXTENTS 1 MAXEXTENTS 2147483645
  PCTINCREASE 0 FREELISTS 1 FREELIST GROUPS 1 BUFFER_POOL DEFAULT FLASH_CACHE DEFAULT CELL_FLASH_CACHE DEFAULT)
  TABLESPACE "SYSTEM" ;
--------------------------------------------------------
--  DDL for Index SYS_C008587
--------------------------------------------------------

  CREATE UNIQUE INDEX "JAVER"."SYS_C008587" ON "JAVER"."BLOG_THEMES" ("THEME_NO") 
  PCTFREE 10 INITRANS 2 MAXTRANS 255 COMPUTE STATISTICS 
  STORAGE(INITIAL 65536 NEXT 1048576 MINEXTENTS 1 MAXEXTENTS 2147483645
  PCTINCREASE 0 FREELISTS 1 FREELIST GROUPS 1 BUFFER_POOL DEFAULT FLASH_CACHE DEFAULT CELL_FLASH_CACHE DEFAULT)
  TABLESPACE "SYSTEM" ;
--------------------------------------------------------
--  DDL for Index SYS_C008601
--------------------------------------------------------

  CREATE UNIQUE INDEX "JAVER"."SYS_C008601" ON "JAVER"."JISIKIN" ("JISIKIN_NO") 
  PCTFREE 10 INITRANS 2 MAXTRANS 255 COMPUTE STATISTICS 
  STORAGE(INITIAL 65536 NEXT 1048576 MINEXTENTS 1 MAXEXTENTS 2147483645
  PCTINCREASE 0 FREELISTS 1 FREELIST GROUPS 1 BUFFER_POOL DEFAULT FLASH_CACHE DEFAULT CELL_FLASH_CACHE DEFAULT)
  TABLESPACE "SYSTEM" ;
--------------------------------------------------------
--  DDL for Index SYS_C008606
--------------------------------------------------------

  CREATE UNIQUE INDEX "JAVER"."SYS_C008606" ON "JAVER"."JISIKIN_ANSWER" ("ANSWER_NO") 
  PCTFREE 10 INITRANS 2 MAXTRANS 255 COMPUTE STATISTICS 
  STORAGE(INITIAL 65536 NEXT 1048576 MINEXTENTS 1 MAXEXTENTS 2147483645
  PCTINCREASE 0 FREELISTS 1 FREELIST GROUPS 1 BUFFER_POOL DEFAULT FLASH_CACHE DEFAULT CELL_FLASH_CACHE DEFAULT)
  TABLESPACE "SYSTEM" ;
--------------------------------------------------------
--  DDL for Index SYS_C008610
--------------------------------------------------------

  CREATE UNIQUE INDEX "JAVER"."SYS_C008610" ON "JAVER"."JISIKIN_COMMENT" ("COMMENT_NO") 
  PCTFREE 10 INITRANS 2 MAXTRANS 255 COMPUTE STATISTICS 
  STORAGE(INITIAL 65536 NEXT 1048576 MINEXTENTS 1 MAXEXTENTS 2147483645
  PCTINCREASE 0 FREELISTS 1 FREELIST GROUPS 1 BUFFER_POOL DEFAULT FLASH_CACHE DEFAULT CELL_FLASH_CACHE DEFAULT)
  TABLESPACE "SYSTEM" ;
--------------------------------------------------------
--  DDL for Index SYS_C008614
--------------------------------------------------------

  CREATE UNIQUE INDEX "JAVER"."SYS_C008614" ON "JAVER"."JISIKIN_TAG" ("TAG_NO") 
  PCTFREE 10 INITRANS 2 MAXTRANS 255 COMPUTE STATISTICS 
  STORAGE(INITIAL 65536 NEXT 1048576 MINEXTENTS 1 MAXEXTENTS 2147483645
  PCTINCREASE 0 FREELISTS 1 FREELIST GROUPS 1 BUFFER_POOL DEFAULT FLASH_CACHE DEFAULT CELL_FLASH_CACHE DEFAULT)
  TABLESPACE "SYSTEM" ;
--------------------------------------------------------
--  DDL for Index SYS_C008618
--------------------------------------------------------

  CREATE UNIQUE INDEX "JAVER"."SYS_C008618" ON "JAVER"."JOIN_ITEMS" ("JOIN_ITEM_NO") 
  PCTFREE 10 INITRANS 2 MAXTRANS 255 COMPUTE STATISTICS 
  STORAGE(INITIAL 65536 NEXT 1048576 MINEXTENTS 1 MAXEXTENTS 2147483645
  PCTINCREASE 0 FREELISTS 1 FREELIST GROUPS 1 BUFFER_POOL DEFAULT FLASH_CACHE DEFAULT CELL_FLASH_CACHE DEFAULT)
  TABLESPACE "SYSTEM" ;
--------------------------------------------------------
--  DDL for Index SYS_C008622
--------------------------------------------------------

  CREATE UNIQUE INDEX "JAVER"."SYS_C008622" ON "JAVER"."NBBANG_ITEMS" ("ITEM_NO") 
  PCTFREE 10 INITRANS 2 MAXTRANS 255 COMPUTE STATISTICS 
  STORAGE(INITIAL 65536 NEXT 1048576 MINEXTENTS 1 MAXEXTENTS 2147483645
  PCTINCREASE 0 FREELISTS 1 FREELIST GROUPS 1 BUFFER_POOL DEFAULT FLASH_CACHE DEFAULT CELL_FLASH_CACHE DEFAULT)
  TABLESPACE "SYSTEM" ;
--------------------------------------------------------
--  DDL for Index SYS_C008626
--------------------------------------------------------

  CREATE UNIQUE INDEX "JAVER"."SYS_C008626" ON "JAVER"."SERIES_CARTS" ("CART_NO") 
  PCTFREE 10 INITRANS 2 MAXTRANS 255 COMPUTE STATISTICS 
  STORAGE(INITIAL 65536 NEXT 1048576 MINEXTENTS 1 MAXEXTENTS 2147483645
  PCTINCREASE 0 FREELISTS 1 FREELIST GROUPS 1 BUFFER_POOL DEFAULT FLASH_CACHE DEFAULT CELL_FLASH_CACHE DEFAULT)
  TABLESPACE "SYSTEM" ;
--------------------------------------------------------
--  DDL for Index SYS_C008628
--------------------------------------------------------

  CREATE UNIQUE INDEX "JAVER"."SYS_C008628" ON "JAVER"."SERIES_CATEGORIES" ("CATEGORY_NO") 
  PCTFREE 10 INITRANS 2 MAXTRANS 255 COMPUTE STATISTICS 
  STORAGE(INITIAL 65536 NEXT 1048576 MINEXTENTS 1 MAXEXTENTS 2147483645
  PCTINCREASE 0 FREELISTS 1 FREELIST GROUPS 1 BUFFER_POOL DEFAULT FLASH_CACHE DEFAULT CELL_FLASH_CACHE DEFAULT)
  TABLESPACE "SYSTEM" ;
--------------------------------------------------------
--  DDL for Index SYS_C008631
--------------------------------------------------------

  CREATE UNIQUE INDEX "JAVER"."SYS_C008631" ON "JAVER"."SERIES_EPISODES" ("EPISODE_NO") 
  PCTFREE 10 INITRANS 2 MAXTRANS 255 COMPUTE STATISTICS 
  STORAGE(INITIAL 65536 NEXT 1048576 MINEXTENTS 1 MAXEXTENTS 2147483645
  PCTINCREASE 0 FREELISTS 1 FREELIST GROUPS 1 BUFFER_POOL DEFAULT FLASH_CACHE DEFAULT CELL_FLASH_CACHE DEFAULT)
  TABLESPACE "SYSTEM" ;
--------------------------------------------------------
--  DDL for Index SYS_C008635
--------------------------------------------------------

  CREATE UNIQUE INDEX "JAVER"."SYS_C008635" ON "JAVER"."SERIES_LIKES" ("LIKE_NO") 
  PCTFREE 10 INITRANS 2 MAXTRANS 255 COMPUTE STATISTICS 
  STORAGE(INITIAL 65536 NEXT 1048576 MINEXTENTS 1 MAXEXTENTS 2147483645
  PCTINCREASE 0 FREELISTS 1 FREELIST GROUPS 1 BUFFER_POOL DEFAULT FLASH_CACHE DEFAULT CELL_FLASH_CACHE DEFAULT)
  TABLESPACE "SYSTEM" ;
--------------------------------------------------------
--  DDL for Index SYS_C008639
--------------------------------------------------------

  CREATE UNIQUE INDEX "JAVER"."SYS_C008639" ON "JAVER"."SERIES_ORDERS" ("ORDER_NO") 
  PCTFREE 10 INITRANS 2 MAXTRANS 255 COMPUTE STATISTICS 
  STORAGE(INITIAL 65536 NEXT 1048576 MINEXTENTS 1 MAXEXTENTS 2147483645
  PCTINCREASE 0 FREELISTS 1 FREELIST GROUPS 1 BUFFER_POOL DEFAULT FLASH_CACHE DEFAULT CELL_FLASH_CACHE DEFAULT)
  TABLESPACE "SYSTEM" ;
--------------------------------------------------------
--  DDL for Index SYS_C008653
--------------------------------------------------------

  CREATE UNIQUE INDEX "JAVER"."SYS_C008653" ON "JAVER"."SERIES_VODS" ("VOD_NO") 
  PCTFREE 10 INITRANS 2 MAXTRANS 255 COMPUTE STATISTICS 
  STORAGE(INITIAL 65536 NEXT 1048576 MINEXTENTS 1 MAXEXTENTS 2147483645
  PCTINCREASE 0 FREELISTS 1 FREELIST GROUPS 1 BUFFER_POOL DEFAULT FLASH_CACHE DEFAULT CELL_FLASH_CACHE DEFAULT)
  TABLESPACE "SYSTEM" ;
--------------------------------------------------------
--  DDL for Index SYS_C008658
--------------------------------------------------------

  CREATE UNIQUE INDEX "JAVER"."SYS_C008658" ON "JAVER"."BAND_TODO_ITEMS" ("TODO_ITEM_NO") 
  PCTFREE 10 INITRANS 2 MAXTRANS 255 COMPUTE STATISTICS 
  STORAGE(INITIAL 65536 NEXT 1048576 MINEXTENTS 1 MAXEXTENTS 2147483645
  PCTINCREASE 0 FREELISTS 1 FREELIST GROUPS 1 BUFFER_POOL DEFAULT FLASH_CACHE DEFAULT CELL_FLASH_CACHE DEFAULT)
  TABLESPACE "SYSTEM" ;
--------------------------------------------------------
--  DDL for Index SYS_C008665
--------------------------------------------------------

  CREATE UNIQUE INDEX "JAVER"."SYS_C008665" ON "JAVER"."TV" ("TV_NO") 
  PCTFREE 10 INITRANS 2 MAXTRANS 255 COMPUTE STATISTICS 
  STORAGE(INITIAL 65536 NEXT 1048576 MINEXTENTS 1 MAXEXTENTS 2147483645
  PCTINCREASE 0 FREELISTS 1 FREELIST GROUPS 1 BUFFER_POOL DEFAULT FLASH_CACHE DEFAULT CELL_FLASH_CACHE DEFAULT)
  TABLESPACE "SYSTEM" ;
--------------------------------------------------------
--  DDL for Index SYS_C008669
--------------------------------------------------------

  CREATE UNIQUE INDEX "JAVER"."SYS_C008669" ON "JAVER"."TV_CHANNEL" ("CHANNEL_NO") 
  PCTFREE 10 INITRANS 2 MAXTRANS 255 COMPUTE STATISTICS 
  STORAGE(INITIAL 65536 NEXT 1048576 MINEXTENTS 1 MAXEXTENTS 2147483645
  PCTINCREASE 0 FREELISTS 1 FREELIST GROUPS 1 BUFFER_POOL DEFAULT FLASH_CACHE DEFAULT CELL_FLASH_CACHE DEFAULT)
  TABLESPACE "SYSTEM" ;
--------------------------------------------------------
--  DDL for Index SYS_C008675
--------------------------------------------------------

  CREATE UNIQUE INDEX "JAVER"."SYS_C008675" ON "JAVER"."TV_COMMENTS" ("COMMENT_NO") 
  PCTFREE 10 INITRANS 2 MAXTRANS 255 COMPUTE STATISTICS 
  STORAGE(INITIAL 65536 NEXT 1048576 MINEXTENTS 1 MAXEXTENTS 2147483645
  PCTINCREASE 0 FREELISTS 1 FREELIST GROUPS 1 BUFFER_POOL DEFAULT FLASH_CACHE DEFAULT CELL_FLASH_CACHE DEFAULT)
  TABLESPACE "SYSTEM" ;
--------------------------------------------------------
--  DDL for Index SYS_C008679
--------------------------------------------------------

  CREATE UNIQUE INDEX "JAVER"."SYS_C008679" ON "JAVER"."TV_COMMENT_LIKES" ("COMMENT_LIKE_NO") 
  PCTFREE 10 INITRANS 2 MAXTRANS 255 COMPUTE STATISTICS 
  STORAGE(INITIAL 65536 NEXT 1048576 MINEXTENTS 1 MAXEXTENTS 2147483645
  PCTINCREASE 0 FREELISTS 1 FREELIST GROUPS 1 BUFFER_POOL DEFAULT FLASH_CACHE DEFAULT CELL_FLASH_CACHE DEFAULT)
  TABLESPACE "SYSTEM" ;
--------------------------------------------------------
--  DDL for Index SYS_C008687
--------------------------------------------------------

  CREATE UNIQUE INDEX "JAVER"."SYS_C008687" ON "JAVER"."TV_HISTORY" ("HISTORY_NO") 
  PCTFREE 10 INITRANS 2 MAXTRANS 255 COMPUTE STATISTICS 
  STORAGE(INITIAL 65536 NEXT 1048576 MINEXTENTS 1 MAXEXTENTS 2147483645
  PCTINCREASE 0 FREELISTS 1 FREELIST GROUPS 1 BUFFER_POOL DEFAULT FLASH_CACHE DEFAULT CELL_FLASH_CACHE DEFAULT)
  TABLESPACE "SYSTEM" ;
--------------------------------------------------------
--  DDL for Index SYS_C008692
--------------------------------------------------------

  CREATE UNIQUE INDEX "JAVER"."SYS_C008692" ON "JAVER"."TV_LATER" ("LATER_NO") 
  PCTFREE 10 INITRANS 2 MAXTRANS 255 COMPUTE STATISTICS 
  STORAGE(INITIAL 65536 NEXT 1048576 MINEXTENTS 1 MAXEXTENTS 2147483645
  PCTINCREASE 0 FREELISTS 1 FREELIST GROUPS 1 BUFFER_POOL DEFAULT FLASH_CACHE DEFAULT CELL_FLASH_CACHE DEFAULT)
  TABLESPACE "SYSTEM" ;
--------------------------------------------------------
--  DDL for Index SYS_C008697
--------------------------------------------------------

  CREATE UNIQUE INDEX "JAVER"."SYS_C008697" ON "JAVER"."TV_LIKES" ("LIKE_NO") 
  PCTFREE 10 INITRANS 2 MAXTRANS 255 COMPUTE STATISTICS 
  STORAGE(INITIAL 65536 NEXT 1048576 MINEXTENTS 1 MAXEXTENTS 2147483645
  PCTINCREASE 0 FREELISTS 1 FREELIST GROUPS 1 BUFFER_POOL DEFAULT FLASH_CACHE DEFAULT CELL_FLASH_CACHE DEFAULT)
  TABLESPACE "SYSTEM" ;
--------------------------------------------------------
--  DDL for Index SYS_C008701
--------------------------------------------------------

  CREATE UNIQUE INDEX "JAVER"."SYS_C008701" ON "JAVER"."TV_PLAYLIST" ("PLAYLIST_NO") 
  PCTFREE 10 INITRANS 2 MAXTRANS 255 COMPUTE STATISTICS 
  STORAGE(INITIAL 65536 NEXT 1048576 MINEXTENTS 1 MAXEXTENTS 2147483645
  PCTINCREASE 0 FREELISTS 1 FREELIST GROUPS 1 BUFFER_POOL DEFAULT FLASH_CACHE DEFAULT CELL_FLASH_CACHE DEFAULT)
  TABLESPACE "SYSTEM" ;
--------------------------------------------------------
--  DDL for Index SYS_C008707
--------------------------------------------------------

  CREATE UNIQUE INDEX "JAVER"."SYS_C008707" ON "JAVER"."USERS" ("USER_ID") 
  PCTFREE 10 INITRANS 2 MAXTRANS 255 COMPUTE STATISTICS 
  STORAGE(INITIAL 65536 NEXT 1048576 MINEXTENTS 1 MAXEXTENTS 2147483645
  PCTINCREASE 0 FREELISTS 1 FREELIST GROUPS 1 BUFFER_POOL DEFAULT FLASH_CACHE DEFAULT CELL_FLASH_CACHE DEFAULT)
  TABLESPACE "SYSTEM" ;
--------------------------------------------------------
--  DDL for Index SYS_C008713
--------------------------------------------------------

  CREATE UNIQUE INDEX "JAVER"."SYS_C008713" ON "JAVER"."VOTE_ITEMS" ("VOTE_ITEM_NO") 
  PCTFREE 10 INITRANS 2 MAXTRANS 255 COMPUTE STATISTICS 
  STORAGE(INITIAL 65536 NEXT 1048576 MINEXTENTS 1 MAXEXTENTS 2147483645
  PCTINCREASE 0 FREELISTS 1 FREELIST GROUPS 1 BUFFER_POOL DEFAULT FLASH_CACHE DEFAULT CELL_FLASH_CACHE DEFAULT)
  TABLESPACE "SYSTEM" ;
--------------------------------------------------------
--  DDL for Index SYS_C008719
--------------------------------------------------------

  CREATE UNIQUE INDEX "JAVER"."SYS_C008719" ON "JAVER"."WRITE_CONTENTS" ("CONTENTS_NO") 
  PCTFREE 10 INITRANS 2 MAXTRANS 255 COMPUTE STATISTICS 
  STORAGE(INITIAL 65536 NEXT 1048576 MINEXTENTS 1 MAXEXTENTS 2147483645
  PCTINCREASE 0 FREELISTS 1 FREELIST GROUPS 1 BUFFER_POOL DEFAULT FLASH_CACHE DEFAULT CELL_FLASH_CACHE DEFAULT)
  TABLESPACE "SYSTEM" ;
--------------------------------------------------------
--  DDL for Index SYS_C008820
--------------------------------------------------------

  CREATE UNIQUE INDEX "JAVER"."SYS_C008820" ON "JAVER"."BAND_JOIN_HISTORY" ("HIS_NO") 
  PCTFREE 10 INITRANS 2 MAXTRANS 255 COMPUTE STATISTICS 
  STORAGE(INITIAL 65536 NEXT 1048576 MINEXTENTS 1 MAXEXTENTS 2147483645
  PCTINCREASE 0 FREELISTS 1 FREELIST GROUPS 1 BUFFER_POOL DEFAULT FLASH_CACHE DEFAULT CELL_FLASH_CACHE DEFAULT)
  TABLESPACE "SYSTEM" ;
--------------------------------------------------------
--  DDL for Index SYS_C008837
--------------------------------------------------------

  CREATE UNIQUE INDEX "JAVER"."SYS_C008837" ON "JAVER"."TV_CHANNEL" ("USER_ID") 
  PCTFREE 10 INITRANS 2 MAXTRANS 255 COMPUTE STATISTICS 
  STORAGE(INITIAL 65536 NEXT 1048576 MINEXTENTS 1 MAXEXTENTS 2147483645
  PCTINCREASE 0 FREELISTS 1 FREELIST GROUPS 1 BUFFER_POOL DEFAULT FLASH_CACHE DEFAULT CELL_FLASH_CACHE DEFAULT)
  TABLESPACE "SYSTEM" ;
--------------------------------------------------------
--  DDL for Index SYS_C008838
--------------------------------------------------------

  CREATE UNIQUE INDEX "JAVER"."SYS_C008838" ON "JAVER"."BAND_CONTENTS_TEXT" ("TEXT_NO") 
  PCTFREE 10 INITRANS 2 MAXTRANS 255 COMPUTE STATISTICS 
  STORAGE(INITIAL 65536 NEXT 1048576 MINEXTENTS 1 MAXEXTENTS 2147483645
  PCTINCREASE 0 FREELISTS 1 FREELIST GROUPS 1 BUFFER_POOL DEFAULT FLASH_CACHE DEFAULT CELL_FLASH_CACHE DEFAULT)
  TABLESPACE "SYSTEM" ;
--------------------------------------------------------
--  DDL for Index SYS_C008847
--------------------------------------------------------

  CREATE UNIQUE INDEX "JAVER"."SYS_C008847" ON "JAVER"."JISIKIN_CATEGORY" ("CATEGORY_NO") 
  PCTFREE 10 INITRANS 2 MAXTRANS 255 COMPUTE STATISTICS 
  STORAGE(INITIAL 65536 NEXT 1048576 MINEXTENTS 1 MAXEXTENTS 2147483645
  PCTINCREASE 0 FREELISTS 1 FREELIST GROUPS 1 BUFFER_POOL DEFAULT FLASH_CACHE DEFAULT CELL_FLASH_CACHE DEFAULT)
  TABLESPACE "SYSTEM" ;
--------------------------------------------------------
--  DDL for Index SYS_C008887
--------------------------------------------------------

  CREATE UNIQUE INDEX "JAVER"."SYS_C008887" ON "JAVER"."BAND_WRITE_PHOTO" ("PHOTO_NO") 
  PCTFREE 10 INITRANS 2 MAXTRANS 255 COMPUTE STATISTICS 
  STORAGE(INITIAL 65536 NEXT 1048576 MINEXTENTS 1 MAXEXTENTS 2147483645
  PCTINCREASE 0 FREELISTS 1 FREELIST GROUPS 1 BUFFER_POOL DEFAULT FLASH_CACHE DEFAULT CELL_FLASH_CACHE DEFAULT)
  TABLESPACE "SYSTEM" ;
--------------------------------------------------------
--  DDL for Index SYS_C009307
--------------------------------------------------------

  CREATE UNIQUE INDEX "JAVER"."SYS_C009307" ON "JAVER"."BAND_JOIN_ITEMS" ("JOIN_ITEM_NO") 
  PCTFREE 10 INITRANS 2 MAXTRANS 255 COMPUTE STATISTICS 
  STORAGE(INITIAL 65536 NEXT 1048576 MINEXTENTS 1 MAXEXTENTS 2147483645
  PCTINCREASE 0 FREELISTS 1 FREELIST GROUPS 1 BUFFER_POOL DEFAULT FLASH_CACHE DEFAULT CELL_FLASH_CACHE DEFAULT)
  TABLESPACE "SYSTEM" ;
--------------------------------------------------------
--  DDL for Index SYS_C009315
--------------------------------------------------------

  CREATE UNIQUE INDEX "JAVER"."SYS_C009315" ON "JAVER"."BAND_NBBANG_ITEMS" ("ITEM_NO") 
  PCTFREE 10 INITRANS 2 MAXTRANS 255 COMPUTE STATISTICS 
  STORAGE(INITIAL 65536 NEXT 1048576 MINEXTENTS 1 MAXEXTENTS 2147483645
  PCTINCREASE 0 FREELISTS 1 FREELIST GROUPS 1 BUFFER_POOL DEFAULT FLASH_CACHE DEFAULT CELL_FLASH_CACHE DEFAULT)
  TABLESPACE "SYSTEM" ;
--------------------------------------------------------
--  DDL for Index SYS_C009393
--------------------------------------------------------

  CREATE UNIQUE INDEX "JAVER"."SYS_C009393" ON "JAVER"."BAND_VOTE_ITEMS" ("VOTE_ITEM_NO") 
  PCTFREE 10 INITRANS 2 MAXTRANS 255 COMPUTE STATISTICS 
  STORAGE(INITIAL 65536 NEXT 1048576 MINEXTENTS 1 MAXEXTENTS 2147483645
  PCTINCREASE 0 FREELISTS 1 FREELIST GROUPS 1 BUFFER_POOL DEFAULT FLASH_CACHE DEFAULT CELL_FLASH_CACHE DEFAULT)
  TABLESPACE "SYSTEM" ;
--------------------------------------------------------
--  DDL for Index SYS_C009399
--------------------------------------------------------

  CREATE UNIQUE INDEX "JAVER"."SYS_C009399" ON "JAVER"."BAND_WRITE_CONTENTS" ("CONTENTS_NO") 
  PCTFREE 10 INITRANS 2 MAXTRANS 255 COMPUTE STATISTICS 
  STORAGE(INITIAL 65536 NEXT 1048576 MINEXTENTS 1 MAXEXTENTS 2147483645
  PCTINCREASE 0 FREELISTS 1 FREELIST GROUPS 1 BUFFER_POOL DEFAULT FLASH_CACHE DEFAULT CELL_FLASH_CACHE DEFAULT)
  TABLESPACE "SYSTEM" ;
--------------------------------------------------------
--  DDL for Index TV_LATER_UK
--------------------------------------------------------

  CREATE UNIQUE INDEX "JAVER"."TV_LATER_UK" ON "JAVER"."TV_LATER" ("TV_NO", "USER_ID") 
  PCTFREE 10 INITRANS 2 MAXTRANS 255 COMPUTE STATISTICS 
  STORAGE(INITIAL 65536 NEXT 1048576 MINEXTENTS 1 MAXEXTENTS 2147483645
  PCTINCREASE 0 FREELISTS 1 FREELIST GROUPS 1 BUFFER_POOL DEFAULT FLASH_CACHE DEFAULT CELL_FLASH_CACHE DEFAULT)
  TABLESPACE "SYSTEM" ;
--------------------------------------------------------
--  DDL for Index TV_LIKES_UK
--------------------------------------------------------

  CREATE UNIQUE INDEX "JAVER"."TV_LIKES_UK" ON "JAVER"."TV_LIKES" ("TV_NO", "USER_ID") 
  PCTFREE 10 INITRANS 2 MAXTRANS 255 COMPUTE STATISTICS 
  STORAGE(INITIAL 65536 NEXT 1048576 MINEXTENTS 1 MAXEXTENTS 2147483645
  PCTINCREASE 0 FREELISTS 1 FREELIST GROUPS 1 BUFFER_POOL DEFAULT FLASH_CACHE DEFAULT CELL_FLASH_CACHE DEFAULT)
  TABLESPACE "SYSTEM" ;
--------------------------------------------------------
--  Constraints for Table ACCOUNTBOOK_CATEGORY
--------------------------------------------------------

  ALTER TABLE "JAVER"."ACCOUNTBOOK_CATEGORY" MODIFY ("CATEGORY_NO" NOT NULL ENABLE);
  ALTER TABLE "JAVER"."ACCOUNTBOOK_CATEGORY" ADD PRIMARY KEY ("CATEGORY_NO")
  USING INDEX PCTFREE 10 INITRANS 2 MAXTRANS 255 COMPUTE STATISTICS 
  STORAGE(INITIAL 65536 NEXT 1048576 MINEXTENTS 1 MAXEXTENTS 2147483645
  PCTINCREASE 0 FREELISTS 1 FREELIST GROUPS 1 BUFFER_POOL DEFAULT FLASH_CACHE DEFAULT CELL_FLASH_CACHE DEFAULT)
  TABLESPACE "SYSTEM"  ENABLE;
--------------------------------------------------------
--  Constraints for Table ACCOUNTBOOK_COMMENTS
--------------------------------------------------------

  ALTER TABLE "JAVER"."ACCOUNTBOOK_COMMENTS" MODIFY ("COMMENTS_CONTENTS" NOT NULL ENABLE);
  ALTER TABLE "JAVER"."ACCOUNTBOOK_COMMENTS" MODIFY ("COMMENTS_NO" NOT NULL ENABLE);
  ALTER TABLE "JAVER"."ACCOUNTBOOK_COMMENTS" MODIFY ("USER_ID" NOT NULL ENABLE);
  ALTER TABLE "JAVER"."ACCOUNTBOOK_COMMENTS" MODIFY ("WRITING_NO" NOT NULL ENABLE);
  ALTER TABLE "JAVER"."ACCOUNTBOOK_COMMENTS" ADD PRIMARY KEY ("COMMENTS_NO")
  USING INDEX PCTFREE 10 INITRANS 2 MAXTRANS 255 COMPUTE STATISTICS 
  STORAGE(INITIAL 65536 NEXT 1048576 MINEXTENTS 1 MAXEXTENTS 2147483645
  PCTINCREASE 0 FREELISTS 1 FREELIST GROUPS 1 BUFFER_POOL DEFAULT FLASH_CACHE DEFAULT CELL_FLASH_CACHE DEFAULT)
  TABLESPACE "SYSTEM"  ENABLE;
--------------------------------------------------------
--  Constraints for Table ACCOUNTBOOK_GOAL
--------------------------------------------------------

  ALTER TABLE "JAVER"."ACCOUNTBOOK_GOAL" MODIFY ("GOAL_NO" NOT NULL ENABLE);
  ALTER TABLE "JAVER"."ACCOUNTBOOK_GOAL" MODIFY ("GOAL_PURPOSE" NOT NULL ENABLE);
  ALTER TABLE "JAVER"."ACCOUNTBOOK_GOAL" MODIFY ("GOAL_AMOUNT" NOT NULL ENABLE);
  ALTER TABLE "JAVER"."ACCOUNTBOOK_GOAL" MODIFY ("GOAL_START_PERIOD" NOT NULL ENABLE);
  ALTER TABLE "JAVER"."ACCOUNTBOOK_GOAL" MODIFY ("GOAL_END_PERIOD" NOT NULL ENABLE);
  ALTER TABLE "JAVER"."ACCOUNTBOOK_GOAL" MODIFY ("GOAL_PROMISE" NOT NULL ENABLE);
  ALTER TABLE "JAVER"."ACCOUNTBOOK_GOAL" MODIFY ("USER_ID" NOT NULL ENABLE);
  ALTER TABLE "JAVER"."ACCOUNTBOOK_GOAL" ADD PRIMARY KEY ("GOAL_NO")
  USING INDEX PCTFREE 10 INITRANS 2 MAXTRANS 255 COMPUTE STATISTICS 
  STORAGE(INITIAL 65536 NEXT 1048576 MINEXTENTS 1 MAXEXTENTS 2147483645
  PCTINCREASE 0 FREELISTS 1 FREELIST GROUPS 1 BUFFER_POOL DEFAULT FLASH_CACHE DEFAULT CELL_FLASH_CACHE DEFAULT)
  TABLESPACE "SYSTEM"  ENABLE;
--------------------------------------------------------
--  Constraints for Table ACCOUNTBOOK_TAG
--------------------------------------------------------

  ALTER TABLE "JAVER"."ACCOUNTBOOK_TAG" MODIFY ("TAG_NO" NOT NULL ENABLE);
  ALTER TABLE "JAVER"."ACCOUNTBOOK_TAG" MODIFY ("TAG_NAME" NOT NULL ENABLE);
  ALTER TABLE "JAVER"."ACCOUNTBOOK_TAG" ADD PRIMARY KEY ("TAG_NO")
  USING INDEX PCTFREE 10 INITRANS 2 MAXTRANS 255 COMPUTE STATISTICS 
  STORAGE(INITIAL 65536 NEXT 1048576 MINEXTENTS 1 MAXEXTENTS 2147483645
  PCTINCREASE 0 FREELISTS 1 FREELIST GROUPS 1 BUFFER_POOL DEFAULT FLASH_CACHE DEFAULT CELL_FLASH_CACHE DEFAULT)
  TABLESPACE "SYSTEM"  ENABLE;
--------------------------------------------------------
--  Constraints for Table ACCOUNTBOOK_TERM
--------------------------------------------------------

  ALTER TABLE "JAVER"."ACCOUNTBOOK_TERM" MODIFY ("TERM_NO" NOT NULL ENABLE);
  ALTER TABLE "JAVER"."ACCOUNTBOOK_TERM" MODIFY ("TERM_DATE" NOT NULL ENABLE);
  ALTER TABLE "JAVER"."ACCOUNTBOOK_TERM" MODIFY ("TERM_REMAIN_AMOUNT" NOT NULL ENABLE);
  ALTER TABLE "JAVER"."ACCOUNTBOOK_TERM" MODIFY ("CATEGORY_NO" NOT NULL ENABLE);
  ALTER TABLE "JAVER"."ACCOUNTBOOK_TERM" MODIFY ("USER_ID" NOT NULL ENABLE);
  ALTER TABLE "JAVER"."ACCOUNTBOOK_TERM" ADD PRIMARY KEY ("TERM_NO")
  USING INDEX PCTFREE 10 INITRANS 2 MAXTRANS 255 COMPUTE STATISTICS 
  STORAGE(INITIAL 65536 NEXT 1048576 MINEXTENTS 1 MAXEXTENTS 2147483645
  PCTINCREASE 0 FREELISTS 1 FREELIST GROUPS 1 BUFFER_POOL DEFAULT FLASH_CACHE DEFAULT CELL_FLASH_CACHE DEFAULT)
  TABLESPACE "SYSTEM"  ENABLE;
--------------------------------------------------------
--  Constraints for Table ACCOUNTBOOK_WRITING
--------------------------------------------------------

  ALTER TABLE "JAVER"."ACCOUNTBOOK_WRITING" MODIFY ("WRITING_NO" NOT NULL ENABLE);
  ALTER TABLE "JAVER"."ACCOUNTBOOK_WRITING" MODIFY ("WRITING_TITLE" NOT NULL ENABLE);
  ALTER TABLE "JAVER"."ACCOUNTBOOK_WRITING" MODIFY ("WRITING_WRITER" NOT NULL ENABLE);
  ALTER TABLE "JAVER"."ACCOUNTBOOK_WRITING" MODIFY ("WRITING_CONTENTS" NOT NULL ENABLE);
  ALTER TABLE "JAVER"."ACCOUNTBOOK_WRITING" MODIFY ("WRITING_PUBLIC" NOT NULL ENABLE);
  ALTER TABLE "JAVER"."ACCOUNTBOOK_WRITING" MODIFY ("USER_ID" NOT NULL ENABLE);
  ALTER TABLE "JAVER"."ACCOUNTBOOK_WRITING" ADD PRIMARY KEY ("WRITING_NO")
  USING INDEX PCTFREE 10 INITRANS 2 MAXTRANS 255 COMPUTE STATISTICS 
  STORAGE(INITIAL 65536 NEXT 1048576 MINEXTENTS 1 MAXEXTENTS 2147483645
  PCTINCREASE 0 FREELISTS 1 FREELIST GROUPS 1 BUFFER_POOL DEFAULT FLASH_CACHE DEFAULT CELL_FLASH_CACHE DEFAULT)
  TABLESPACE "SYSTEM"  ENABLE;
--------------------------------------------------------
--  Constraints for Table ACOUNTBOOK_BUDGET
--------------------------------------------------------

  ALTER TABLE "JAVER"."ACOUNTBOOK_BUDGET" MODIFY ("BUDGET_AMOUNT" NOT NULL ENABLE);
  ALTER TABLE "JAVER"."ACOUNTBOOK_BUDGET" MODIFY ("BUDGET_START_DATE" NOT NULL ENABLE);
  ALTER TABLE "JAVER"."ACOUNTBOOK_BUDGET" MODIFY ("BUDGET_END_DATE" NOT NULL ENABLE);
  ALTER TABLE "JAVER"."ACOUNTBOOK_BUDGET" MODIFY ("BUDGET_NO" NOT NULL ENABLE);
  ALTER TABLE "JAVER"."ACOUNTBOOK_BUDGET" MODIFY ("CATEGORY_NO" NOT NULL ENABLE);
  ALTER TABLE "JAVER"."ACOUNTBOOK_BUDGET" MODIFY ("USER_ID" NOT NULL ENABLE);
  ALTER TABLE "JAVER"."ACOUNTBOOK_BUDGET" ADD PRIMARY KEY ("BUDGET_NO")
  USING INDEX PCTFREE 10 INITRANS 2 MAXTRANS 255 COMPUTE STATISTICS 
  STORAGE(INITIAL 65536 NEXT 1048576 MINEXTENTS 1 MAXEXTENTS 2147483645
  PCTINCREASE 0 FREELISTS 1 FREELIST GROUPS 1 BUFFER_POOL DEFAULT FLASH_CACHE DEFAULT CELL_FLASH_CACHE DEFAULT)
  TABLESPACE "SYSTEM"  ENABLE;
--------------------------------------------------------
--  Constraints for Table BAND
--------------------------------------------------------

  ALTER TABLE "JAVER"."BAND" MODIFY ("BAND_NO" NOT NULL ENABLE);
  ALTER TABLE "JAVER"."BAND" MODIFY ("BAND_NAME" NOT NULL ENABLE);
  ALTER TABLE "JAVER"."BAND" MODIFY ("BAND_PHOTO" NOT NULL ENABLE);
  ALTER TABLE "JAVER"."BAND" MODIFY ("BAND_TYPEOPTION" NOT NULL ENABLE);
  ALTER TABLE "JAVER"."BAND" MODIFY ("BAND_CREATE_DATE" NOT NULL ENABLE);
  ALTER TABLE "JAVER"."BAND" MODIFY ("MASTER_ID" NOT NULL ENABLE);
  ALTER TABLE "JAVER"."BAND" ADD PRIMARY KEY ("BAND_NO")
  USING INDEX PCTFREE 10 INITRANS 2 MAXTRANS 255 COMPUTE STATISTICS 
  STORAGE(INITIAL 65536 NEXT 1048576 MINEXTENTS 1 MAXEXTENTS 2147483645
  PCTINCREASE 0 FREELISTS 1 FREELIST GROUPS 1 BUFFER_POOL DEFAULT FLASH_CACHE DEFAULT CELL_FLASH_CACHE DEFAULT)
  TABLESPACE "SYSTEM"  ENABLE;
--------------------------------------------------------
--  Constraints for Table BAND_CALENDAR
--------------------------------------------------------

  ALTER TABLE "JAVER"."BAND_CALENDAR" MODIFY ("CAL_NO" NOT NULL ENABLE);
  ALTER TABLE "JAVER"."BAND_CALENDAR" MODIFY ("CAL_TITLE" NOT NULL ENABLE);
  ALTER TABLE "JAVER"."BAND_CALENDAR" MODIFY ("CAL_CONTENTS" NOT NULL ENABLE);
  ALTER TABLE "JAVER"."BAND_CALENDAR" MODIFY ("START_DATE" NOT NULL ENABLE);
  ALTER TABLE "JAVER"."BAND_CALENDAR" MODIFY ("CONTENTS_NO" NOT NULL ENABLE);
  ALTER TABLE "JAVER"."BAND_CALENDAR" ADD PRIMARY KEY ("CAL_NO")
  USING INDEX PCTFREE 10 INITRANS 2 MAXTRANS 255 COMPUTE STATISTICS 
  STORAGE(INITIAL 65536 NEXT 1048576 MINEXTENTS 1 MAXEXTENTS 2147483645
  PCTINCREASE 0 FREELISTS 1 FREELIST GROUPS 1 BUFFER_POOL DEFAULT FLASH_CACHE DEFAULT CELL_FLASH_CACHE DEFAULT)
  TABLESPACE "SYSTEM"  ENABLE;
--------------------------------------------------------
--  Constraints for Table BAND_CHULCHECK
--------------------------------------------------------

  ALTER TABLE "JAVER"."BAND_CHULCHECK" MODIFY ("CHUL_NO" NOT NULL ENABLE);
  ALTER TABLE "JAVER"."BAND_CHULCHECK" MODIFY ("CHUL_TITLE" NOT NULL ENABLE);
  ALTER TABLE "JAVER"."BAND_CHULCHECK" MODIFY ("CONTENTS_NO" NOT NULL ENABLE);
  ALTER TABLE "JAVER"."BAND_CHULCHECK" ADD PRIMARY KEY ("CHUL_NO")
  USING INDEX PCTFREE 10 INITRANS 2 MAXTRANS 255 COMPUTE STATISTICS 
  STORAGE(INITIAL 65536 NEXT 1048576 MINEXTENTS 1 MAXEXTENTS 2147483645
  PCTINCREASE 0 FREELISTS 1 FREELIST GROUPS 1 BUFFER_POOL DEFAULT FLASH_CACHE DEFAULT CELL_FLASH_CACHE DEFAULT)
  TABLESPACE "SYSTEM"  ENABLE;
--------------------------------------------------------
--  Constraints for Table BAND_CONTENTS_TEXT
--------------------------------------------------------

  ALTER TABLE "JAVER"."BAND_CONTENTS_TEXT" ADD PRIMARY KEY ("TEXT_NO")
  USING INDEX PCTFREE 10 INITRANS 2 MAXTRANS 255 COMPUTE STATISTICS 
  STORAGE(INITIAL 65536 NEXT 1048576 MINEXTENTS 1 MAXEXTENTS 2147483645
  PCTINCREASE 0 FREELISTS 1 FREELIST GROUPS 1 BUFFER_POOL DEFAULT FLASH_CACHE DEFAULT CELL_FLASH_CACHE DEFAULT)
  TABLESPACE "SYSTEM"  ENABLE;
  ALTER TABLE "JAVER"."BAND_CONTENTS_TEXT" MODIFY ("TEXT_CONTENTS" NOT NULL ENABLE);
--------------------------------------------------------
--  Constraints for Table BAND_INTO_IMG
--------------------------------------------------------

  ALTER TABLE "JAVER"."BAND_INTO_IMG" MODIFY ("IMGNAME" NOT NULL ENABLE);
  ALTER TABLE "JAVER"."BAND_INTO_IMG" ADD PRIMARY KEY ("IMGNO")
  USING INDEX PCTFREE 10 INITRANS 2 MAXTRANS 255 COMPUTE STATISTICS 
  STORAGE(INITIAL 65536 NEXT 1048576 MINEXTENTS 1 MAXEXTENTS 2147483645
  PCTINCREASE 0 FREELISTS 1 FREELIST GROUPS 1 BUFFER_POOL DEFAULT FLASH_CACHE DEFAULT CELL_FLASH_CACHE DEFAULT)
  TABLESPACE "SYSTEM"  ENABLE;
--------------------------------------------------------
--  Constraints for Table BAND_JOIN
--------------------------------------------------------

  ALTER TABLE "JAVER"."BAND_JOIN" MODIFY ("JOIN_NO" NOT NULL ENABLE);
  ALTER TABLE "JAVER"."BAND_JOIN" MODIFY ("JOIN_TITLE" NOT NULL ENABLE);
  ALTER TABLE "JAVER"."BAND_JOIN" MODIFY ("END_DATE_YN" NOT NULL ENABLE);
  ALTER TABLE "JAVER"."BAND_JOIN" ADD PRIMARY KEY ("JOIN_NO")
  USING INDEX PCTFREE 10 INITRANS 2 MAXTRANS 255 COMPUTE STATISTICS 
  STORAGE(INITIAL 65536 NEXT 1048576 MINEXTENTS 1 MAXEXTENTS 2147483645
  PCTINCREASE 0 FREELISTS 1 FREELIST GROUPS 1 BUFFER_POOL DEFAULT FLASH_CACHE DEFAULT CELL_FLASH_CACHE DEFAULT)
  TABLESPACE "SYSTEM"  ENABLE;
--------------------------------------------------------
--  Constraints for Table BAND_JOIN_HISTORY
--------------------------------------------------------

  ALTER TABLE "JAVER"."BAND_JOIN_HISTORY" ADD PRIMARY KEY ("HIS_NO")
  USING INDEX PCTFREE 10 INITRANS 2 MAXTRANS 255 COMPUTE STATISTICS 
  STORAGE(INITIAL 65536 NEXT 1048576 MINEXTENTS 1 MAXEXTENTS 2147483645
  PCTINCREASE 0 FREELISTS 1 FREELIST GROUPS 1 BUFFER_POOL DEFAULT FLASH_CACHE DEFAULT CELL_FLASH_CACHE DEFAULT)
  TABLESPACE "SYSTEM"  ENABLE;
--------------------------------------------------------
--  Constraints for Table BAND_JOIN_ITEMS
--------------------------------------------------------

  ALTER TABLE "JAVER"."BAND_JOIN_ITEMS" ADD PRIMARY KEY ("JOIN_ITEM_NO")
  USING INDEX PCTFREE 10 INITRANS 2 MAXTRANS 255 COMPUTE STATISTICS 
  STORAGE(INITIAL 65536 NEXT 1048576 MINEXTENTS 1 MAXEXTENTS 2147483645
  PCTINCREASE 0 FREELISTS 1 FREELIST GROUPS 1 BUFFER_POOL DEFAULT FLASH_CACHE DEFAULT CELL_FLASH_CACHE DEFAULT)
  TABLESPACE "SYSTEM"  ENABLE;
  ALTER TABLE "JAVER"."BAND_JOIN_ITEMS" MODIFY ("JOIN_NO" NOT NULL ENABLE);
  ALTER TABLE "JAVER"."BAND_JOIN_ITEMS" MODIFY ("JOIN_ITEM_NO" NOT NULL ENABLE);
--------------------------------------------------------
--  Constraints for Table BAND_NBBANG
--------------------------------------------------------

  ALTER TABLE "JAVER"."BAND_NBBANG" MODIFY ("NBB_NO" NOT NULL ENABLE);
  ALTER TABLE "JAVER"."BAND_NBBANG" MODIFY ("PRICE" NOT NULL ENABLE);
  ALTER TABLE "JAVER"."BAND_NBBANG" ADD PRIMARY KEY ("NBB_NO")
  USING INDEX PCTFREE 10 INITRANS 2 MAXTRANS 255 COMPUTE STATISTICS 
  STORAGE(INITIAL 65536 NEXT 1048576 MINEXTENTS 1 MAXEXTENTS 2147483645
  PCTINCREASE 0 FREELISTS 1 FREELIST GROUPS 1 BUFFER_POOL DEFAULT FLASH_CACHE DEFAULT CELL_FLASH_CACHE DEFAULT)
  TABLESPACE "SYSTEM"  ENABLE;
--------------------------------------------------------
--  Constraints for Table BAND_NBBANG_ITEMS
--------------------------------------------------------

  ALTER TABLE "JAVER"."BAND_NBBANG_ITEMS" ADD PRIMARY KEY ("ITEM_NO")
  USING INDEX PCTFREE 10 INITRANS 2 MAXTRANS 255 COMPUTE STATISTICS 
  STORAGE(INITIAL 65536 NEXT 1048576 MINEXTENTS 1 MAXEXTENTS 2147483645
  PCTINCREASE 0 FREELISTS 1 FREELIST GROUPS 1 BUFFER_POOL DEFAULT FLASH_CACHE DEFAULT CELL_FLASH_CACHE DEFAULT)
  TABLESPACE "SYSTEM"  ENABLE;
  ALTER TABLE "JAVER"."BAND_NBBANG_ITEMS" MODIFY ("NBB_NO" NOT NULL ENABLE);
  ALTER TABLE "JAVER"."BAND_NBBANG_ITEMS" MODIFY ("ITEM_PERSON" NOT NULL ENABLE);
  ALTER TABLE "JAVER"."BAND_NBBANG_ITEMS" MODIFY ("ITEM_NO" NOT NULL ENABLE);
--------------------------------------------------------
--  Constraints for Table BAND_TABLE_FILE
--------------------------------------------------------

  ALTER TABLE "JAVER"."BAND_TABLE_FILE" MODIFY ("FILE_TYPE" NOT NULL ENABLE);
  ALTER TABLE "JAVER"."BAND_TABLE_FILE" MODIFY ("FILE_NAME" NOT NULL ENABLE);
  ALTER TABLE "JAVER"."BAND_TABLE_FILE" MODIFY ("CONTENTS_NO" NOT NULL ENABLE);
  ALTER TABLE "JAVER"."BAND_TABLE_FILE" ADD PRIMARY KEY ("FILE_NO")
  USING INDEX PCTFREE 10 INITRANS 2 MAXTRANS 255 COMPUTE STATISTICS 
  STORAGE(INITIAL 65536 NEXT 1048576 MINEXTENTS 1 MAXEXTENTS 2147483645
  PCTINCREASE 0 FREELISTS 1 FREELIST GROUPS 1 BUFFER_POOL DEFAULT FLASH_CACHE DEFAULT CELL_FLASH_CACHE DEFAULT)
  TABLESPACE "SYSTEM"  ENABLE;
  ALTER TABLE "JAVER"."BAND_TABLE_FILE" MODIFY ("FILE_NO" NOT NULL ENABLE);
--------------------------------------------------------
--  Constraints for Table BAND_TODO
--------------------------------------------------------

  ALTER TABLE "JAVER"."BAND_TODO" MODIFY ("TODO_NO" NOT NULL ENABLE);
  ALTER TABLE "JAVER"."BAND_TODO" MODIFY ("TODO_TITLE" NOT NULL ENABLE);
  ALTER TABLE "JAVER"."BAND_TODO" MODIFY ("TODO_END_DATE_YN" NOT NULL ENABLE);
  ALTER TABLE "JAVER"."BAND_TODO" MODIFY ("TODO_CREATE_DATE" NOT NULL ENABLE);
  ALTER TABLE "JAVER"."BAND_TODO" ADD PRIMARY KEY ("TODO_NO")
  USING INDEX PCTFREE 10 INITRANS 2 MAXTRANS 255 COMPUTE STATISTICS 
  STORAGE(INITIAL 65536 NEXT 1048576 MINEXTENTS 1 MAXEXTENTS 2147483645
  PCTINCREASE 0 FREELISTS 1 FREELIST GROUPS 1 BUFFER_POOL DEFAULT FLASH_CACHE DEFAULT CELL_FLASH_CACHE DEFAULT)
  TABLESPACE "SYSTEM"  ENABLE;
--------------------------------------------------------
--  Constraints for Table BAND_TODO_ITEMS
--------------------------------------------------------

  ALTER TABLE "JAVER"."BAND_TODO_ITEMS" MODIFY ("TODO_ITEM_NO" NOT NULL ENABLE);
  ALTER TABLE "JAVER"."BAND_TODO_ITEMS" MODIFY ("TODO_NO" NOT NULL ENABLE);
  ALTER TABLE "JAVER"."BAND_TODO_ITEMS" MODIFY ("TODO_CONTENTS" NOT NULL ENABLE);
  ALTER TABLE "JAVER"."BAND_TODO_ITEMS" MODIFY ("COMPLET_YN" NOT NULL ENABLE);
  ALTER TABLE "JAVER"."BAND_TODO_ITEMS" ADD PRIMARY KEY ("TODO_ITEM_NO")
  USING INDEX PCTFREE 10 INITRANS 2 MAXTRANS 255 COMPUTE STATISTICS 
  STORAGE(INITIAL 65536 NEXT 1048576 MINEXTENTS 1 MAXEXTENTS 2147483645
  PCTINCREASE 0 FREELISTS 1 FREELIST GROUPS 1 BUFFER_POOL DEFAULT FLASH_CACHE DEFAULT CELL_FLASH_CACHE DEFAULT)
  TABLESPACE "SYSTEM"  ENABLE;
--------------------------------------------------------
--  Constraints for Table BAND_VOTE
--------------------------------------------------------

  ALTER TABLE "JAVER"."BAND_VOTE" MODIFY ("VOTE_NO" NOT NULL ENABLE);
  ALTER TABLE "JAVER"."BAND_VOTE" MODIFY ("VOTE_TITLE" NOT NULL ENABLE);
  ALTER TABLE "JAVER"."BAND_VOTE" MODIFY ("VOTE_EVERYONE_ADD" NOT NULL ENABLE);
  ALTER TABLE "JAVER"."BAND_VOTE" MODIFY ("VOTE_END_DATE_YN" NOT NULL ENABLE);
  ALTER TABLE "JAVER"."BAND_VOTE" MODIFY ("VATE_MULTIPLE_YN" NOT NULL ENABLE);
  ALTER TABLE "JAVER"."BAND_VOTE" MODIFY ("VOTE_CURRENT_VIEW" NOT NULL ENABLE);
  ALTER TABLE "JAVER"."BAND_VOTE" MODIFY ("VOTE_SOLT" NOT NULL ENABLE);
  ALTER TABLE "JAVER"."BAND_VOTE" ADD PRIMARY KEY ("VOTE_NO")
  USING INDEX PCTFREE 10 INITRANS 2 MAXTRANS 255 COMPUTE STATISTICS 
  STORAGE(INITIAL 65536 NEXT 1048576 MINEXTENTS 1 MAXEXTENTS 2147483645
  PCTINCREASE 0 FREELISTS 1 FREELIST GROUPS 1 BUFFER_POOL DEFAULT FLASH_CACHE DEFAULT CELL_FLASH_CACHE DEFAULT)
  TABLESPACE "SYSTEM"  ENABLE;
--------------------------------------------------------
--  Constraints for Table BAND_VOTE_ITEMS
--------------------------------------------------------

  ALTER TABLE "JAVER"."BAND_VOTE_ITEMS" ADD PRIMARY KEY ("VOTE_ITEM_NO")
  USING INDEX PCTFREE 10 INITRANS 2 MAXTRANS 255 COMPUTE STATISTICS 
  STORAGE(INITIAL 65536 NEXT 1048576 MINEXTENTS 1 MAXEXTENTS 2147483645
  PCTINCREASE 0 FREELISTS 1 FREELIST GROUPS 1 BUFFER_POOL DEFAULT FLASH_CACHE DEFAULT CELL_FLASH_CACHE DEFAULT)
  TABLESPACE "SYSTEM"  ENABLE;
  ALTER TABLE "JAVER"."BAND_VOTE_ITEMS" MODIFY ("VOTE_CONTENTS" NOT NULL ENABLE);
  ALTER TABLE "JAVER"."BAND_VOTE_ITEMS" MODIFY ("VOTE_NO" NOT NULL ENABLE);
  ALTER TABLE "JAVER"."BAND_VOTE_ITEMS" MODIFY ("VOTE_ITEM_NO" NOT NULL ENABLE);
--------------------------------------------------------
--  Constraints for Table BAND_WRITE
--------------------------------------------------------

  ALTER TABLE "JAVER"."BAND_WRITE" MODIFY ("WRITE_NO" NOT NULL ENABLE);
  ALTER TABLE "JAVER"."BAND_WRITE" MODIFY ("BAND_NO" NOT NULL ENABLE);
  ALTER TABLE "JAVER"."BAND_WRITE" MODIFY ("WRITE_CREATE_DATE" NOT NULL ENABLE);
  ALTER TABLE "JAVER"."BAND_WRITE" MODIFY ("WRITE_NOTICE_YN" NOT NULL ENABLE);
  ALTER TABLE "JAVER"."BAND_WRITE" MODIFY ("WRITE_DISPLAY_YN" NOT NULL ENABLE);
  ALTER TABLE "JAVER"."BAND_WRITE" MODIFY ("USER_ID" NOT NULL ENABLE);
  ALTER TABLE "JAVER"."BAND_WRITE" ADD PRIMARY KEY ("WRITE_NO")
  USING INDEX PCTFREE 10 INITRANS 2 MAXTRANS 255 COMPUTE STATISTICS 
  STORAGE(INITIAL 65536 NEXT 1048576 MINEXTENTS 1 MAXEXTENTS 2147483645
  PCTINCREASE 0 FREELISTS 1 FREELIST GROUPS 1 BUFFER_POOL DEFAULT FLASH_CACHE DEFAULT CELL_FLASH_CACHE DEFAULT)
  TABLESPACE "SYSTEM"  ENABLE;
--------------------------------------------------------
--  Constraints for Table BAND_WRITE_CONTENTS
--------------------------------------------------------

  ALTER TABLE "JAVER"."BAND_WRITE_CONTENTS" ADD PRIMARY KEY ("CONTENTS_NO")
  USING INDEX PCTFREE 10 INITRANS 2 MAXTRANS 255 COMPUTE STATISTICS 
  STORAGE(INITIAL 65536 NEXT 1048576 MINEXTENTS 1 MAXEXTENTS 2147483645
  PCTINCREASE 0 FREELISTS 1 FREELIST GROUPS 1 BUFFER_POOL DEFAULT FLASH_CACHE DEFAULT CELL_FLASH_CACHE DEFAULT)
  TABLESPACE "SYSTEM"  ENABLE;
  ALTER TABLE "JAVER"."BAND_WRITE_CONTENTS" MODIFY ("CONTENTS_TYPE" NOT NULL ENABLE);
  ALTER TABLE "JAVER"."BAND_WRITE_CONTENTS" MODIFY ("ROW_NUM" NOT NULL ENABLE);
  ALTER TABLE "JAVER"."BAND_WRITE_CONTENTS" MODIFY ("WRITE_NO" NOT NULL ENABLE);
  ALTER TABLE "JAVER"."BAND_WRITE_CONTENTS" MODIFY ("CONTENTS_NO" NOT NULL ENABLE);
--------------------------------------------------------
--  Constraints for Table BAND_WRITE_PHOTO
--------------------------------------------------------

  ALTER TABLE "JAVER"."BAND_WRITE_PHOTO" ADD PRIMARY KEY ("PHOTO_NO")
  USING INDEX PCTFREE 10 INITRANS 2 MAXTRANS 255 COMPUTE STATISTICS 
  STORAGE(INITIAL 65536 NEXT 1048576 MINEXTENTS 1 MAXEXTENTS 2147483645
  PCTINCREASE 0 FREELISTS 1 FREELIST GROUPS 1 BUFFER_POOL DEFAULT FLASH_CACHE DEFAULT CELL_FLASH_CACHE DEFAULT)
  TABLESPACE "SYSTEM"  ENABLE;
--------------------------------------------------------
--  Constraints for Table BLOG
--------------------------------------------------------

  ALTER TABLE "JAVER"."BLOG" MODIFY ("BLOG_NO" NOT NULL ENABLE);
  ALTER TABLE "JAVER"."BLOG" MODIFY ("BLOG_TITLE" NOT NULL ENABLE);
  ALTER TABLE "JAVER"."BLOG" MODIFY ("USER_ID" NOT NULL ENABLE);
  ALTER TABLE "JAVER"."BLOG" ADD PRIMARY KEY ("BLOG_NO")
  USING INDEX PCTFREE 10 INITRANS 2 MAXTRANS 255 COMPUTE STATISTICS 
  STORAGE(INITIAL 65536 NEXT 1048576 MINEXTENTS 1 MAXEXTENTS 2147483645
  PCTINCREASE 0 FREELISTS 1 FREELIST GROUPS 1 BUFFER_POOL DEFAULT FLASH_CACHE DEFAULT CELL_FLASH_CACHE DEFAULT)
  TABLESPACE "SYSTEM"  ENABLE;
--------------------------------------------------------
--  Constraints for Table BLOG_BOARDS
--------------------------------------------------------

  ALTER TABLE "JAVER"."BLOG_BOARDS" MODIFY ("BOARD_NO" NOT NULL ENABLE);
  ALTER TABLE "JAVER"."BLOG_BOARDS" MODIFY ("CATEGORY_NO" NOT NULL ENABLE);
  ALTER TABLE "JAVER"."BLOG_BOARDS" ADD PRIMARY KEY ("BOARD_NO")
  USING INDEX PCTFREE 10 INITRANS 2 MAXTRANS 255 COMPUTE STATISTICS 
  STORAGE(INITIAL 65536 NEXT 1048576 MINEXTENTS 1 MAXEXTENTS 2147483645
  PCTINCREASE 0 FREELISTS 1 FREELIST GROUPS 1 BUFFER_POOL DEFAULT FLASH_CACHE DEFAULT CELL_FLASH_CACHE DEFAULT)
  TABLESPACE "SYSTEM"  ENABLE;
--------------------------------------------------------
--  Constraints for Table BLOG_BOARDS_COMMENTS
--------------------------------------------------------

  ALTER TABLE "JAVER"."BLOG_BOARDS_COMMENTS" MODIFY ("USER_ID" NOT NULL ENABLE);
  ALTER TABLE "JAVER"."BLOG_BOARDS_COMMENTS" MODIFY ("COMMENT_NO" NOT NULL ENABLE);
  ALTER TABLE "JAVER"."BLOG_BOARDS_COMMENTS" MODIFY ("BOARD_NO" NOT NULL ENABLE);
  ALTER TABLE "JAVER"."BLOG_BOARDS_COMMENTS" ADD PRIMARY KEY ("COMMENT_NO")
  USING INDEX PCTFREE 10 INITRANS 2 MAXTRANS 255 COMPUTE STATISTICS 
  STORAGE(INITIAL 65536 NEXT 1048576 MINEXTENTS 1 MAXEXTENTS 2147483645
  PCTINCREASE 0 FREELISTS 1 FREELIST GROUPS 1 BUFFER_POOL DEFAULT FLASH_CACHE DEFAULT CELL_FLASH_CACHE DEFAULT)
  TABLESPACE "SYSTEM"  ENABLE;
--------------------------------------------------------
--  Constraints for Table BLOG_BOARD_LIKES
--------------------------------------------------------

  ALTER TABLE "JAVER"."BLOG_BOARD_LIKES" MODIFY ("LIKES_NO" NOT NULL ENABLE);
  ALTER TABLE "JAVER"."BLOG_BOARD_LIKES" MODIFY ("BOARD_NO" NOT NULL ENABLE);
  ALTER TABLE "JAVER"."BLOG_BOARD_LIKES" MODIFY ("BLOG_NO" NOT NULL ENABLE);
  ALTER TABLE "JAVER"."BLOG_BOARD_LIKES" ADD PRIMARY KEY ("LIKES_NO")
  USING INDEX PCTFREE 10 INITRANS 2 MAXTRANS 255 COMPUTE STATISTICS 
  STORAGE(INITIAL 65536 NEXT 1048576 MINEXTENTS 1 MAXEXTENTS 2147483645
  PCTINCREASE 0 FREELISTS 1 FREELIST GROUPS 1 BUFFER_POOL DEFAULT FLASH_CACHE DEFAULT CELL_FLASH_CACHE DEFAULT)
  TABLESPACE "SYSTEM"  ENABLE;
--------------------------------------------------------
--  Constraints for Table BLOG_CATEGORY
--------------------------------------------------------

  ALTER TABLE "JAVER"."BLOG_CATEGORY" MODIFY ("CATEGORY_NO" NOT NULL ENABLE);
  ALTER TABLE "JAVER"."BLOG_CATEGORY" MODIFY ("SUBCATEGORY_NO" NOT NULL ENABLE);
  ALTER TABLE "JAVER"."BLOG_CATEGORY" ADD PRIMARY KEY ("CATEGORY_NO")
  USING INDEX PCTFREE 10 INITRANS 2 MAXTRANS 255 COMPUTE STATISTICS 
  STORAGE(INITIAL 65536 NEXT 1048576 MINEXTENTS 1 MAXEXTENTS 2147483645
  PCTINCREASE 0 FREELISTS 1 FREELIST GROUPS 1 BUFFER_POOL DEFAULT FLASH_CACHE DEFAULT CELL_FLASH_CACHE DEFAULT)
  TABLESPACE "SYSTEM"  ENABLE;
--------------------------------------------------------
--  Constraints for Table BLOG_HASHTAGS
--------------------------------------------------------

  ALTER TABLE "JAVER"."BLOG_HASHTAGS" MODIFY ("HASHTAGS_NO" NOT NULL ENABLE);
  ALTER TABLE "JAVER"."BLOG_HASHTAGS" MODIFY ("BOARD_NO" NOT NULL ENABLE);
  ALTER TABLE "JAVER"."BLOG_HASHTAGS" ADD PRIMARY KEY ("HASHTAGS_NO")
  USING INDEX PCTFREE 10 INITRANS 2 MAXTRANS 255 COMPUTE STATISTICS 
  STORAGE(INITIAL 65536 NEXT 1048576 MINEXTENTS 1 MAXEXTENTS 2147483645
  PCTINCREASE 0 FREELISTS 1 FREELIST GROUPS 1 BUFFER_POOL DEFAULT FLASH_CACHE DEFAULT CELL_FLASH_CACHE DEFAULT)
  TABLESPACE "SYSTEM"  ENABLE;
--------------------------------------------------------
--  Constraints for Table BLOG_NEIGHBOR
--------------------------------------------------------

  ALTER TABLE "JAVER"."BLOG_NEIGHBOR" MODIFY ("NEIGHBORHOOD_NO" NOT NULL ENABLE);
  ALTER TABLE "JAVER"."BLOG_NEIGHBOR" MODIFY ("BLOG_NO" NOT NULL ENABLE);
--------------------------------------------------------
--  Constraints for Table BLOG_NEIGHBORHOOD
--------------------------------------------------------

  ALTER TABLE "JAVER"."BLOG_NEIGHBORHOOD" MODIFY ("NEIGHBORHOOD_NO" NOT NULL ENABLE);
  ALTER TABLE "JAVER"."BLOG_NEIGHBORHOOD" ADD PRIMARY KEY ("NEIGHBORHOOD_NO")
  USING INDEX PCTFREE 10 INITRANS 2 MAXTRANS 255 COMPUTE STATISTICS 
  STORAGE(INITIAL 65536 NEXT 1048576 MINEXTENTS 1 MAXEXTENTS 2147483645
  PCTINCREASE 0 FREELISTS 1 FREELIST GROUPS 1 BUFFER_POOL DEFAULT FLASH_CACHE DEFAULT CELL_FLASH_CACHE DEFAULT)
  TABLESPACE "SYSTEM"  ENABLE;
--------------------------------------------------------
--  Constraints for Table BLOG_SUBCATEGORY
--------------------------------------------------------

  ALTER TABLE "JAVER"."BLOG_SUBCATEGORY" MODIFY ("SUBCATEGORY_NO" NOT NULL ENABLE);
  ALTER TABLE "JAVER"."BLOG_SUBCATEGORY" MODIFY ("BLOG_NO" NOT NULL ENABLE);
  ALTER TABLE "JAVER"."BLOG_SUBCATEGORY" ADD PRIMARY KEY ("SUBCATEGORY_NO")
  USING INDEX PCTFREE 10 INITRANS 2 MAXTRANS 255 COMPUTE STATISTICS 
  STORAGE(INITIAL 65536 NEXT 1048576 MINEXTENTS 1 MAXEXTENTS 2147483645
  PCTINCREASE 0 FREELISTS 1 FREELIST GROUPS 1 BUFFER_POOL DEFAULT FLASH_CACHE DEFAULT CELL_FLASH_CACHE DEFAULT)
  TABLESPACE "SYSTEM"  ENABLE;
--------------------------------------------------------
--  Constraints for Table BLOG_THEMES
--------------------------------------------------------

  ALTER TABLE "JAVER"."BLOG_THEMES" MODIFY ("THEME_NO" NOT NULL ENABLE);
  ALTER TABLE "JAVER"."BLOG_THEMES" ADD PRIMARY KEY ("THEME_NO")
  USING INDEX PCTFREE 10 INITRANS 2 MAXTRANS 255 COMPUTE STATISTICS 
  STORAGE(INITIAL 65536 NEXT 1048576 MINEXTENTS 1 MAXEXTENTS 2147483645
  PCTINCREASE 0 FREELISTS 1 FREELIST GROUPS 1 BUFFER_POOL DEFAULT FLASH_CACHE DEFAULT CELL_FLASH_CACHE DEFAULT)
  TABLESPACE "SYSTEM"  ENABLE;
--------------------------------------------------------
--  Constraints for Table EXPENSE_TAG
--------------------------------------------------------

  ALTER TABLE "JAVER"."EXPENSE_TAG" MODIFY ("TAG_NO" NOT NULL ENABLE);
  ALTER TABLE "JAVER"."EXPENSE_TAG" MODIFY ("EXPENSE_NO" NOT NULL ENABLE);
--------------------------------------------------------
--  Constraints for Table GOAL_TAG
--------------------------------------------------------

  ALTER TABLE "JAVER"."GOAL_TAG" MODIFY ("TAG_NO" NOT NULL ENABLE);
  ALTER TABLE "JAVER"."GOAL_TAG" MODIFY ("GOAL_NO" NOT NULL ENABLE);
--------------------------------------------------------
--  Constraints for Table INCOME_TAG
--------------------------------------------------------

  ALTER TABLE "JAVER"."INCOME_TAG" MODIFY ("TAG_NO" NOT NULL ENABLE);
  ALTER TABLE "JAVER"."INCOME_TAG" MODIFY ("INCOME_NO" NOT NULL ENABLE);
--------------------------------------------------------
--  Constraints for Table JISIKIN
--------------------------------------------------------

  ALTER TABLE "JAVER"."JISIKIN" MODIFY ("JISIKIN_NO" NOT NULL ENABLE);
  ALTER TABLE "JAVER"."JISIKIN" MODIFY ("JISIKIN_TITLE" NOT NULL ENABLE);
  ALTER TABLE "JAVER"."JISIKIN" MODIFY ("JISIKIN_CONTENT" NOT NULL ENABLE);
  ALTER TABLE "JAVER"."JISIKIN" MODIFY ("JISIKIN_CREATE_DATE" NOT NULL ENABLE);
  ALTER TABLE "JAVER"."JISIKIN" MODIFY ("USER_ID" NOT NULL ENABLE);
  ALTER TABLE "JAVER"."JISIKIN" ADD PRIMARY KEY ("JISIKIN_NO")
  USING INDEX PCTFREE 10 INITRANS 2 MAXTRANS 255 COMPUTE STATISTICS 
  STORAGE(INITIAL 65536 NEXT 1048576 MINEXTENTS 1 MAXEXTENTS 2147483645
  PCTINCREASE 0 FREELISTS 1 FREELIST GROUPS 1 BUFFER_POOL DEFAULT FLASH_CACHE DEFAULT CELL_FLASH_CACHE DEFAULT)
  TABLESPACE "SYSTEM"  ENABLE;
--------------------------------------------------------
--  Constraints for Table JISIKIN_ANSWER
--------------------------------------------------------

  ALTER TABLE "JAVER"."JISIKIN_ANSWER" MODIFY ("ANSWER_NO" NOT NULL ENABLE);
  ALTER TABLE "JAVER"."JISIKIN_ANSWER" MODIFY ("JISIKIN_NO" NOT NULL ENABLE);
  ALTER TABLE "JAVER"."JISIKIN_ANSWER" MODIFY ("USER_ID" NOT NULL ENABLE);
  ALTER TABLE "JAVER"."JISIKIN_ANSWER" ADD PRIMARY KEY ("ANSWER_NO")
  USING INDEX PCTFREE 10 INITRANS 2 MAXTRANS 255 COMPUTE STATISTICS 
  STORAGE(INITIAL 65536 NEXT 1048576 MINEXTENTS 1 MAXEXTENTS 2147483645
  PCTINCREASE 0 FREELISTS 1 FREELIST GROUPS 1 BUFFER_POOL DEFAULT FLASH_CACHE DEFAULT CELL_FLASH_CACHE DEFAULT)
  TABLESPACE "SYSTEM"  ENABLE;
--------------------------------------------------------
--  Constraints for Table JISIKIN_CATEGORY
--------------------------------------------------------

  ALTER TABLE "JAVER"."JISIKIN_CATEGORY" MODIFY ("CATEGORY_NO" NOT NULL ENABLE);
  ALTER TABLE "JAVER"."JISIKIN_CATEGORY" ADD PRIMARY KEY ("CATEGORY_NO")
  USING INDEX PCTFREE 10 INITRANS 2 MAXTRANS 255 COMPUTE STATISTICS 
  STORAGE(INITIAL 65536 NEXT 1048576 MINEXTENTS 1 MAXEXTENTS 2147483645
  PCTINCREASE 0 FREELISTS 1 FREELIST GROUPS 1 BUFFER_POOL DEFAULT FLASH_CACHE DEFAULT CELL_FLASH_CACHE DEFAULT)
  TABLESPACE "SYSTEM"  ENABLE;
--------------------------------------------------------
--  Constraints for Table JISIKIN_COMMENT
--------------------------------------------------------

  ALTER TABLE "JAVER"."JISIKIN_COMMENT" ADD PRIMARY KEY ("COMMENT_NO")
  USING INDEX PCTFREE 10 INITRANS 2 MAXTRANS 255 COMPUTE STATISTICS 
  STORAGE(INITIAL 65536 NEXT 1048576 MINEXTENTS 1 MAXEXTENTS 2147483645
  PCTINCREASE 0 FREELISTS 1 FREELIST GROUPS 1 BUFFER_POOL DEFAULT FLASH_CACHE DEFAULT CELL_FLASH_CACHE DEFAULT)
  TABLESPACE "SYSTEM"  ENABLE;
  ALTER TABLE "JAVER"."JISIKIN_COMMENT" MODIFY ("COMMENT_NO" NOT NULL ENABLE);
  ALTER TABLE "JAVER"."JISIKIN_COMMENT" MODIFY ("COMMENT_WRITER" NOT NULL ENABLE);
  ALTER TABLE "JAVER"."JISIKIN_COMMENT" MODIFY ("ANSWER_NO" NOT NULL ENABLE);
--------------------------------------------------------
--  Constraints for Table JISIKIN_TAG
--------------------------------------------------------

  ALTER TABLE "JAVER"."JISIKIN_TAG" MODIFY ("TAG_NO" NOT NULL ENABLE);
  ALTER TABLE "JAVER"."JISIKIN_TAG" MODIFY ("TAG_NAME" NOT NULL ENABLE);
  ALTER TABLE "JAVER"."JISIKIN_TAG" MODIFY ("JISIKIN_NO" NOT NULL ENABLE);
  ALTER TABLE "JAVER"."JISIKIN_TAG" ADD PRIMARY KEY ("TAG_NO")
  USING INDEX PCTFREE 10 INITRANS 2 MAXTRANS 255 COMPUTE STATISTICS 
  STORAGE(INITIAL 65536 NEXT 1048576 MINEXTENTS 1 MAXEXTENTS 2147483645
  PCTINCREASE 0 FREELISTS 1 FREELIST GROUPS 1 BUFFER_POOL DEFAULT FLASH_CACHE DEFAULT CELL_FLASH_CACHE DEFAULT)
  TABLESPACE "SYSTEM"  ENABLE;
--------------------------------------------------------
--  Constraints for Table JOIN_ITEMS
--------------------------------------------------------

  ALTER TABLE "JAVER"."JOIN_ITEMS" MODIFY ("JOIN_ITEM_NO" NOT NULL ENABLE);
  ALTER TABLE "JAVER"."JOIN_ITEMS" MODIFY ("JOIN_NO" NOT NULL ENABLE);
  ALTER TABLE "JAVER"."JOIN_ITEMS" MODIFY ("JOIN_COUNT" NOT NULL ENABLE);
  ALTER TABLE "JAVER"."JOIN_ITEMS" ADD PRIMARY KEY ("JOIN_ITEM_NO")
  USING INDEX PCTFREE 10 INITRANS 2 MAXTRANS 255 COMPUTE STATISTICS 
  STORAGE(INITIAL 65536 NEXT 1048576 MINEXTENTS 1 MAXEXTENTS 2147483645
  PCTINCREASE 0 FREELISTS 1 FREELIST GROUPS 1 BUFFER_POOL DEFAULT FLASH_CACHE DEFAULT CELL_FLASH_CACHE DEFAULT)
  TABLESPACE "SYSTEM"  ENABLE;
--------------------------------------------------------
--  Constraints for Table NBBANG_ITEMS
--------------------------------------------------------

  ALTER TABLE "JAVER"."NBBANG_ITEMS" MODIFY ("ITEM_NO" NOT NULL ENABLE);
  ALTER TABLE "JAVER"."NBBANG_ITEMS" MODIFY ("ITEM_PERSON" NOT NULL ENABLE);
  ALTER TABLE "JAVER"."NBBANG_ITEMS" MODIFY ("NBB_NO" NOT NULL ENABLE);
  ALTER TABLE "JAVER"."NBBANG_ITEMS" ADD PRIMARY KEY ("ITEM_NO")
  USING INDEX PCTFREE 10 INITRANS 2 MAXTRANS 255 COMPUTE STATISTICS 
  STORAGE(INITIAL 65536 NEXT 1048576 MINEXTENTS 1 MAXEXTENTS 2147483645
  PCTINCREASE 0 FREELISTS 1 FREELIST GROUPS 1 BUFFER_POOL DEFAULT FLASH_CACHE DEFAULT CELL_FLASH_CACHE DEFAULT)
  TABLESPACE "SYSTEM"  ENABLE;
--------------------------------------------------------
--  Constraints for Table SEARCH_WORD
--------------------------------------------------------

  ALTER TABLE "JAVER"."SEARCH_WORD" MODIFY ("WORD_NO" NOT NULL ENABLE);
  ALTER TABLE "JAVER"."SEARCH_WORD" MODIFY ("WORD_NAME" NOT NULL ENABLE);
  ALTER TABLE "JAVER"."SEARCH_WORD" MODIFY ("WORD_COUNT" NOT NULL ENABLE);
  ALTER TABLE "JAVER"."SEARCH_WORD" ADD CONSTRAINT "SEARCH_WORD_PK" PRIMARY KEY ("WORD_NO")
  USING INDEX PCTFREE 10 INITRANS 2 MAXTRANS 255 COMPUTE STATISTICS 
  STORAGE(INITIAL 65536 NEXT 1048576 MINEXTENTS 1 MAXEXTENTS 2147483645
  PCTINCREASE 0 FREELISTS 1 FREELIST GROUPS 1 BUFFER_POOL DEFAULT FLASH_CACHE DEFAULT CELL_FLASH_CACHE DEFAULT)
  TABLESPACE "SYSTEM"  ENABLE;
--------------------------------------------------------
--  Constraints for Table SERIES_CARTS
--------------------------------------------------------

  ALTER TABLE "JAVER"."SERIES_CARTS" MODIFY ("CART_NO" NOT NULL ENABLE);
  ALTER TABLE "JAVER"."SERIES_CARTS" MODIFY ("EPISODE_NO" NOT NULL ENABLE);
  ALTER TABLE "JAVER"."SERIES_CARTS" MODIFY ("USER_ID" NOT NULL ENABLE);
  ALTER TABLE "JAVER"."SERIES_CARTS" ADD PRIMARY KEY ("CART_NO")
  USING INDEX PCTFREE 10 INITRANS 2 MAXTRANS 255 COMPUTE STATISTICS 
  STORAGE(INITIAL 65536 NEXT 1048576 MINEXTENTS 1 MAXEXTENTS 2147483645
  PCTINCREASE 0 FREELISTS 1 FREELIST GROUPS 1 BUFFER_POOL DEFAULT FLASH_CACHE DEFAULT CELL_FLASH_CACHE DEFAULT)
  TABLESPACE "SYSTEM"  ENABLE;
--------------------------------------------------------
--  Constraints for Table SERIES_CATEGORIES
--------------------------------------------------------

  ALTER TABLE "JAVER"."SERIES_CATEGORIES" MODIFY ("CATEGORY_NO" NOT NULL ENABLE);
  ALTER TABLE "JAVER"."SERIES_CATEGORIES" ADD PRIMARY KEY ("CATEGORY_NO")
  USING INDEX PCTFREE 10 INITRANS 2 MAXTRANS 255 COMPUTE STATISTICS 
  STORAGE(INITIAL 65536 NEXT 1048576 MINEXTENTS 1 MAXEXTENTS 2147483645
  PCTINCREASE 0 FREELISTS 1 FREELIST GROUPS 1 BUFFER_POOL DEFAULT FLASH_CACHE DEFAULT CELL_FLASH_CACHE DEFAULT)
  TABLESPACE "SYSTEM"  ENABLE;
--------------------------------------------------------
--  Constraints for Table SERIES_EPISODES
--------------------------------------------------------

  ALTER TABLE "JAVER"."SERIES_EPISODES" MODIFY ("EPISODE_NO" NOT NULL ENABLE);
  ALTER TABLE "JAVER"."SERIES_EPISODES" MODIFY ("VOD_NO" NOT NULL ENABLE);
  ALTER TABLE "JAVER"."SERIES_EPISODES" ADD PRIMARY KEY ("EPISODE_NO")
  USING INDEX PCTFREE 10 INITRANS 2 MAXTRANS 255 COMPUTE STATISTICS 
  STORAGE(INITIAL 65536 NEXT 1048576 MINEXTENTS 1 MAXEXTENTS 2147483645
  PCTINCREASE 0 FREELISTS 1 FREELIST GROUPS 1 BUFFER_POOL DEFAULT FLASH_CACHE DEFAULT CELL_FLASH_CACHE DEFAULT)
  TABLESPACE "SYSTEM"  ENABLE;
--------------------------------------------------------
--  Constraints for Table SERIES_LIKES
--------------------------------------------------------

  ALTER TABLE "JAVER"."SERIES_LIKES" MODIFY ("LIKE_NO" NOT NULL ENABLE);
  ALTER TABLE "JAVER"."SERIES_LIKES" MODIFY ("VOD_NO" NOT NULL ENABLE);
  ALTER TABLE "JAVER"."SERIES_LIKES" MODIFY ("USER_ID" NOT NULL ENABLE);
  ALTER TABLE "JAVER"."SERIES_LIKES" ADD PRIMARY KEY ("LIKE_NO")
  USING INDEX PCTFREE 10 INITRANS 2 MAXTRANS 255 COMPUTE STATISTICS 
  STORAGE(INITIAL 65536 NEXT 1048576 MINEXTENTS 1 MAXEXTENTS 2147483645
  PCTINCREASE 0 FREELISTS 1 FREELIST GROUPS 1 BUFFER_POOL DEFAULT FLASH_CACHE DEFAULT CELL_FLASH_CACHE DEFAULT)
  TABLESPACE "SYSTEM"  ENABLE;
--------------------------------------------------------
--  Constraints for Table SERIES_NOTICES
--------------------------------------------------------

  ALTER TABLE "JAVER"."SERIES_NOTICES" ADD CONSTRAINT "PK_NOTICE_NO" PRIMARY KEY ("NOTICE_NO")
  USING INDEX PCTFREE 10 INITRANS 2 MAXTRANS 255 COMPUTE STATISTICS 
  STORAGE(INITIAL 65536 NEXT 1048576 MINEXTENTS 1 MAXEXTENTS 2147483645
  PCTINCREASE 0 FREELISTS 1 FREELIST GROUPS 1 BUFFER_POOL DEFAULT FLASH_CACHE DEFAULT CELL_FLASH_CACHE DEFAULT)
  TABLESPACE "SYSTEM"  ENABLE;
--------------------------------------------------------
--  Constraints for Table SERIES_ORDERS
--------------------------------------------------------

  ALTER TABLE "JAVER"."SERIES_ORDERS" MODIFY ("ORDER_NO" NOT NULL ENABLE);
  ALTER TABLE "JAVER"."SERIES_ORDERS" MODIFY ("EPISODE_NO" NOT NULL ENABLE);
  ALTER TABLE "JAVER"."SERIES_ORDERS" MODIFY ("USER_ID" NOT NULL ENABLE);
  ALTER TABLE "JAVER"."SERIES_ORDERS" ADD PRIMARY KEY ("ORDER_NO")
  USING INDEX PCTFREE 10 INITRANS 2 MAXTRANS 255 COMPUTE STATISTICS 
  STORAGE(INITIAL 65536 NEXT 1048576 MINEXTENTS 1 MAXEXTENTS 2147483645
  PCTINCREASE 0 FREELISTS 1 FREELIST GROUPS 1 BUFFER_POOL DEFAULT FLASH_CACHE DEFAULT CELL_FLASH_CACHE DEFAULT)
  TABLESPACE "SYSTEM"  ENABLE;
--------------------------------------------------------
--  Constraints for Table SERIES_REVIEWS
--------------------------------------------------------

  ALTER TABLE "JAVER"."SERIES_REVIEWS" ADD CONSTRAINT "PK_REVIEW_NO" PRIMARY KEY ("REVIEW_NO")
  USING INDEX PCTFREE 10 INITRANS 2 MAXTRANS 255 COMPUTE STATISTICS 
  STORAGE(INITIAL 65536 NEXT 1048576 MINEXTENTS 1 MAXEXTENTS 2147483645
  PCTINCREASE 0 FREELISTS 1 FREELIST GROUPS 1 BUFFER_POOL DEFAULT FLASH_CACHE DEFAULT CELL_FLASH_CACHE DEFAULT)
  TABLESPACE "SYSTEM"  ENABLE;
  ALTER TABLE "JAVER"."SERIES_REVIEWS" MODIFY ("REVIEW_NO" NOT NULL ENABLE);
  ALTER TABLE "JAVER"."SERIES_REVIEWS" MODIFY ("USER_ID" NOT NULL ENABLE);
  ALTER TABLE "JAVER"."SERIES_REVIEWS" MODIFY ("VOD_NO" NOT NULL ENABLE);
  ALTER TABLE "JAVER"."SERIES_REVIEWS" MODIFY ("REVIEW_CONTENTS" NOT NULL ENABLE);
--------------------------------------------------------
--  Constraints for Table SERIES_REVIEW_REPUTATIONS
--------------------------------------------------------

  ALTER TABLE "JAVER"."SERIES_REVIEW_REPUTATIONS" MODIFY ("REPUTATION_NO" NOT NULL ENABLE);
  ALTER TABLE "JAVER"."SERIES_REVIEW_REPUTATIONS" MODIFY ("USER_ID" NOT NULL ENABLE);
  ALTER TABLE "JAVER"."SERIES_REVIEW_REPUTATIONS" MODIFY ("REVIEW_NO" NOT NULL ENABLE);
--------------------------------------------------------
--  Constraints for Table SERIES_VODS
--------------------------------------------------------

  ALTER TABLE "JAVER"."SERIES_VODS" MODIFY ("VOD_NO" NOT NULL ENABLE);
  ALTER TABLE "JAVER"."SERIES_VODS" MODIFY ("CATEGORY_NO" NOT NULL ENABLE);
  ALTER TABLE "JAVER"."SERIES_VODS" ADD PRIMARY KEY ("VOD_NO")
  USING INDEX PCTFREE 10 INITRANS 2 MAXTRANS 255 COMPUTE STATISTICS 
  STORAGE(INITIAL 65536 NEXT 1048576 MINEXTENTS 1 MAXEXTENTS 2147483645
  PCTINCREASE 0 FREELISTS 1 FREELIST GROUPS 1 BUFFER_POOL DEFAULT FLASH_CACHE DEFAULT CELL_FLASH_CACHE DEFAULT)
  TABLESPACE "SYSTEM"  ENABLE;
--------------------------------------------------------
--  Constraints for Table TEMP
--------------------------------------------------------

  ALTER TABLE "JAVER"."TEMP" MODIFY ("VOD_NO" NOT NULL ENABLE);
  ALTER TABLE "JAVER"."TEMP" MODIFY ("CATEGORY_NO" NOT NULL ENABLE);
--------------------------------------------------------
--  Constraints for Table TV
--------------------------------------------------------

  ALTER TABLE "JAVER"."TV" MODIFY ("TV_PLAYTIME" NOT NULL ENABLE);
  ALTER TABLE "JAVER"."TV" MODIFY ("TV_NO" NOT NULL ENABLE);
  ALTER TABLE "JAVER"."TV" MODIFY ("TV_TITLE" NOT NULL ENABLE);
  ALTER TABLE "JAVER"."TV" MODIFY ("TV_VIDEONAME" NOT NULL ENABLE);
  ALTER TABLE "JAVER"."TV" MODIFY ("CREATE_DATE" NOT NULL ENABLE);
  ALTER TABLE "JAVER"."TV" MODIFY ("PLAYLIST_NO" NOT NULL ENABLE);
  ALTER TABLE "JAVER"."TV" ADD PRIMARY KEY ("TV_NO")
  USING INDEX PCTFREE 10 INITRANS 2 MAXTRANS 255 COMPUTE STATISTICS 
  STORAGE(INITIAL 65536 NEXT 1048576 MINEXTENTS 1 MAXEXTENTS 2147483645
  PCTINCREASE 0 FREELISTS 1 FREELIST GROUPS 1 BUFFER_POOL DEFAULT FLASH_CACHE DEFAULT CELL_FLASH_CACHE DEFAULT)
  TABLESPACE "SYSTEM"  ENABLE;
--------------------------------------------------------
--  Constraints for Table TV_CHANNEL
--------------------------------------------------------

  ALTER TABLE "JAVER"."TV_CHANNEL" MODIFY ("CHANNEL_NO" NOT NULL ENABLE);
  ALTER TABLE "JAVER"."TV_CHANNEL" MODIFY ("CHANNEL_TITLE" NOT NULL ENABLE);
  ALTER TABLE "JAVER"."TV_CHANNEL" MODIFY ("USER_ID" NOT NULL ENABLE);
  ALTER TABLE "JAVER"."TV_CHANNEL" ADD PRIMARY KEY ("CHANNEL_NO")
  USING INDEX PCTFREE 10 INITRANS 2 MAXTRANS 255 COMPUTE STATISTICS 
  STORAGE(INITIAL 65536 NEXT 1048576 MINEXTENTS 1 MAXEXTENTS 2147483645
  PCTINCREASE 0 FREELISTS 1 FREELIST GROUPS 1 BUFFER_POOL DEFAULT FLASH_CACHE DEFAULT CELL_FLASH_CACHE DEFAULT)
  TABLESPACE "SYSTEM"  ENABLE;
  ALTER TABLE "JAVER"."TV_CHANNEL" ADD UNIQUE ("USER_ID")
  USING INDEX PCTFREE 10 INITRANS 2 MAXTRANS 255 COMPUTE STATISTICS 
  STORAGE(INITIAL 65536 NEXT 1048576 MINEXTENTS 1 MAXEXTENTS 2147483645
  PCTINCREASE 0 FREELISTS 1 FREELIST GROUPS 1 BUFFER_POOL DEFAULT FLASH_CACHE DEFAULT CELL_FLASH_CACHE DEFAULT)
  TABLESPACE "SYSTEM"  ENABLE;
--------------------------------------------------------
--  Constraints for Table TV_COMMENTS
--------------------------------------------------------

  ALTER TABLE "JAVER"."TV_COMMENTS" MODIFY ("COMMENT_NO" NOT NULL ENABLE);
  ALTER TABLE "JAVER"."TV_COMMENTS" MODIFY ("TV_NO" NOT NULL ENABLE);
  ALTER TABLE "JAVER"."TV_COMMENTS" MODIFY ("COMMENT_CONTENTS" NOT NULL ENABLE);
  ALTER TABLE "JAVER"."TV_COMMENTS" MODIFY ("CREATE_DATE" NOT NULL ENABLE);
  ALTER TABLE "JAVER"."TV_COMMENTS" MODIFY ("USER_ID" NOT NULL ENABLE);
  ALTER TABLE "JAVER"."TV_COMMENTS" ADD PRIMARY KEY ("COMMENT_NO")
  USING INDEX PCTFREE 10 INITRANS 2 MAXTRANS 255 COMPUTE STATISTICS 
  STORAGE(INITIAL 65536 NEXT 1048576 MINEXTENTS 1 MAXEXTENTS 2147483645
  PCTINCREASE 0 FREELISTS 1 FREELIST GROUPS 1 BUFFER_POOL DEFAULT FLASH_CACHE DEFAULT CELL_FLASH_CACHE DEFAULT)
  TABLESPACE "SYSTEM"  ENABLE;
--------------------------------------------------------
--  Constraints for Table TV_COMMENT_LIKES
--------------------------------------------------------

  ALTER TABLE "JAVER"."TV_COMMENT_LIKES" MODIFY ("COMMENT_LIKE_NO" NOT NULL ENABLE);
  ALTER TABLE "JAVER"."TV_COMMENT_LIKES" MODIFY ("COMMENT_NO" NOT NULL ENABLE);
  ALTER TABLE "JAVER"."TV_COMMENT_LIKES" MODIFY ("USER_ID" NOT NULL ENABLE);
  ALTER TABLE "JAVER"."TV_COMMENT_LIKES" ADD PRIMARY KEY ("COMMENT_LIKE_NO")
  USING INDEX PCTFREE 10 INITRANS 2 MAXTRANS 255 COMPUTE STATISTICS 
  STORAGE(INITIAL 65536 NEXT 1048576 MINEXTENTS 1 MAXEXTENTS 2147483645
  PCTINCREASE 0 FREELISTS 1 FREELIST GROUPS 1 BUFFER_POOL DEFAULT FLASH_CACHE DEFAULT CELL_FLASH_CACHE DEFAULT)
  TABLESPACE "SYSTEM"  ENABLE;
--------------------------------------------------------
--  Constraints for Table TV_HISTORY
--------------------------------------------------------

  ALTER TABLE "JAVER"."TV_HISTORY" MODIFY ("HISTORY_NO" NOT NULL ENABLE);
  ALTER TABLE "JAVER"."TV_HISTORY" MODIFY ("TV_NO" NOT NULL ENABLE);
  ALTER TABLE "JAVER"."TV_HISTORY" MODIFY ("USER_ID" NOT NULL ENABLE);
  ALTER TABLE "JAVER"."TV_HISTORY" ADD PRIMARY KEY ("HISTORY_NO")
  USING INDEX PCTFREE 10 INITRANS 2 MAXTRANS 255 COMPUTE STATISTICS 
  STORAGE(INITIAL 65536 NEXT 1048576 MINEXTENTS 1 MAXEXTENTS 2147483645
  PCTINCREASE 0 FREELISTS 1 FREELIST GROUPS 1 BUFFER_POOL DEFAULT FLASH_CACHE DEFAULT CELL_FLASH_CACHE DEFAULT)
  TABLESPACE "SYSTEM"  ENABLE;
--------------------------------------------------------
--  Constraints for Table TV_LATER
--------------------------------------------------------

  ALTER TABLE "JAVER"."TV_LATER" MODIFY ("USER_ID" NOT NULL ENABLE);
  ALTER TABLE "JAVER"."TV_LATER" ADD PRIMARY KEY ("LATER_NO")
  USING INDEX PCTFREE 10 INITRANS 2 MAXTRANS 255 COMPUTE STATISTICS 
  STORAGE(INITIAL 65536 NEXT 1048576 MINEXTENTS 1 MAXEXTENTS 2147483645
  PCTINCREASE 0 FREELISTS 1 FREELIST GROUPS 1 BUFFER_POOL DEFAULT FLASH_CACHE DEFAULT CELL_FLASH_CACHE DEFAULT)
  TABLESPACE "SYSTEM"  ENABLE;
  ALTER TABLE "JAVER"."TV_LATER" ADD CONSTRAINT "TV_LATER_UK" UNIQUE ("TV_NO", "USER_ID")
  USING INDEX PCTFREE 10 INITRANS 2 MAXTRANS 255 COMPUTE STATISTICS 
  STORAGE(INITIAL 65536 NEXT 1048576 MINEXTENTS 1 MAXEXTENTS 2147483645
  PCTINCREASE 0 FREELISTS 1 FREELIST GROUPS 1 BUFFER_POOL DEFAULT FLASH_CACHE DEFAULT CELL_FLASH_CACHE DEFAULT)
  TABLESPACE "SYSTEM"  ENABLE;
  ALTER TABLE "JAVER"."TV_LATER" MODIFY ("LATER_NO" NOT NULL ENABLE);
  ALTER TABLE "JAVER"."TV_LATER" MODIFY ("TV_NO" NOT NULL ENABLE);
  ALTER TABLE "JAVER"."TV_LATER" MODIFY ("CREATE_DATE" NOT NULL ENABLE);
--------------------------------------------------------
--  Constraints for Table TV_LIKES
--------------------------------------------------------

  ALTER TABLE "JAVER"."TV_LIKES" MODIFY ("LIKE_NO" NOT NULL ENABLE);
  ALTER TABLE "JAVER"."TV_LIKES" MODIFY ("TV_NO" NOT NULL ENABLE);
  ALTER TABLE "JAVER"."TV_LIKES" MODIFY ("CREATE_DATE" NOT NULL ENABLE);
  ALTER TABLE "JAVER"."TV_LIKES" MODIFY ("USER_ID" NOT NULL ENABLE);
  ALTER TABLE "JAVER"."TV_LIKES" ADD PRIMARY KEY ("LIKE_NO")
  USING INDEX PCTFREE 10 INITRANS 2 MAXTRANS 255 COMPUTE STATISTICS 
  STORAGE(INITIAL 65536 NEXT 1048576 MINEXTENTS 1 MAXEXTENTS 2147483645
  PCTINCREASE 0 FREELISTS 1 FREELIST GROUPS 1 BUFFER_POOL DEFAULT FLASH_CACHE DEFAULT CELL_FLASH_CACHE DEFAULT)
  TABLESPACE "SYSTEM"  ENABLE;
  ALTER TABLE "JAVER"."TV_LIKES" ADD CONSTRAINT "TV_LIKES_UK" UNIQUE ("TV_NO", "USER_ID")
  USING INDEX PCTFREE 10 INITRANS 2 MAXTRANS 255 COMPUTE STATISTICS 
  STORAGE(INITIAL 65536 NEXT 1048576 MINEXTENTS 1 MAXEXTENTS 2147483645
  PCTINCREASE 0 FREELISTS 1 FREELIST GROUPS 1 BUFFER_POOL DEFAULT FLASH_CACHE DEFAULT CELL_FLASH_CACHE DEFAULT)
  TABLESPACE "SYSTEM"  ENABLE;
--------------------------------------------------------
--  Constraints for Table TV_PLAYLIST
--------------------------------------------------------

  ALTER TABLE "JAVER"."TV_PLAYLIST" MODIFY ("PLAYLIST_NO" NOT NULL ENABLE);
  ALTER TABLE "JAVER"."TV_PLAYLIST" MODIFY ("CHANNEL_NO" NOT NULL ENABLE);
  ALTER TABLE "JAVER"."TV_PLAYLIST" MODIFY ("PLAYLIST_TITLE" NOT NULL ENABLE);
  ALTER TABLE "JAVER"."TV_PLAYLIST" ADD PRIMARY KEY ("PLAYLIST_NO")
  USING INDEX PCTFREE 10 INITRANS 2 MAXTRANS 255 COMPUTE STATISTICS 
  STORAGE(INITIAL 65536 NEXT 1048576 MINEXTENTS 1 MAXEXTENTS 2147483645
  PCTINCREASE 0 FREELISTS 1 FREELIST GROUPS 1 BUFFER_POOL DEFAULT FLASH_CACHE DEFAULT CELL_FLASH_CACHE DEFAULT)
  TABLESPACE "SYSTEM"  ENABLE;
--------------------------------------------------------
--  Constraints for Table USERS
--------------------------------------------------------

  ALTER TABLE "JAVER"."USERS" MODIFY ("USER_ID" NOT NULL ENABLE);
  ALTER TABLE "JAVER"."USERS" MODIFY ("USER_NAME" NOT NULL ENABLE);
  ALTER TABLE "JAVER"."USERS" MODIFY ("USER_PASSWORD" NOT NULL ENABLE);
  ALTER TABLE "JAVER"."USERS" MODIFY ("USER_PHONE" NOT NULL ENABLE);
  ALTER TABLE "JAVER"."USERS" MODIFY ("USER_POINT" NOT NULL ENABLE);
  ALTER TABLE "JAVER"."USERS" ADD PRIMARY KEY ("USER_ID")
  USING INDEX PCTFREE 10 INITRANS 2 MAXTRANS 255 COMPUTE STATISTICS 
  STORAGE(INITIAL 65536 NEXT 1048576 MINEXTENTS 1 MAXEXTENTS 2147483645
  PCTINCREASE 0 FREELISTS 1 FREELIST GROUPS 1 BUFFER_POOL DEFAULT FLASH_CACHE DEFAULT CELL_FLASH_CACHE DEFAULT)
  TABLESPACE "SYSTEM"  ENABLE;
  ALTER TABLE "JAVER"."USERS" MODIFY ("USER_GENDER" NOT NULL ENABLE);
--------------------------------------------------------
--  Constraints for Table VOTE_ITEMS
--------------------------------------------------------

  ALTER TABLE "JAVER"."VOTE_ITEMS" MODIFY ("VOTE_ITEM_NO" NOT NULL ENABLE);
  ALTER TABLE "JAVER"."VOTE_ITEMS" MODIFY ("VOTE_NO" NOT NULL ENABLE);
  ALTER TABLE "JAVER"."VOTE_ITEMS" MODIFY ("VOTE_CONTENTS" NOT NULL ENABLE);
  ALTER TABLE "JAVER"."VOTE_ITEMS" MODIFY ("VOTE_COUNT" NOT NULL ENABLE);
  ALTER TABLE "JAVER"."VOTE_ITEMS" MODIFY ("CAL_NO" NOT NULL ENABLE);
  ALTER TABLE "JAVER"."VOTE_ITEMS" ADD PRIMARY KEY ("VOTE_ITEM_NO")
  USING INDEX PCTFREE 10 INITRANS 2 MAXTRANS 255 COMPUTE STATISTICS 
  STORAGE(INITIAL 65536 NEXT 1048576 MINEXTENTS 1 MAXEXTENTS 2147483645
  PCTINCREASE 0 FREELISTS 1 FREELIST GROUPS 1 BUFFER_POOL DEFAULT FLASH_CACHE DEFAULT CELL_FLASH_CACHE DEFAULT)
  TABLESPACE "SYSTEM"  ENABLE;
--------------------------------------------------------
--  Constraints for Table WRITE_CONTENTS
--------------------------------------------------------

  ALTER TABLE "JAVER"."WRITE_CONTENTS" MODIFY ("CONTENTS_NO" NOT NULL ENABLE);
  ALTER TABLE "JAVER"."WRITE_CONTENTS" MODIFY ("WRITE_NO" NOT NULL ENABLE);
  ALTER TABLE "JAVER"."WRITE_CONTENTS" MODIFY ("CONTENTS_CONTENTS" NOT NULL ENABLE);
  ALTER TABLE "JAVER"."WRITE_CONTENTS" MODIFY ("ROW_NUM" NOT NULL ENABLE);
  ALTER TABLE "JAVER"."WRITE_CONTENTS" MODIFY ("CONTENTS_TYPS" NOT NULL ENABLE);
  ALTER TABLE "JAVER"."WRITE_CONTENTS" ADD PRIMARY KEY ("CONTENTS_NO")
  USING INDEX PCTFREE 10 INITRANS 2 MAXTRANS 255 COMPUTE STATISTICS 
  STORAGE(INITIAL 65536 NEXT 1048576 MINEXTENTS 1 MAXEXTENTS 2147483645
  PCTINCREASE 0 FREELISTS 1 FREELIST GROUPS 1 BUFFER_POOL DEFAULT FLASH_CACHE DEFAULT CELL_FLASH_CACHE DEFAULT)
  TABLESPACE "SYSTEM"  ENABLE;
--------------------------------------------------------
--  Ref Constraints for Table ACCOUNTBOOK_COMMENTS
--------------------------------------------------------

  ALTER TABLE "JAVER"."ACCOUNTBOOK_COMMENTS" ADD FOREIGN KEY ("WRITING_NO")
	  REFERENCES "JAVER"."ACCOUNTBOOK_WRITING" ("WRITING_NO") ENABLE;
  ALTER TABLE "JAVER"."ACCOUNTBOOK_COMMENTS" ADD FOREIGN KEY ("USER_ID")
	  REFERENCES "JAVER"."USERS" ("USER_ID") ENABLE;
--------------------------------------------------------
--  Ref Constraints for Table ACCOUNTBOOK_GOAL
--------------------------------------------------------

  ALTER TABLE "JAVER"."ACCOUNTBOOK_GOAL" ADD FOREIGN KEY ("USER_ID")
	  REFERENCES "JAVER"."USERS" ("USER_ID") ENABLE;
--------------------------------------------------------
--  Ref Constraints for Table ACCOUNTBOOK_TERM
--------------------------------------------------------

  ALTER TABLE "JAVER"."ACCOUNTBOOK_TERM" ADD FOREIGN KEY ("USER_ID")
	  REFERENCES "JAVER"."USERS" ("USER_ID") ENABLE;
--------------------------------------------------------
--  Ref Constraints for Table ACCOUNTBOOK_WRITING
--------------------------------------------------------

  ALTER TABLE "JAVER"."ACCOUNTBOOK_WRITING" ADD FOREIGN KEY ("USER_ID")
	  REFERENCES "JAVER"."USERS" ("USER_ID") ENABLE;
--------------------------------------------------------
--  Ref Constraints for Table ACOUNTBOOK_BUDGET
--------------------------------------------------------

  ALTER TABLE "JAVER"."ACOUNTBOOK_BUDGET" ADD FOREIGN KEY ("CATEGORY_NO")
	  REFERENCES "JAVER"."ACCOUNTBOOK_CATEGORY" ("CATEGORY_NO") ENABLE;
  ALTER TABLE "JAVER"."ACOUNTBOOK_BUDGET" ADD FOREIGN KEY ("USER_ID")
	  REFERENCES "JAVER"."USERS" ("USER_ID") ENABLE;
--------------------------------------------------------
--  Ref Constraints for Table BAND
--------------------------------------------------------

  ALTER TABLE "JAVER"."BAND" ADD FOREIGN KEY ("MASTER_ID")
	  REFERENCES "JAVER"."USERS" ("USER_ID") ENABLE;
--------------------------------------------------------
--  Ref Constraints for Table BAND_CALENDAR
--------------------------------------------------------

  ALTER TABLE "JAVER"."BAND_CALENDAR" ADD FOREIGN KEY ("CONTENTS_NO")
	  REFERENCES "JAVER"."WRITE_CONTENTS" ("CONTENTS_NO") ENABLE;
--------------------------------------------------------
--  Ref Constraints for Table BAND_CHULCHECK
--------------------------------------------------------

  ALTER TABLE "JAVER"."BAND_CHULCHECK" ADD FOREIGN KEY ("CONTENTS_NO")
	  REFERENCES "JAVER"."WRITE_CONTENTS" ("CONTENTS_NO") ENABLE;
--------------------------------------------------------
--  Ref Constraints for Table BAND_CONTENTS_TEXT
--------------------------------------------------------

  ALTER TABLE "JAVER"."BAND_CONTENTS_TEXT" ADD FOREIGN KEY ("CONTENTS_NO")
	  REFERENCES "JAVER"."BAND_WRITE_CONTENTS" ("CONTENTS_NO") ENABLE;
--------------------------------------------------------
--  Ref Constraints for Table BAND_JOIN
--------------------------------------------------------

  ALTER TABLE "JAVER"."BAND_JOIN" ADD FOREIGN KEY ("WRITE_NO")
	  REFERENCES "JAVER"."BAND_WRITE" ("WRITE_NO") ENABLE;
--------------------------------------------------------
--  Ref Constraints for Table BAND_JOIN_HISTORY
--------------------------------------------------------

  ALTER TABLE "JAVER"."BAND_JOIN_HISTORY" ADD FOREIGN KEY ("BAND_NO")
	  REFERENCES "JAVER"."BAND" ("BAND_NO") ENABLE;
  ALTER TABLE "JAVER"."BAND_JOIN_HISTORY" ADD FOREIGN KEY ("USER_ID")
	  REFERENCES "JAVER"."USERS" ("USER_ID") ENABLE;
--------------------------------------------------------
--  Ref Constraints for Table BAND_JOIN_ITEMS
--------------------------------------------------------

  ALTER TABLE "JAVER"."BAND_JOIN_ITEMS" ADD FOREIGN KEY ("JOIN_NO")
	  REFERENCES "JAVER"."BAND_JOIN" ("JOIN_NO") ENABLE;
--------------------------------------------------------
--  Ref Constraints for Table BAND_NBBANG
--------------------------------------------------------

  ALTER TABLE "JAVER"."BAND_NBBANG" ADD FOREIGN KEY ("WRITE_NO")
	  REFERENCES "JAVER"."BAND_WRITE" ("WRITE_NO") ENABLE;
--------------------------------------------------------
--  Ref Constraints for Table BAND_NBBANG_ITEMS
--------------------------------------------------------

  ALTER TABLE "JAVER"."BAND_NBBANG_ITEMS" ADD FOREIGN KEY ("NBB_NO")
	  REFERENCES "JAVER"."BAND_NBBANG" ("NBB_NO") ENABLE;
--------------------------------------------------------
--  Ref Constraints for Table BAND_TABLE_FILE
--------------------------------------------------------

  ALTER TABLE "JAVER"."BAND_TABLE_FILE" ADD FOREIGN KEY ("CONTENTS_NO")
	  REFERENCES "JAVER"."WRITE_CONTENTS" ("CONTENTS_NO") ENABLE;
--------------------------------------------------------
--  Ref Constraints for Table BAND_TODO
--------------------------------------------------------

  ALTER TABLE "JAVER"."BAND_TODO" ADD FOREIGN KEY ("WRITE_NO")
	  REFERENCES "JAVER"."BAND_WRITE" ("WRITE_NO") ENABLE;
--------------------------------------------------------
--  Ref Constraints for Table BAND_TODO_ITEMS
--------------------------------------------------------

  ALTER TABLE "JAVER"."BAND_TODO_ITEMS" ADD FOREIGN KEY ("TODO_NO")
	  REFERENCES "JAVER"."BAND_TODO" ("TODO_NO") ENABLE;
--------------------------------------------------------
--  Ref Constraints for Table BAND_VOTE
--------------------------------------------------------

  ALTER TABLE "JAVER"."BAND_VOTE" ADD FOREIGN KEY ("WRITE_NO")
	  REFERENCES "JAVER"."BAND_WRITE" ("WRITE_NO") ENABLE;
--------------------------------------------------------
--  Ref Constraints for Table BAND_VOTE_ITEMS
--------------------------------------------------------

  ALTER TABLE "JAVER"."BAND_VOTE_ITEMS" ADD FOREIGN KEY ("VOTE_NO")
	  REFERENCES "JAVER"."BAND_VOTE" ("VOTE_NO") ENABLE;
--------------------------------------------------------
--  Ref Constraints for Table BAND_WRITE
--------------------------------------------------------

  ALTER TABLE "JAVER"."BAND_WRITE" ADD FOREIGN KEY ("BAND_NO")
	  REFERENCES "JAVER"."BAND" ("BAND_NO") ENABLE;
  ALTER TABLE "JAVER"."BAND_WRITE" ADD FOREIGN KEY ("USER_ID")
	  REFERENCES "JAVER"."USERS" ("USER_ID") ENABLE;
--------------------------------------------------------
--  Ref Constraints for Table BAND_WRITE_PHOTO
--------------------------------------------------------

  ALTER TABLE "JAVER"."BAND_WRITE_PHOTO" ADD CONSTRAINT "BAND_WRITE_PHOTO_FK1" FOREIGN KEY ("BAND_NO")
	  REFERENCES "JAVER"."BAND" ("BAND_NO") ENABLE;
  ALTER TABLE "JAVER"."BAND_WRITE_PHOTO" ADD FOREIGN KEY ("WRITE_NO")
	  REFERENCES "JAVER"."BAND_WRITE" ("WRITE_NO") ENABLE;
--------------------------------------------------------
--  Ref Constraints for Table BLOG
--------------------------------------------------------

  ALTER TABLE "JAVER"."BLOG" ADD FOREIGN KEY ("USER_ID")
	  REFERENCES "JAVER"."USERS" ("USER_ID") ENABLE;
--------------------------------------------------------
--  Ref Constraints for Table BLOG_BOARDS
--------------------------------------------------------

  ALTER TABLE "JAVER"."BLOG_BOARDS" ADD CONSTRAINT "SYS_C008743" FOREIGN KEY ("CATEGORY_NO")
	  REFERENCES "JAVER"."BLOG_CATEGORY" ("CATEGORY_NO") ON DELETE CASCADE ENABLE;
--------------------------------------------------------
--  Ref Constraints for Table BLOG_BOARDS_COMMENTS
--------------------------------------------------------

  ALTER TABLE "JAVER"."BLOG_BOARDS_COMMENTS" ADD CONSTRAINT "BBC_PCNO_FK" FOREIGN KEY ("PARENTCOMMENT_NO")
	  REFERENCES "JAVER"."BLOG_BOARDS_COMMENTS" ("COMMENT_NO") ON DELETE CASCADE ENABLE;
  ALTER TABLE "JAVER"."BLOG_BOARDS_COMMENTS" ADD CONSTRAINT "BBC_USERID_FK" FOREIGN KEY ("USER_ID")
	  REFERENCES "JAVER"."USERS" ("USER_ID") ON DELETE CASCADE ENABLE;
  ALTER TABLE "JAVER"."BLOG_BOARDS_COMMENTS" ADD CONSTRAINT "SYS_C008740" FOREIGN KEY ("BOARD_NO")
	  REFERENCES "JAVER"."BLOG_BOARDS" ("BOARD_NO") ON DELETE CASCADE ENABLE;
--------------------------------------------------------
--  Ref Constraints for Table BLOG_BOARD_LIKES
--------------------------------------------------------

  ALTER TABLE "JAVER"."BLOG_BOARD_LIKES" ADD CONSTRAINT "SYS_C008737" FOREIGN KEY ("BLOG_NO")
	  REFERENCES "JAVER"."BLOG" ("BLOG_NO") ON DELETE CASCADE ENABLE;
  ALTER TABLE "JAVER"."BLOG_BOARD_LIKES" ADD CONSTRAINT "SYS_C008741" FOREIGN KEY ("BOARD_NO")
	  REFERENCES "JAVER"."BLOG_BOARDS" ("BOARD_NO") ON DELETE CASCADE ENABLE;
--------------------------------------------------------
--  Ref Constraints for Table BLOG_CATEGORY
--------------------------------------------------------

  ALTER TABLE "JAVER"."BLOG_CATEGORY" ADD CONSTRAINT "SYS_C008745" FOREIGN KEY ("SUBCATEGORY_NO")
	  REFERENCES "JAVER"."BLOG_SUBCATEGORY" ("SUBCATEGORY_NO") ON DELETE CASCADE ENABLE;
--------------------------------------------------------
--  Ref Constraints for Table BLOG_HASHTAGS
--------------------------------------------------------

  ALTER TABLE "JAVER"."BLOG_HASHTAGS" ADD FOREIGN KEY ("BOARD_NO")
	  REFERENCES "JAVER"."BLOG_BOARDS" ("BOARD_NO") ENABLE;
--------------------------------------------------------
--  Ref Constraints for Table BLOG_NEIGHBOR
--------------------------------------------------------

  ALTER TABLE "JAVER"."BLOG_NEIGHBOR" ADD CONSTRAINT "BLOG_EACHNEIGHBOR_FK1" FOREIGN KEY ("BLOG_NO")
	  REFERENCES "JAVER"."BLOG" ("BLOG_NO") ON DELETE CASCADE ENABLE;
  ALTER TABLE "JAVER"."BLOG_NEIGHBOR" ADD CONSTRAINT "SYS_C008738" FOREIGN KEY ("NEIGHBORHOOD_NO")
	  REFERENCES "JAVER"."BLOG" ("BLOG_NO") ON DELETE CASCADE ENABLE;
--------------------------------------------------------
--  Ref Constraints for Table BLOG_SUBCATEGORY
--------------------------------------------------------

  ALTER TABLE "JAVER"."BLOG_SUBCATEGORY" ADD FOREIGN KEY ("BLOG_NO")
	  REFERENCES "JAVER"."BLOG" ("BLOG_NO") ENABLE;
--------------------------------------------------------
--  Ref Constraints for Table EXPENSE_TAG
--------------------------------------------------------

  ALTER TABLE "JAVER"."EXPENSE_TAG" ADD FOREIGN KEY ("EXPENSE_NO")
	  REFERENCES "JAVER"."ACCOUNTBOOK_TERM" ("TERM_NO") ENABLE;
  ALTER TABLE "JAVER"."EXPENSE_TAG" ADD FOREIGN KEY ("TAG_NO")
	  REFERENCES "JAVER"."ACCOUNTBOOK_TAG" ("TAG_NO") ENABLE;
--------------------------------------------------------
--  Ref Constraints for Table GOAL_TAG
--------------------------------------------------------

  ALTER TABLE "JAVER"."GOAL_TAG" ADD FOREIGN KEY ("GOAL_NO")
	  REFERENCES "JAVER"."ACCOUNTBOOK_GOAL" ("GOAL_NO") ENABLE;
  ALTER TABLE "JAVER"."GOAL_TAG" ADD FOREIGN KEY ("TAG_NO")
	  REFERENCES "JAVER"."ACCOUNTBOOK_TAG" ("TAG_NO") ENABLE;
--------------------------------------------------------
--  Ref Constraints for Table INCOME_TAG
--------------------------------------------------------

  ALTER TABLE "JAVER"."INCOME_TAG" ADD FOREIGN KEY ("TAG_NO")
	  REFERENCES "JAVER"."ACCOUNTBOOK_TAG" ("TAG_NO") ENABLE;
--------------------------------------------------------
--  Ref Constraints for Table JISIKIN
--------------------------------------------------------

  ALTER TABLE "JAVER"."JISIKIN" ADD FOREIGN KEY ("USER_ID")
	  REFERENCES "JAVER"."USERS" ("USER_ID") ENABLE;
  ALTER TABLE "JAVER"."JISIKIN" ADD FOREIGN KEY ("CATEGORY_NO")
	  REFERENCES "JAVER"."JISIKIN_CATEGORY" ("CATEGORY_NO") ENABLE;
--------------------------------------------------------
--  Ref Constraints for Table JISIKIN_ANSWER
--------------------------------------------------------

  ALTER TABLE "JAVER"."JISIKIN_ANSWER" ADD FOREIGN KEY ("JISIKIN_NO")
	  REFERENCES "JAVER"."JISIKIN" ("JISIKIN_NO") ENABLE;
  ALTER TABLE "JAVER"."JISIKIN_ANSWER" ADD FOREIGN KEY ("USER_ID")
	  REFERENCES "JAVER"."USERS" ("USER_ID") ENABLE;
--------------------------------------------------------
--  Ref Constraints for Table JISIKIN_CATEGORY
--------------------------------------------------------

  ALTER TABLE "JAVER"."JISIKIN_CATEGORY" ADD FOREIGN KEY ("CATEGORY_PARENT_NO")
	  REFERENCES "JAVER"."JISIKIN_CATEGORY" ("CATEGORY_NO") ENABLE;
--------------------------------------------------------
--  Ref Constraints for Table JISIKIN_COMMENT
--------------------------------------------------------

  ALTER TABLE "JAVER"."JISIKIN_COMMENT" ADD FOREIGN KEY ("ANSWER_NO")
	  REFERENCES "JAVER"."JISIKIN_ANSWER" ("ANSWER_NO") ENABLE;
--------------------------------------------------------
--  Ref Constraints for Table JISIKIN_TAG
--------------------------------------------------------

  ALTER TABLE "JAVER"."JISIKIN_TAG" ADD FOREIGN KEY ("JISIKIN_NO")
	  REFERENCES "JAVER"."JISIKIN" ("JISIKIN_NO") ENABLE;
--------------------------------------------------------
--  Ref Constraints for Table JOIN_ITEMS
--------------------------------------------------------

  ALTER TABLE "JAVER"."JOIN_ITEMS" ADD FOREIGN KEY ("JOIN_NO")
	  REFERENCES "JAVER"."BAND_JOIN" ("JOIN_NO") ENABLE;
--------------------------------------------------------
--  Ref Constraints for Table NBBANG_ITEMS
--------------------------------------------------------

  ALTER TABLE "JAVER"."NBBANG_ITEMS" ADD FOREIGN KEY ("NBB_NO")
	  REFERENCES "JAVER"."BAND_NBBANG" ("NBB_NO") ENABLE;
--------------------------------------------------------
--  Ref Constraints for Table SERIES_CARTS
--------------------------------------------------------

  ALTER TABLE "JAVER"."SERIES_CARTS" ADD FOREIGN KEY ("EPISODE_NO")
	  REFERENCES "JAVER"."SERIES_EPISODES" ("EPISODE_NO") ENABLE;
  ALTER TABLE "JAVER"."SERIES_CARTS" ADD FOREIGN KEY ("USER_ID")
	  REFERENCES "JAVER"."USERS" ("USER_ID") ENABLE;
--------------------------------------------------------
--  Ref Constraints for Table SERIES_EPISODES
--------------------------------------------------------

  ALTER TABLE "JAVER"."SERIES_EPISODES" ADD FOREIGN KEY ("VOD_NO")
	  REFERENCES "JAVER"."SERIES_VODS" ("VOD_NO") ENABLE;
--------------------------------------------------------
--  Ref Constraints for Table SERIES_LIKES
--------------------------------------------------------

  ALTER TABLE "JAVER"."SERIES_LIKES" ADD FOREIGN KEY ("VOD_NO")
	  REFERENCES "JAVER"."SERIES_VODS" ("VOD_NO") ENABLE;
  ALTER TABLE "JAVER"."SERIES_LIKES" ADD FOREIGN KEY ("USER_ID")
	  REFERENCES "JAVER"."USERS" ("USER_ID") ENABLE;
--------------------------------------------------------
--  Ref Constraints for Table SERIES_ORDERS
--------------------------------------------------------

  ALTER TABLE "JAVER"."SERIES_ORDERS" ADD FOREIGN KEY ("EPISODE_NO")
	  REFERENCES "JAVER"."SERIES_EPISODES" ("EPISODE_NO") ENABLE;
  ALTER TABLE "JAVER"."SERIES_ORDERS" ADD FOREIGN KEY ("USER_ID")
	  REFERENCES "JAVER"."USERS" ("USER_ID") ENABLE;
--------------------------------------------------------
--  Ref Constraints for Table SERIES_REVIEWS
--------------------------------------------------------

  ALTER TABLE "JAVER"."SERIES_REVIEWS" ADD CONSTRAINT "FK_USER_ID" FOREIGN KEY ("USER_ID")
	  REFERENCES "JAVER"."USERS" ("USER_ID") ENABLE;
  ALTER TABLE "JAVER"."SERIES_REVIEWS" ADD CONSTRAINT "FK_VOD_NO" FOREIGN KEY ("VOD_NO")
	  REFERENCES "JAVER"."SERIES_VODS" ("VOD_NO") ENABLE;
--------------------------------------------------------
--  Ref Constraints for Table SERIES_REVIEW_REPUTATIONS
--------------------------------------------------------

  ALTER TABLE "JAVER"."SERIES_REVIEW_REPUTATIONS" ADD CONSTRAINT "FK_REPUTATIONS" FOREIGN KEY ("REVIEW_NO")
	  REFERENCES "JAVER"."SERIES_REVIEWS" ("REVIEW_NO") ENABLE;
  ALTER TABLE "JAVER"."SERIES_REVIEW_REPUTATIONS" ADD CONSTRAINT "FK_REPUTATIONS_USER_ID" FOREIGN KEY ("USER_ID")
	  REFERENCES "JAVER"."USERS" ("USER_ID") ENABLE;
--------------------------------------------------------
--  Ref Constraints for Table SERIES_VODS
--------------------------------------------------------

  ALTER TABLE "JAVER"."SERIES_VODS" ADD FOREIGN KEY ("CATEGORY_NO")
	  REFERENCES "JAVER"."SERIES_CATEGORIES" ("CATEGORY_NO") ENABLE;
--------------------------------------------------------
--  Ref Constraints for Table TV
--------------------------------------------------------

  ALTER TABLE "JAVER"."TV" ADD FOREIGN KEY ("PLAYLIST_NO")
	  REFERENCES "JAVER"."TV_PLAYLIST" ("PLAYLIST_NO") ENABLE;
--------------------------------------------------------
--  Ref Constraints for Table TV_CHANNEL
--------------------------------------------------------

  ALTER TABLE "JAVER"."TV_CHANNEL" ADD FOREIGN KEY ("USER_ID")
	  REFERENCES "JAVER"."USERS" ("USER_ID") ENABLE;
--------------------------------------------------------
--  Ref Constraints for Table TV_COMMENTS
--------------------------------------------------------

  ALTER TABLE "JAVER"."TV_COMMENTS" ADD FOREIGN KEY ("TV_NO")
	  REFERENCES "JAVER"."TV" ("TV_NO") ENABLE;
  ALTER TABLE "JAVER"."TV_COMMENTS" ADD FOREIGN KEY ("USER_ID")
	  REFERENCES "JAVER"."USERS" ("USER_ID") ENABLE;
--------------------------------------------------------
--  Ref Constraints for Table TV_COMMENT_LIKES
--------------------------------------------------------

  ALTER TABLE "JAVER"."TV_COMMENT_LIKES" ADD FOREIGN KEY ("COMMENT_NO")
	  REFERENCES "JAVER"."TV_COMMENTS" ("COMMENT_NO") ENABLE;
  ALTER TABLE "JAVER"."TV_COMMENT_LIKES" ADD FOREIGN KEY ("USER_ID")
	  REFERENCES "JAVER"."USERS" ("USER_ID") ENABLE;
--------------------------------------------------------
--  Ref Constraints for Table TV_HISTORY
--------------------------------------------------------

  ALTER TABLE "JAVER"."TV_HISTORY" ADD FOREIGN KEY ("TV_NO")
	  REFERENCES "JAVER"."TV" ("TV_NO") ENABLE;
  ALTER TABLE "JAVER"."TV_HISTORY" ADD FOREIGN KEY ("USER_ID")
	  REFERENCES "JAVER"."USERS" ("USER_ID") ENABLE;
--------------------------------------------------------
--  Ref Constraints for Table TV_LATER
--------------------------------------------------------

  ALTER TABLE "JAVER"."TV_LATER" ADD FOREIGN KEY ("TV_NO")
	  REFERENCES "JAVER"."TV" ("TV_NO") ENABLE;
  ALTER TABLE "JAVER"."TV_LATER" ADD FOREIGN KEY ("USER_ID")
	  REFERENCES "JAVER"."USERS" ("USER_ID") ENABLE;
--------------------------------------------------------
--  Ref Constraints for Table TV_LIKES
--------------------------------------------------------

  ALTER TABLE "JAVER"."TV_LIKES" ADD FOREIGN KEY ("TV_NO")
	  REFERENCES "JAVER"."TV" ("TV_NO") ENABLE;
  ALTER TABLE "JAVER"."TV_LIKES" ADD FOREIGN KEY ("USER_ID")
	  REFERENCES "JAVER"."USERS" ("USER_ID") ENABLE;
--------------------------------------------------------
--  Ref Constraints for Table TV_PLAYLIST
--------------------------------------------------------

  ALTER TABLE "JAVER"."TV_PLAYLIST" ADD FOREIGN KEY ("CHANNEL_NO")
	  REFERENCES "JAVER"."TV_CHANNEL" ("CHANNEL_NO") ENABLE;
--------------------------------------------------------
--  Ref Constraints for Table VOTE_ITEMS
--------------------------------------------------------

  ALTER TABLE "JAVER"."VOTE_ITEMS" ADD FOREIGN KEY ("CAL_NO")
	  REFERENCES "JAVER"."BAND_CALENDAR" ("CAL_NO") ENABLE;
  ALTER TABLE "JAVER"."VOTE_ITEMS" ADD FOREIGN KEY ("VOTE_NO")
	  REFERENCES "JAVER"."BAND_VOTE" ("VOTE_NO") ENABLE;
--------------------------------------------------------
--  Ref Constraints for Table WRITE_CONTENTS
--------------------------------------------------------

  ALTER TABLE "JAVER"."WRITE_CONTENTS" ADD FOREIGN KEY ("WRITE_NO")
	  REFERENCES "JAVER"."BAND_WRITE" ("WRITE_NO") ENABLE;
